"Time (s)","Magnetic Field x (µT)","Magnetic Field y (µT)","Magnetic Field z (µT)","Absolute field (µT)"
-2.363333479E-4,4.426466370E1,-2.777501678E1,-2.753448486E1,5.906741797E1
9.806666523E-3,4.426466370E1,-2.777501678E1,-2.753448486E1,5.906741797E1
1.985066663E-2,4.401824188E1,-2.822458649E1,-2.820275879E1,5.941067668E1
2.989466675E-2,4.390038300E1,-2.819881821E1,-2.842163086E1,5.941553733E1
3.993766662E-2,4.393761444E1,-2.763909912E1,-2.875048828E1,5.933821989E1
4.998166673E-2,4.397773743E1,-2.759535217E1,-2.957135010E1,5.974955730E1
6.002566684E-2,4.099744415E1,-2.735214615E1,-2.978021240E1,5.758290872E1
7.006866671E-2,4.071024323E1,-2.768614578E1,-3.064019775E1,5.798851861E1
8.011266682E-2,4.053402710E1,-2.756952286E1,-3.102752686E1,5.801545799E1
9.015666647E-2,4.041374207E1,-2.731752014E1,-3.067260742E1,5.762227261E1
1.001996668E-1,4.020890808E1,-2.758871078E1,-3.128234863E1,5.793512396E1
1.102436665E-1,3.998867035E1,-2.765437698E1,-3.129589844E1,5.782120356E1
1.202866668E-1,3.955218506E1,-2.771216965E1,-3.165863037E1,5.774606971E1
1.303306664E-1,3.949669647E1,-2.787050247E1,-3.211267090E1,5.803427929E1
1.403746665E-1,4.257460785E1,-2.776165390E1,-3.208984375E1,6.010877417E1
1.504176669E-1,4.219537354E1,-2.782959366E1,-3.270440674E1,6.020393717E1
1.604616665E-1,4.187779999E1,-2.775401306E1,-3.279516602E1,5.999631894E1
1.705056666E-1,4.177404022E1,-2.752556992E1,-3.308758545E1,5.997929432E1
1.805486665E-1,4.178029633E1,-2.734492874E1,-3.393560791E1,6.037353537E1
1.905926666E-1,4.188888550E1,-2.676571655E1,-3.387951660E1,6.015732670E1
2.006366667E-1,4.462804794E1,-2.691033173E1,-3.456030273E1,6.253193698E1
2.106796666E-1,4.439880753E1,-2.690347290E1,-3.527960205E1,6.276703980E1
2.207236667E-1,4.429272842E1,-2.661519241E1,-3.519982910E1,6.252393324E1
2.307666666E-1,4.411073685E1,-2.666707230E1,-3.555920410E1,6.262065830E1
2.408106667E-1,4.388224411E1,-2.633155441E1,-3.547290039E1,6.226820030E1
2.508551665E-1,4.367274857E1,-2.629922485E1,-3.601776123E1,6.241984716E1
2.608981668E-1,4.335510635E1,-2.626236343E1,-3.644616699E1,6.243156308E1
2.709421664E-1,4.254752350E1,-2.608985901E1,-3.632940674E1,6.173166362E1
2.809861666E-1,4.230484772E1,-2.621448135E1,-3.707324219E1,6.205904011E1
2.910291664E-1,4.222022247E1,-2.594019699E1,-3.700781250E1,6.184673954E1
3.010731665E-1,4.200917053E1,-2.614588547E1,-3.705218506E1,6.181619653E1
3.111171667E-1,4.065183258E1,-2.644462204E1,-3.764770508E1,6.139413021E1
3.211601665E-1,4.072902679E1,-2.620619583E1,-3.747576904E1,6.123766479E1
3.312041666E-1,4.058770752E1,-2.649988937E1,-3.771600342E1,6.141744909E1
3.412471665E-1,4.051229095E1,-2.620438385E1,-3.777441406E1,6.127660083E1
3.512911666E-1,4.072821808E1,-2.585869980E1,-3.757659912E1,6.115113167E1
3.613351667E-1,4.056194305E1,-2.590917969E1,-3.797570801E1,6.130832908E1
3.713781666E-1,4.045980072E1,-2.565370178E1,-3.792492676E1,6.110161994E1
3.814221667E-1,4.046849823E1,-2.556827164E1,-3.828234863E1,6.129416025E1
3.914661668E-1,4.043553925E1,-2.565827179E1,-3.874407959E1,6.159937864E1
4.015091667E-1,4.037666321E1,-2.546202850E1,-3.830871582E1,6.120578024E1
4.115531668E-1,4.013937378E1,-2.565391541E1,-3.862371826E1,6.132767985E1
4.215971665E-1,4.013377380E1,-2.575676727E1,-3.813702393E1,6.106196405E1
4.316401668E-1,4.024017334E1,-2.575379181E1,-3.801434326E1,6.105423521E1
4.416841664E-1,3.990068054E1,-2.601832581E1,-3.853851318E1,6.127180905E1
4.517271668E-1,3.991999054E1,-2.560024261E1,-3.816644287E1,6.087409488E1
4.617711669E-1,3.978652954E1,-2.607105637E1,-3.862982178E1,6.127749214E1
4.718151665E-1,3.969261932E1,-2.588951492E1,-3.888061523E1,6.129823205E1
4.818581669E-1,3.980303955E1,-2.547108078E1,-3.873583984E1,6.110256297E1
4.919021665E-1,3.980303955E1,-2.547108078E1,-3.873583984E1,6.110256297E1
5.019461666E-1,3.958876801E1,-2.568719864E1,-3.920336914E1,6.135150266E1
5.119891665E-1,3.941390991E1,-2.547268677E1,-3.910137939E1,6.108381075E1
5.220331666E-1,3.951960373E1,-2.555881882E1,-3.946398926E1,6.142034473E1
5.320771667E-1,3.923839569E1,-2.540293503E1,-3.995330811E1,6.149168751E1
5.421201666E-1,3.906143570E1,-2.505590057E1,-3.989013672E1,6.119490926E1
5.521641667E-1,3.868078613E1,-2.495437241E1,-4.036029053E1,6.121990664E1
5.622071666E-1,3.831859970E1,-2.487455368E1,-4.034588623E1,6.094956144E1
5.722511667E-1,3.679536057E1,-2.469943237E1,-4.016381836E1,5.980880223E1
5.822951668E-1,3.646597672E1,-2.458132553E1,-4.115899658E1,6.023347925E1
5.923381667E-1,3.646036530E1,-2.408404541E1,-4.081427002E1,5.979301061E1
6.023821668E-1,3.641485214E1,-2.411404800E1,-4.150689697E1,6.025239633E1
6.124261664E-1,3.633893585E1,-2.380399323E1,-4.192993164E1,6.037605088E1
6.224691668E-1,3.633387756E1,-2.345889664E1,-4.174749756E1,6.011093114E1
6.325131669E-1,3.741987610E1,-2.313610840E1,-4.233374023E1,6.105466568E1
6.425571665E-1,3.718397141E1,-2.240355301E1,-4.214202881E1,6.050221078E1
6.526001669E-1,3.726705551E1,-2.229010773E1,-4.292370605E1,6.105838903E1
6.626441665E-1,3.730288315E1,-2.199554062E1,-4.314514160E1,6.112947032E1
6.726871668E-1,3.734967041E1,-2.160663223E1,-4.269464111E1,6.070153883E1
6.827311665E-1,3.749496078E1,-2.176900864E1,-4.341754150E1,6.135833058E1
6.927751666E-1,3.754915237E1,-2.150702286E1,-4.298217773E1,6.099146235E1
7.028181665E-1,3.752618408E1,-2.159448624E1,-4.260455322E1,6.074277145E1
7.128621666E-1,3.743733978E1,-2.170897675E1,-4.300201416E1,6.100825602E1
7.229061667E-1,3.743280411E1,-2.164340591E1,-4.268994141E1,6.076251262E1
7.329491666E-1,3.749736786E1,-2.196452332E1,-4.302758789E1,6.115444547E1
7.429931667E-1,3.749215698E1,-2.191108322E1,-4.299743652E1,6.111085788E1
7.530371668E-1,3.754876709E1,-2.175382614E1,-4.262359619E1,6.082688397E1
7.630801667E-1,3.749958038E1,-2.214101410E1,-4.329180908E1,6.140540504E1
7.731241668E-1,3.747099686E1,-2.210801315E1,-4.301159668E1,6.117873242E1
7.831671666E-1,3.723042679E1,-2.204491425E1,-4.323028564E1,6.116322849E1
7.932111667E-1,3.701295471E1,-2.202795029E1,-4.335449219E1,6.111302155E1
8.032551669E-1,3.710714722E1,-2.183052063E1,-4.301593018E1,6.085952887E1
8.132981667E-1,3.709734344E1,-2.203790665E1,-4.345428467E1,6.123852608E1
8.233421668E-1,3.706123734E1,-2.194401932E1,-4.302484131E1,6.087866840E1
8.333861665E-1,3.698985672E1,-2.181320572E1,-4.316711426E1,6.088895793E1
8.434291668E-1,3.703546143E1,-2.178657532E1,-4.371551514E1,6.129703525E1
8.534731665E-1,3.710642624E1,-2.166651535E1,-4.329718018E1,6.099975874E1
8.635161668E-1,3.690787888E1,-2.156338882E1,-4.355822754E1,6.102860352E1
8.735601665E-1,3.691422272E1,-2.128257751E1,-4.361926270E1,6.097743864E1
8.836041666E-1,3.677726746E1,-2.108194351E1,-4.324029541E1,6.055360345E1
8.936471664E-1,3.693924332E1,-2.118568039E1,-4.380773926E1,6.109385214E1
9.036911665E-1,3.687976074E1,-2.100606537E1,-4.362298584E1,6.086326009E1
9.137351667E-1,3.668656158E1,-2.136058426E1,-4.375012207E1,6.096106579E1
9.237781665E-1,3.666671371E1,-2.151403427E1,-4.407843018E1,6.123895469E1
9.338221666E-1,3.652091599E1,-2.155171204E1,-4.374096680E1,6.092229290E1
9.438661668E-1,3.620277405E1,-2.179389954E1,-4.385803223E1,6.090272487E1
9.539091666E-1,3.625067520E1,-2.184247971E1,-4.350952148E1,6.069830172E1
9.639531667E-1,3.594921875E1,-2.168069077E1,-4.357171631E1,6.050531500E1
9.739961666E-1,3.579469299E1,-2.188816833E1,-4.437976074E1,6.107303106E1
9.840401667E-1,3.579469299E1,-2.188816833E1,-4.437976074E1,6.107303106E1
9.940841668E-1,3.558232498E1,-2.170477295E1,-4.403173828E1,6.062996780E1
1.004127167E0,3.565137863E1,-2.152744675E1,-4.442272949E1,6.089195889E1
1.014171167E0,3.586152649E1,-2.102385712E1,-4.437615967E1,6.080538790E1
1.024215166E0,3.583781815E1,-2.074782562E1,-4.407519531E1,6.047680811E1
1.034258167E0,3.572235870E1,-2.115613937E1,-4.469641113E1,6.100359262E1
1.044302166E0,3.565913010E1,-2.113212204E1,-4.473577881E1,6.098713017E1
1.054346167E0,3.571273422E1,-2.092693329E1,-4.501654053E1,6.115410733E1
1.064389166E0,3.532148743E1,-2.068426132E1,-4.472534180E1,6.062839549E1
1.074433167E0,3.523305893E1,-2.040032959E1,-4.414141846E1,6.005003507E1
1.084476167E0,3.486224747E1,-2.057292175E1,-4.484973145E1,6.041622149E1
1.094520167E0,3.495967102E1,-2.043409348E1,-4.453942871E1,6.019544405E1
1.104564167E0,3.508231354E1,-2.002971268E1,-4.429156494E1,5.994748400E1
1.114607166E0,3.486108780E1,-2.002613068E1,-4.489971924E1,6.026878247E1
1.124651167E0,3.505150604E1,-1.958119965E1,-4.494641113E1,6.026782997E1
1.134695167E0,3.506586838E1,-1.922883606E1,-4.527355957E1,6.040743710E1
1.144738167E0,3.496459579E1,-1.915144348E1,-4.527825928E1,6.032761813E1
1.154782167E0,3.497194672E1,-1.881312561E1,-4.517675781E1,6.014906648E1
1.164825167E0,3.579483795E1,-1.828708649E1,-4.553485107E1,6.073804918E1
1.174869167E0,3.572231293E1,-1.771907806E1,-4.554107666E1,6.053130621E1
1.184913167E0,3.566236115E1,-1.757517624E1,-4.608850098E1,6.086740297E1
1.194956167E0,3.574514771E1,-1.733135986E1,-4.649584961E1,6.115517681E1
1.205000167E0,3.563096619E1,-1.664300919E1,-4.603857422E1,6.054837588E1
1.215044166E0,3.556967926E1,-1.667006683E1,-4.638677979E1,6.078508493E1
1.225087167E0,3.555976868E1,-1.627564621E1,-4.597662354E1,6.035928859E1
1.235131167E0,3.393416214E1,-1.569429779E1,-4.600433350E1,5.928100070E1
1.245175167E0,3.398882294E1,-1.537776566E1,-4.664508057E1,5.972837937E1
1.255218167E0,3.395363998E1,-1.490409088E1,-4.640881348E1,5.940336322E1
1.265262167E0,3.374204254E1,-1.456230164E1,-4.657531738E1,5.932829218E1
1.275305167E0,3.371169662E1,-1.428172302E1,-4.705310059E1,5.961912761E1
1.285349166E0,3.379571533E1,-1.346051788E1,-4.655029297E1,5.907847063E1
1.295393167E0,3.557302856E1,-1.324676514E1,-4.722070312E1,6.058640071E1
1.305436166E0,3.553488159E1,-1.297629929E1,-4.713720703E1,6.044028822E1
1.315480167E0,3.514341736E1,-1.276987076E1,-4.752368164E1,6.047007276E1
1.325524167E0,3.501647949E1,-1.240430069E1,-4.759014893E1,6.037253338E1
1.335567167E0,3.495741272E1,-1.189172745E1,-4.726751709E1,5.998043062E1
1.345611167E0,3.482332611E1,-1.165305710E1,-4.786517334E1,6.032853885E1
1.355654167E0,3.463885880E1,-1.148823547E1,-4.793853760E1,6.024892928E1
1.365698167E0,3.460175323E1,-1.118495178E1,-4.779876709E1,6.005919254E1
1.375742167E0,3.436411667E1,-1.097274780E1,-4.828033447E1,6.026843623E1
1.385785167E0,3.443607712E1,-1.061753845E1,-4.811352539E1,6.011228540E1
1.395829167E0,3.428903961E1,-1.041363525E1,-4.854687500E1,6.034054283E1
1.405873167E0,3.402863312E1,-1.017910767E1,-4.855493164E1,6.015931758E1
1.415916167E0,3.399673080E1,-9.944221497E0,-4.846997070E1,6.003335162E1
1.425960167E0,3.362567902E1,-9.959709167E0,-4.891827393E1,6.019036152E1
1.436004166E0,3.310279846E1,-9.675094604E0,-4.889221191E1,5.983185696E1
1.446047167E0,3.279640579E1,-9.585472107E0,-4.925201416E1,5.994369364E1
1.456091166E0,3.258258820E1,-9.400596619E0,-4.944018555E1,5.995271651E1
1.466134167E0,3.251968384E1,-9.137397766E0,-4.890502930E1,5.943672068E1
1.476178166E0,3.251968384E1,-9.137397766E0,-4.890502930E1,5.943672068E1
1.486222167E0,3.235178375E1,-9.362182617E0,-4.932818604E1,5.972904078E1
1.496265166E0,3.238225174E1,-9.190269470E0,-4.911346436E1,5.954161286E1
1.506309167E0,3.238998413E1,-8.848716736E0,-4.902117920E1,5.941790025E1
1.516353167E0,3.199721146E1,-8.865966797E0,-4.959033203E1,5.967937616E1
1.526396167E0,3.202783585E1,-8.593109131E0,-4.919708252E1,5.932939172E1
1.536440167E0,3.200159836E1,-8.452903748E0,-4.975335693E1,5.975742971E1
1.546483167E0,3.188385773E1,-8.095108032E0,-4.983264160E1,5.971099837E1
1.556527167E0,3.184092331E1,-7.707023621E0,-4.975164795E1,5.956902789E1
1.566571167E0,3.170817566E1,-7.518951416E0,-5.031427002E1,5.994554864E1
1.576614167E0,3.163995743E1,-7.363876343E0,-4.966937256E1,5.934947473E1
1.586658167E0,3.165647888E1,-6.970283508E0,-4.993347168E1,5.953208464E1
1.596702167E0,3.170470428E1,-6.787727356E0,-4.982659912E1,5.944704784E1
1.606745167E0,3.186174393E1,-6.286506653E0,-4.954711914E1,5.924194382E1
1.616789167E0,3.186273193E1,-6.431877136E0,-4.976147461E1,5.943742159E1
1.626833166E0,3.182774353E1,-6.303352356E0,-4.943292236E1,5.912995284E1
1.636876167E0,3.198716736E1,-6.124687195E0,-4.946459961E1,5.922362099E1
1.646920166E0,3.215043640E1,-6.113204956E0,-4.985943604E1,5.964046611E1
1.656963167E0,3.258542633E1,-5.640876770E0,-4.947076416E1,5.950618461E1
1.667007166E0,3.240926743E1,-5.752883911E0,-4.962500000E1,5.954911346E1
1.677051167E0,3.259288406E1,-5.648841858E0,-4.967218018E1,5.967856390E1
1.687094167E0,3.264251328E1,-5.305694580E0,-4.931616211E1,5.937817708E1
1.697138167E0,3.236485291E1,-5.408424377E0,-4.984643555E1,5.967748231E1
1.707182167E0,3.216987991E1,-5.177818298E0,-4.982885742E1,5.953676182E1
1.717225167E0,3.214750671E1,-5.172248840E0,-5.021325684E1,5.984634916E1
1.727269167E0,3.195958328E1,-5.142974854E0,-5.051605225E1,5.999780570E1
1.737312166E0,3.175889969E1,-4.703170776E0,-5.013104248E1,5.953040353E1
1.747356167E0,3.142501831E1,-4.817626953E0,-5.063946533E1,5.979211281E1
1.757400167E0,3.120494843E1,-4.701721191E0,-5.055303955E1,5.959416747E1
1.767443167E0,3.117413712E1,-4.537216187E0,-5.029205322E1,5.934394470E1
1.777487167E0,3.103117752E1,-4.604545593E0,-5.073089600E1,5.964695824E1
1.787531167E0,3.193234825E1,-4.216400146E0,-5.020324707E1,5.964745520E1
1.797574167E0,3.166682243E1,-4.334442139E0,-5.069061279E1,5.992589805E1
1.807618167E0,3.185118294E1,-4.196128845E0,-5.053466797E1,5.988203419E1
1.817662166E0,3.202347565E1,-3.788406372E0,-5.025994873E1,5.971530341E1
1.827705167E0,3.202832794E1,-3.877395630E0,-5.077429199E1,6.015710029E1
1.837749167E0,3.200952148E1,-3.638954163E0,-5.015991211E1,5.961432912E1
1.847792167E0,3.189157295E1,-3.677680969E0,-5.069140625E1,6.000180356E1
1.857836167E0,3.175806618E1,-3.601730347E0,-5.077679443E1,5.999858400E1
1.867880167E0,3.171604347E1,-3.186973572E0,-5.039868164E1,5.963297180E1
1.877923167E0,3.154629326E1,-3.413436890E0,-5.056243896E1,5.969405669E1
1.887967166E0,3.143543053E1,-3.327415466E0,-5.025378418E1,5.936919075E1
1.898010167E0,3.162593269E1,-3.187080383E0,-5.054205322E1,5.970641711E1
1.908054166E0,3.144833946E1,-3.199523926E0,-5.109857178E1,6.008576409E1
1.918098167E0,3.142931938E1,-2.967475891E0,-5.057446289E1,5.961865754E1
1.928141166E0,3.114201164E1,-3.192771912E0,-5.106164551E1,5.989415934E1
1.938185167E0,3.117874336E1,-3.280426025E0,-5.095568848E1,5.982773120E1
1.948229167E0,3.101909447E1,-3.156982422E0,-5.059045410E1,5.942680208E1
1.958272167E0,3.091388893E1,-3.504516602E0,-5.102441406E1,5.976153442E1
1.968316167E0,3.091388893E1,-3.504516602E0,-5.102441406E1,5.976153442E1
1.978360167E0,3.108116722E1,-3.426284790E0,-5.076361084E1,5.962149418E1
1.988403167E0,3.100098228E1,-3.492675781E0,-5.111383057E1,5.988224580E1
1.998447167E0,3.097573662E1,-3.687507629E0,-5.115539551E1,5.991634553E1
2.008490167E0,3.099219704E1,-3.237663269E0,-5.058703613E1,5.941419835E1
2.018534167E0,3.087321281E1,-3.420677185E0,-5.094671631E1,5.966929030E1
2.028578167E0,3.094628334E1,-3.582756042E0,-5.097253418E1,5.973866281E1
2.038621167E0,3.110593987E1,-3.615203857E0,-5.084533691E1,5.971513610E1
2.048665167E0,3.115099907E1,-3.909904480E0,-5.127069092E1,6.011951300E1
2.058709166E0,3.124795341E1,-3.999420166E0,-5.053887939E1,5.955340700E1
2.068752167E0,3.136628914E1,-4.201423645E0,-5.092175293E1,5.995432408E1
2.078796166E0,3.144325066E1,-4.379478455E0,-5.060968018E1,5.974276166E1
2.088839167E0,3.137923622E1,-4.490829468E0,-5.030572510E1,5.945998648E1
2.098883166E0,3.143964195E1,-4.835861206E0,-5.066540527E1,5.982323906E1
2.108927167E0,3.151933861E1,-5.124351501E0,-5.035174561E1,5.962403853E1
2.118970166E0,3.148407936E1,-5.329765320E0,-5.058013916E1,5.981642023E1
2.129014167E0,3.164324379E1,-5.556739807E0,-5.044879150E1,5.981013960E1
2.139058167E0,3.175173378E1,-5.417793274E0,-4.993646240E1,5.942369358E1
2.149101167E0,3.192647362E1,-5.742149353E0,-5.034552002E1,5.989109602E1
2.159145167E0,3.201245880E1,-5.817337036E0,-5.030932617E1,5.991383170E1
2.169188167E0,3.208777618E1,-6.080703735E0,-5.026367188E1,5.994194732E1
2.179232167E0,3.206967545E1,-6.115844727E0,-5.038085938E1,6.003414554E1
2.189276167E0,3.205677414E1,-6.282562256E0,-4.992327881E1,5.966105198E1
2.199319167E0,3.188256073E1,-6.925811768E0,-5.044030762E1,6.007236619E1
2.209363167E0,3.198754883E1,-7.069664001E0,-5.019879150E1,5.994248992E1
2.219407167E0,3.217964172E1,-7.044509888E0,-5.004119873E1,5.991056694E1
2.229450167E0,3.195101929E1,-7.571548462E0,-5.034936523E1,6.011035318E1
2.239494167E0,3.212431335E1,-7.775695801E0,-5.008996582E1,6.001197905E1
2.249539958E0,3.215283966E1,-8.057800293E0,-5.013916016E1,6.010547916E1
2.259583958E0,3.217209625E1,-8.270133972E0,-5.030499268E1,6.028292612E1
2.269627959E0,3.239218140E1,-8.301490784E0,-4.961779785E1,5.983388696E1
2.279670958E0,3.253483582E1,-8.772903442E0,-4.998840332E1,6.028532029E1
2.289714959E0,3.256272888E1,-8.865440369E0,-4.963610840E1,6.002225089E1
2.299758958E0,3.245874023E1,-9.197677612E0,-4.948669434E1,5.989240359E1
2.309801959E0,3.233732605E1,-9.785568237E0,-5.011566162E1,6.044038006E1
2.319845958E0,3.273448563E1,-9.935081482E0,-4.955291748E1,6.021415136E1
2.329888958E0,3.268331909E1,-1.042050934E1,-4.995178223E1,6.059675659E1
2.339932958E0,3.273758316E1,-1.085474396E1,-4.963684082E1,6.044328568E1
2.349976958E0,3.265317917E1,-1.118740463E1,-4.927423096E1,6.016093391E1
2.360019958E0,3.176791382E1,-1.204980850E1,-4.995898438E1,6.041769901E1
2.370063958E0,3.200955200E1,-1.206223297E1,-4.940502930E1,6.009131221E1
2.380107958E0,3.168104935E1,-1.271810913E1,-4.972155762E1,6.031312029E1
2.390150958E0,3.157447815E1,-1.338627243E1,-4.965612793E1,6.034791629E1
2.400194958E0,3.193255806E1,-1.348253250E1,-4.905645752E1,6.006665440E1
2.410238958E0,3.207997131E1,-1.413653564E1,-4.932098389E1,6.051054165E1
2.420281958E0,3.211499023E1,-1.455904388E1,-4.901928711E1,6.038401167E1
2.430325958E0,3.232272339E1,-1.511219025E1,-4.929376221E1,6.085237657E1
2.440368958E0,3.187677574E1,-1.554937744E1,-4.910247803E1,6.057198460E1
2.450412958E0,3.187677574E1,-1.554937744E1,-4.910247803E1,6.057198460E1
2.460456959E0,3.214028168E1,-1.578392410E1,-4.845819092E1,6.025218862E1
2.470499958E0,3.207051086E1,-1.659440613E1,-4.893750000E1,6.081752123E1
2.480543958E0,3.146573067E1,-1.647522736E1,-4.831347656E1,5.996430055E1
2.490586958E0,3.126981163E1,-1.701371765E1,-4.819989014E1,5.992075698E1
2.500630958E0,3.096609306E1,-1.788745499E1,-4.861865234E1,6.035423201E1
2.510674958E0,3.115458107E1,-1.793338776E1,-4.805572510E1,6.001305719E1
2.520717958E0,3.177322578E1,-1.875311661E1,-4.837164307E1,6.083611684E1
2.530761958E0,3.176423073E1,-1.920634460E1,-4.838800049E1,6.098564272E1
2.540805958E0,3.208563232E1,-1.931940079E1,-4.766302490E1,6.061757989E1
2.550848959E0,3.207510376E1,-1.973840714E1,-4.766351318E1,6.074724262E1
2.560892958E0,3.195695877E1,-2.009358215E1,-4.759338379E1,6.074643560E1
2.570936958E0,3.170912933E1,-2.055529022E1,-4.735345459E1,6.058331867E1
2.580979958E0,3.155560303E1,-2.106161880E1,-4.750897217E1,6.079843999E1
2.591023958E0,3.151736450E1,-2.138949585E1,-4.698535156E1,6.048535409E1
2.601066958E0,3.143087959E1,-2.197746658E1,-4.733422852E1,6.092157597E1
2.611110958E0,3.142609978E1,-2.238583755E1,-4.694995117E1,6.077025082E1
2.621154958E0,3.138921928E1,-2.251924515E1,-4.684375000E1,6.071850133E1
2.631197958E0,3.119570732E1,-2.310446548E1,-4.702825928E1,6.098069901E1
2.641241958E0,3.086496544E1,-2.303086853E1,-4.669573975E1,6.052734182E1
2.651284958E0,3.053880501E1,-2.355850983E1,-4.720001221E1,6.095459908E1
2.661328958E0,3.048214149E1,-2.407260895E1,-4.679278564E1,6.081296112E1
2.671372958E0,3.033141136E1,-2.430541611E1,-4.663067627E1,6.070558242E1
2.681415958E0,2.994961357E1,-2.511651611E1,-4.698010254E1,6.111422723E1
2.691459958E0,3.035349655E1,-2.558007431E1,-4.648632812E1,6.112817400E1
2.701503959E0,2.997538757E1,-2.591784668E1,-4.652764893E1,6.111530701E1
2.711546958E0,2.955251503E1,-2.646097565E1,-4.670373535E1,6.127620478E1
2.721590959E0,2.938546944E1,-2.684004974E1,-4.642675781E1,6.115012613E1
2.731633958E0,2.927393913E1,-2.744810867E1,-4.653125000E1,6.144525538E1
2.741677959E0,2.913762093E1,-2.777989578E1,-4.630114746E1,6.135568286E1
2.751721958E0,2.932281113E1,-2.790421677E1,-4.597235107E1,6.125299690E1
2.761764959E0,2.918583679E1,-2.866151047E1,-4.656127930E1,6.197780233E1
2.771808958E0,2.883422852E1,-2.872232056E1,-4.608868408E1,6.148618733E1
2.781852958E0,2.848176956E1,-2.931591415E1,-4.635919189E1,6.180460091E1
2.791895958E0,2.818617249E1,-2.974383545E1,-4.644409180E1,6.193714337E1
2.801939958E0,2.807983398E1,-2.972805023E1,-4.598760986E1,6.153937202E1
2.811982958E0,2.740202332E1,-3.011886215E1,-4.617102051E1,6.156118805E1
2.822026958E0,2.698660660E1,-3.029474258E1,-4.578863525E1,6.117718106E1
2.832070958E0,2.645723724E1,-3.076241302E1,-4.627624512E1,6.154512426E1
2.842113958E0,2.642115784E1,-3.098489761E1,-4.621032715E1,6.159168610E1
2.852157958E0,2.595446205E1,-3.124658203E1,-4.582263184E1,6.123476608E1
2.862201958E0,2.548314476E1,-3.181084442E1,-4.615167236E1,6.157351177E1
2.872244958E0,2.526581383E1,-3.213535690E1,-4.616906738E1,6.166543030E1
2.882288958E0,2.510742760E1,-3.218059158E1,-4.606768799E1,6.154839780E1
2.892331958E0,2.488241386E1,-3.257738495E1,-4.657757568E1,6.204749057E1
2.902375958E0,2.480050468E1,-3.252065277E1,-4.624627686E1,6.173634272E1
2.912419959E0,2.426829720E1,-3.328466415E1,-4.690417480E1,6.242452027E1
2.922462958E0,2.367394447E1,-3.354298401E1,-4.687524414E1,6.231272692E1
2.932506958E0,2.343689728E1,-3.351793671E1,-4.653790283E1,6.195576353E1
2.942550958E0,2.343689728E1,-3.351793671E1,-4.653790283E1,6.195576353E1
2.952593958E0,2.262116241E1,-3.409907532E1,-4.724157715E1,6.249984430E1
2.962637958E0,2.194334030E1,-3.446289825E1,-4.726837158E1,6.247800006E1
2.972680958E0,2.120450592E1,-3.459182358E1,-4.755169678E1,6.250911291E1
2.982724958E0,2.052722168E1,-3.493788147E1,-4.782812500E1,6.268613828E1
2.992768958E0,2.036920547E1,-3.479491043E1,-4.728991699E1,6.214440098E1
3.002811959E0,1.960567474E1,-3.523665237E1,-4.788909912E1,6.260487175E1
3.012855958E0,1.907826996E1,-3.548664474E1,-4.775891113E1,6.248356530E1
3.022899958E0,1.864071655E1,-3.546136475E1,-4.756158447E1,6.218592301E1
3.032942958E0,1.827521706E1,-3.558643341E1,-4.797631836E1,6.246683060E1
3.042986958E0,1.820377922E1,-3.520674896E1,-4.773034668E1,6.204094410E1
3.053029958E0,1.781378555E1,-3.573537827E1,-4.828466797E1,6.265586466E1
3.063073958E0,1.737528992E1,-3.579636765E1,-4.854779053E1,6.277076231E1
3.073117958E0,1.703075027E1,-3.582977295E1,-4.823211670E1,6.245123030E1
3.083160958E0,1.638097763E1,-3.634848022E1,-4.867590332E1,6.291972669E1
3.093204958E0,1.610857201E1,-3.667855835E1,-4.824530029E1,6.270894462E1
3.103248958E0,1.545557976E1,-3.676142120E1,-4.823760986E1,6.258709164E1
3.113291958E0,1.502552986E1,-3.741531754E1,-4.803967285E1,6.271748322E1
3.123335958E0,1.484884834E1,-3.780735016E1,-4.774426270E1,6.268491560E1
3.133378958E0,1.482419014E1,-3.846989059E1,-4.799291992E1,6.326934059E1
3.143422958E0,1.473950005E1,-3.907812500E1,-4.717749023E1,6.300847800E1
3.153466959E0,1.485213280E1,-3.953545761E1,-4.628027344E1,6.265382643E1
3.163509958E0,1.414186859E1,-4.054455566E1,-4.646990967E1,6.327168360E1
3.173553959E0,1.351282883E1,-4.096769714E1,-4.579974365E1,6.291713019E1
3.183597958E0,1.273326111E1,-4.154883957E1,-4.623028564E1,6.344825702E1
3.193640959E0,1.224781036E1,-4.173923492E1,-4.614892578E1,6.341841958E1
3.203684958E0,1.183797264E1,-4.161641693E1,-4.577490234E1,6.298734348E1
3.213727959E0,1.149769020E1,-4.190339661E1,-4.622644043E1,6.344269321E1
3.223771958E0,1.105653191E1,-4.172927094E1,-4.622528076E1,6.324836387E1
3.233815958E0,1.062647057E1,-4.175059128E1,-4.641711426E1,6.332915794E1
3.243858958E0,1.045023918E1,-4.177211761E1,-4.688018799E1,6.365429549E1
3.253900167E0,1.012651634E1,-4.139418030E1,-4.644525146E1,6.303321251E1
3.263944167E0,9.749757767E0,-4.166971207E1,-4.715563965E1,6.367948674E1
3.273987167E0,9.593341827E0,-4.167543030E1,-4.683654785E1,6.342346500E1
3.284031167E0,9.363872528E0,-4.152600479E1,-4.678192139E1,6.325060752E1
3.294074167E0,9.205410004E0,-4.192697525E1,-4.733135986E1,6.389732744E1
3.304118167E0,8.956037521E0,-4.156639099E1,-4.684680176E1,6.326609126E1
3.314162167E0,8.648929596E0,-4.200218582E1,-4.707318115E1,6.367787670E1
3.324205167E0,8.344121933E0,-4.230075073E1,-4.707415771E1,6.383536800E1
3.334249167E0,8.280960083E0,-4.188059998E1,-4.641467285E1,6.306251510E1
3.344293167E0,7.499982834E0,-4.233154297E1,-4.702593994E1,6.371536942E1
3.354336167E0,7.325080872E0,-4.245369339E1,-4.677380371E1,6.359057796E1
3.364380167E0,6.710311890E0,-4.263885880E1,-4.714898682E1,6.392282474E1
3.374423167E0,6.274591446E0,-4.281603241E1,-4.728308105E1,6.409581018E1
3.384467167E0,5.873260498E0,-4.261597061E1,-4.676031494E1,6.353851740E1
3.394511166E0,5.396255493E0,-4.296522522E1,-4.709686279E1,6.397847010E1
3.404554167E0,5.784187317E0,-4.285823822E1,-4.679016113E1,6.371502637E1
3.414598166E0,5.439949036E0,-4.277388382E1,-4.682800293E1,6.365579346E1
3.424642167E0,5.038948059E0,-4.309138489E1,-4.725006104E1,6.414691510E1
3.434685166E0,5.038948059E0,-4.309138489E1,-4.725006104E1,6.414691510E1
3.444729167E0,5.311573029E0,-4.302617264E1,-4.691540527E1,6.387894482E1
3.454772166E0,5.318820953E0,-4.315628815E1,-4.737829590E1,6.430752666E1
3.464816167E0,5.261774063E0,-4.308498001E1,-4.774304199E1,6.452441265E1
3.474860167E0,5.462579727E0,-4.304523468E1,-4.738458252E1,6.424975227E1
3.484903167E0,5.018239975E0,-4.291471863E1,-4.793249512E1,6.453200675E1
3.494947167E0,4.584175110E0,-4.280957794E1,-4.751562500E1,6.412027171E1
3.504990167E0,4.340156555E0,-4.266526031E1,-4.776422119E1,6.419176133E1
3.515034167E0,3.763433456E0,-4.275370026E1,-4.803515625E1,6.441598057E1
3.525078167E0,3.483964920E0,-4.232042313E1,-4.743334961E1,6.366379568E1
3.535121167E0,3.148139954E0,-4.260562897E1,-4.785314941E1,6.414884499E1
3.545165167E0,3.108385086E0,-4.275041962E1,-4.778570557E1,6.419294425E1
3.555209167E0,3.248016357E0,-4.270622253E1,-4.739819336E1,6.388239027E1
3.565252167E0,3.274303436E0,-4.284354401E1,-4.774554443E1,6.423338181E1
3.575296167E0,3.355836868E0,-4.278953171E1,-4.760052490E1,6.409380341E1
3.585339167E0,3.236131668E0,-4.276824188E1,-4.805352783E1,6.441068699E1
3.595383167E0,3.308088303E0,-4.256299973E1,-4.829968262E1,6.446248316E1
3.605427166E0,3.316648483E0,-4.221443939E1,-4.845989990E1,6.435387284E1
3.615470167E0,3.135072708E0,-4.232289124E1,-4.876654053E1,6.464697424E1
3.625514166E0,3.067632675E0,-4.231729507E1,-4.848162842E1,6.442539970E1
3.635558167E0,2.971502304E0,-4.231691742E1,-4.872991943E1,6.460771141E1
3.645601167E0,2.846782684E0,-4.235013580E1,-4.864959717E1,6.456331372E1
3.655645167E0,2.969316483E0,-4.221434021E1,-4.810540771E1,6.407025528E1
3.665688167E0,2.765949249E0,-4.261445999E1,-4.811669922E1,6.433396785E1
3.675732167E0,2.763477325E0,-4.296833420E1,-4.749981689E1,6.411042938E1
3.685776167E0,2.721176147E0,-4.295586014E1,-4.702722168E1,6.375084547E1
3.695819166E0,2.607007980E0,-4.331364059E1,-4.761450195E1,6.442056153E1
3.705863167E0,2.839969635E0,-4.323979568E1,-4.707830811E1,6.398525184E1
3.715907167E0,2.462154388E0,-4.339333725E1,-4.766589355E1,6.450644410E1
3.725950167E0,2.294424057E0,-4.316389465E1,-4.769714355E1,6.436927595E1
3.735994167E0,2.493278503E0,-4.287285233E1,-4.716760254E1,6.378934577E1
3.746037167E0,2.157039642E0,-4.289521790E1,-4.765032959E1,6.414987489E1
3.756081167E0,2.145450592E0,-4.251756668E1,-4.752209473E1,6.380200563E1
3.766125167E0,1.915285110E0,-4.250559998E1,-4.804638672E1,6.417826441E1
3.776168167E0,1.744279861E0,-4.248192596E1,-4.790728760E1,6.405360841E1
3.786212167E0,1.618099213E0,-4.232335663E1,-4.754315186E1,6.367288316E1
3.796256167E0,1.481672287E0,-4.254705429E1,-4.787469482E1,6.406585351E1
3.806299167E0,1.226783752E0,-4.246219635E1,-4.771166992E1,6.388228678E1
3.816343167E0,1.051204681E0,-4.229735947E1,-4.746282959E1,6.358373882E1
3.826386167E0,6.143150330E-1,-4.240200424E1,-4.773675537E1,6.385221343E1
3.836430167E0,7.120590210E-1,-4.240259552E1,-4.735363770E1,6.356771301E1
3.846474166E0,8.385906219E-1,-4.265462875E1,-4.760064697E1,6.392137499E1
3.856517167E0,9.551792145E-1,-4.249544144E1,-4.739044189E1,6.366026149E1
3.866561166E0,1.236112595E0,-4.232920837E1,-4.719018555E1,6.340507446E1
3.876605167E0,1.302915573E0,-4.244279099E1,-4.779614258E1,6.393402334E1
3.886648166E0,1.617916107E0,-4.235771561E1,-4.763397217E1,6.376353996E1
3.896692167E0,1.692602158E0,-4.225433731E1,-4.793829346E1,6.392475188E1
3.906735166E0,1.548721313E0,-4.208345413E1,-4.812377930E1,6.394774260E1
3.916779167E0,1.495359421E0,-4.212391663E1,-4.783312988E1,6.375475485E1
3.926823167E0,1.495359421E0,-4.212391663E1,-4.783312988E1,6.375475485E1
3.936866167E0,1.350370407E0,-4.225772476E1,-4.811401367E1,6.405073859E1
3.946910167E0,1.302391052E0,-4.234909058E1,-4.783502197E1,6.390094696E1
3.956953167E0,1.432031631E0,-4.241505432E1,-4.749389648E1,6.369268208E1
3.966997167E0,1.317914963E0,-4.267007446E1,-4.759515381E1,6.393567721E1
3.977041167E0,1.384084702E0,-4.278506470E1,-4.701025391E1,6.358019679E1
3.987084167E0,1.374536514E0,-4.311499023E1,-4.730993652E1,6.402360367E1
3.997128167E0,1.548952103E0,-4.307846451E1,-4.742785645E1,6.409020927E1
4.007172167E0,1.706356049E0,-4.289221191E1,-4.721032715E1,6.380805970E1
4.017215167E0,1.499954224E0,-4.297322845E1,-4.756768799E1,6.412201780E1
4.027259167E0,1.758691788E0,-4.283497238E1,-4.717785645E1,6.374698420E1
4.037302167E0,1.653713226E0,-4.286302948E1,-4.769372559E1,6.414565865E1
4.047346167E0,1.514686584E0,-4.296060181E1,-4.782788086E1,6.430718288E1
4.057390166E0,1.487888336E0,-4.274985504E1,-4.750390625E1,6.392483889E1
4.067433167E0,1.173423767E0,-4.278753281E1,-4.778088379E1,6.414953424E1
4.077477166E0,1.230504990E0,-4.280734634E1,-4.762976074E1,6.405136339E1
4.087521167E0,1.253705978E0,-4.251797867E1,-4.727008057E1,6.359096481E1
4.097564167E0,1.238630295E0,-4.280700684E1,-4.784454346E1,6.421117020E1
4.107608167E0,1.408393860E0,-4.265125275E1,-4.740338135E1,6.378239175E1
4.117651167E0,1.431701660E0,-4.287803268E1,-4.770837402E1,6.416123759E1
4.127695167E0,1.761329651E0,-4.296142578E1,-4.792736816E1,6.438803465E1
4.137739167E0,1.863265991E0,-4.275750732E1,-4.742315674E1,6.387982458E1
4.147782166E0,1.784362793E0,-4.283612823E1,-4.789007568E1,6.427734579E1
4.157826167E0,1.688560486E0,-4.278106689E1,-4.764501953E1,6.405559154E1
4.167870167E0,1.437768936E0,-4.277816010E1,-4.797277832E1,6.429172280E1
4.177913167E0,1.170207977E0,-4.292530823E1,-4.792047119E1,6.434534196E1
4.187957167E0,1.317115784E0,-4.311344147E1,-4.722998047E1,6.396229111E1
4.198000167E0,1.382080078E0,-4.332474136E1,-4.740301514E1,6.423386337E1
4.208044167E0,1.617437363E0,-4.354367447E1,-4.665203857E1,6.383635636E1
4.218088167E0,2.134216309E0,-4.363665009E1,-4.636737061E1,6.370749694E1
4.228131167E0,2.459516525E0,-4.399777222E1,-4.648242188E1,6.405051698E1
4.238175167E0,2.855756760E0,-4.412747955E1,-4.574670410E1,6.362507945E1
4.248219167E0,3.189077377E0,-4.455712128E1,-4.590136719E1,6.405031445E1
4.258261791E0,3.615953445E0,-4.467303848E1,-4.571441650E1,6.402002314E1
4.268305792E0,4.002107620E0,-4.467974091E1,-4.515319824E1,6.364831046E1
4.278348792E0,4.071382523E0,-4.492522430E1,-4.541119385E1,6.400803435E1
4.288392792E0,3.999950409E0,-4.493913651E1,-4.532482910E1,6.395205803E1
4.298436792E0,4.087022781E0,-4.502981567E1,-4.561425781E1,6.422654101E1
4.308479792E0,3.969329834E0,-4.496261597E1,-4.548126221E1,6.407759067E1
4.318523792E0,4.091287613E0,-4.486916351E1,-4.518261719E1,6.380790989E1
4.328567792E0,3.984416962E0,-4.507810211E1,-4.545452881E1,6.414066618E1
4.338610792E0,4.366275787E0,-4.428557587E1,-4.485473633E1,6.318404834E1
4.348654792E0,4.771654129E0,-4.376863098E1,-4.446063232E1,6.257163549E1
4.358697792E0,4.737894058E0,-4.432641602E1,-4.496429443E1,6.331719017E1
4.368741792E0,4.950469971E0,-4.492730713E1,-4.463525391E1,6.352382207E1
4.378785792E0,5.040018082E0,-4.546516037E1,-4.489202881E1,6.409194053E1
4.388828792E0,5.105958939E0,-4.569340515E1,-4.462304688E1,6.407163494E1
4.398872792E0,5.364255905E0,-4.584832764E1,-4.412530518E1,6.385833497E1
4.408915792E0,5.300180435E0,-4.628347015E1,-4.450390625E1,6.442708432E1
4.418959792E0,5.300180435E0,-4.628347015E1,-4.450390625E1,6.442708432E1
4.429003792E0,5.273229599E0,-4.647425461E1,-4.400506592E1,6.421922701E1
4.439046792E0,5.190948486E0,-4.673399353E1,-4.377392578E1,6.424304379E1
4.449090792E0,5.349510193E0,-4.699864960E1,-4.366540527E1,6.437513449E1
4.459134792E0,5.608308792E0,-4.712500763E1,-4.302398682E1,6.405687249E1
4.469177792E0,5.519050598E0,-4.766198349E1,-4.282531738E1,6.431277011E1
4.479221791E0,5.677753448E0,-4.792628479E1,-4.208215332E1,6.403181464E1
4.489264792E0,5.842002869E0,-4.803004074E1,-4.155352783E1,6.377859740E1
4.499308791E0,6.205532074E0,-4.858625793E1,-4.141015625E1,6.413995735E1
4.509352792E0,6.578359604E0,-4.891399384E1,-4.060510254E1,6.391109419E1
4.519395791E0,6.917831421E0,-4.943692017E1,-4.040173340E1,6.421966621E1
4.529439792E0,7.072347641E0,-4.985823059E1,-3.966064453E1,6.410014028E1
4.539483792E0,7.407749176E0,-5.000357819E1,-3.886804199E1,6.376485919E1
4.549526792E0,7.110122681E0,-5.047485733E1,-3.906097412E1,6.421857026E1
4.559570792E0,7.274576187E0,-5.071702576E1,-3.859252930E1,6.414452025E1
4.569613792E0,7.209547043E0,-5.113488770E1,-3.893872070E1,6.467594822E1
4.579657792E0,7.041860580E0,-5.155027390E1,-3.830761719E1,6.461030935E1
4.589701792E0,7.197872162E0,-5.177488327E1,-3.720587158E1,6.416170806E1
4.599744792E0,6.962858200E0,-5.251626587E1,-3.654779053E1,6.435977445E1
4.609788792E0,6.902986526E0,-5.321006775E1,-3.599615479E1,6.461180768E1
4.619832792E0,6.895965576E0,-5.369953537E1,-3.485308838E1,6.438891372E1
4.629875792E0,6.637136459E0,-5.475959778E1,-3.429522705E1,6.495250363E1
4.639919792E0,6.741834641E0,-5.530344391E1,-3.260870361E1,6.455424691E1
4.649962792E0,6.818771362E0,-5.651884079E1,-3.144708252E1,6.503686652E1
4.660006792E0,6.880014420E0,-5.742020798E1,-2.931079102E1,6.483469251E1
4.670050791E0,6.703720093E0,-5.833149719E1,-2.706359863E1,6.465246939E1
4.680093792E0,6.340620041E0,-5.951423264E1,-2.499914551E1,6.486219719E1
4.690137791E0,5.900104523E0,-6.034117508E1,-2.268988037E1,6.473561087E1
4.700181792E0,5.603790283E0,-6.109148407E1,-2.148083496E1,6.499998586E1
4.710224791E0,5.213518143E0,-6.165648651E1,-2.012377930E1,6.506665500E1
4.720268792E0,4.543512344E0,-6.169890213E1,-1.878149414E1,6.465402192E1
4.730311792E0,3.905523300E0,-6.227753448E1,-1.891888428E1,6.520482034E1
4.740355792E0,4.130119324E0,-6.228134918E1,-1.858233643E1,6.512547557E1
4.750399792E0,4.410100937E0,-6.220570755E1,-1.852789307E1,6.505599022E1
4.760442792E0,4.666036606E0,-6.234207153E1,-1.849755859E1,6.519559383E1
4.770486792E0,5.314186096E0,-6.226828384E1,-1.791204834E1,6.501093156E1
4.780530792E0,5.931222916E0,-6.268925095E1,-1.822296143E1,6.555301604E1
4.790573792E0,6.168218613E0,-6.257762146E1,-1.750134277E1,6.527099377E1
4.800617792E0,6.102876663E0,-6.251979446E1,-1.684930420E1,6.503744195E1
4.810660792E0,5.952480316E0,-6.275214386E1,-1.677929688E1,6.522889225E1
4.820704792E0,5.647108078E0,-6.268908310E1,-1.589099121E1,6.491790640E1
4.830748792E0,5.491765976E0,-6.300128937E1,-1.576904297E1,6.517656536E1
4.840791792E0,5.529815674E0,-6.306717682E1,-1.539453125E1,6.515396569E1
4.850835792E0,5.500747681E0,-6.293626022E1,-1.481103516E1,6.488911957E1
4.860879791E0,5.518007278E0,-6.307458496E1,-1.527551270E1,6.513211927E1
4.870922792E0,5.636217117E0,-6.310553741E1,-1.464941406E1,6.502831021E1
4.880966792E0,5.784030914E0,-6.299268723E1,-1.446844482E1,6.489121322E1
4.891009792E0,5.976173401E0,-6.317933655E1,-1.487023926E1,6.518026719E1
4.901053792E0,5.923702240E0,-6.316867065E1,-1.484082031E1,6.515843114E1
4.911097792E0,6.104925156E0,-6.301190186E1,-1.418762207E1,6.487725724E1
4.921140792E0,5.981639862E0,-6.309542465E1,-1.467883301E1,6.505598178E1
4.931184791E0,5.838472366E0,-6.308368683E1,-1.410803223E1,6.490512982E1
4.941228792E0,5.704263687E0,-6.310150146E1,-1.375640869E1,6.483499743E1
4.951271791E0,5.293558121E0,-6.335744476E1,-1.377398682E1,6.505313426E1
4.961315792E0,5.169954300E0,-6.337979126E1,-1.360455322E1,6.502930290E1
4.971358791E0,4.977769852E0,-6.355022812E1,-1.383728027E1,6.522944130E1
4.981402792E0,4.903097153E0,-6.361267471E1,-1.367785645E1,6.525102683E1
4.991446792E0,4.778676987E0,-6.307408142E1,-1.296057129E1,6.456897017E1
5.001489792E0,4.502895355E0,-6.328692627E1,-1.342547607E1,6.485178880E1
5.011533792E0,4.509691238E0,-6.317169189E1,-1.325085449E1,6.470382614E1
5.021577792E0,4.434089661E0,-6.312670135E1,-1.357635498E1,6.472216768E1
5.031620792E0,4.186994553E0,-6.332555771E1,-1.374420166E1,6.493504648E1
5.041664792E0,4.131336212E0,-6.333214569E1,-1.327178955E1,6.483956365E1
5.051707792E0,3.948606491E0,-6.342210388E1,-1.364221191E1,6.499280499E1
5.061751792E0,3.798116684E0,-6.335541153E1,-1.346905518E1,6.488258093E1
5.071795792E0,3.593149185E0,-6.313145065E1,-1.317254639E1,6.459107338E1
5.081838792E0,3.022449493E0,-6.353583145E1,-1.352502441E1,6.502971140E1
5.091882792E0,2.308940887E0,-6.360845947E1,-1.315087891E1,6.499471471E1
5.101925792E0,2.091941833E0,-6.380309296E1,-1.374700928E1,6.530077454E1
5.111969792E0,1.482084274E0,-6.362565613E1,-1.357897949E1,6.507541299E1
5.122013791E0,1.216186523E0,-6.347557068E1,-1.297668457E1,6.479985745E1
5.132056792E0,9.063606262E-1,-6.381461334E1,-1.362872314E1,6.526000659E1
5.142100791E0,8.735694885E-1,-6.375720215E1,-1.328027344E1,6.513147942E1
5.152144792E0,9.303760529E-1,-6.371037292E1,-1.321179199E1,6.507248778E1
5.162187791E0,1.053422928E0,-6.390144730E1,-1.332031250E1,6.528350015E1
5.172231792E0,1.317689896E0,-6.392696381E1,-1.299145508E1,6.524699927E1
5.182274792E0,1.618547440E0,-6.399340439E1,-1.324560547E1,6.536988271E1
5.192318792E0,1.991123199E0,-6.397377014E1,-1.326074219E1,6.536402008E1
5.202362792E0,2.227235794E0,-6.378554535E1,-1.330261230E1,6.519598047E1
5.212405792E0,2.124921799E0,-6.399721146E1,-1.342816162E1,6.542533066E1
5.222449792E0,2.063131332E0,-6.399066925E1,-1.343865967E1,6.541910910E1
5.232493792E0,1.870069504E0,-6.409293365E1,-1.382586670E1,6.559387086E1
5.242536792E0,1.884122849E0,-6.398493576E1,-1.369970703E1,6.546223259E1
5.252581292E0,2.092142105E0,-6.363621521E1,-1.325988770E1,6.503667862E1
5.262624292E0,1.918420792E0,-6.381177521E1,-1.382116699E1,6.531958091E1
5.272668292E0,1.952190399E0,-6.391167450E1,-1.358001709E1,6.536765292E1
5.282712291E0,1.826694489E0,-6.342900848E1,-1.374218750E1,6.492629396E1
5.292755292E0,1.906326294E0,-6.400989532E1,-1.406933594E1,6.556559306E1
5.302799291E0,1.894386292E0,-6.393836975E1,-1.379895020E1,6.543787017E1
5.312843292E0,1.956604004E0,-6.407514954E1,-1.400878906E1,6.561782729E1
5.322886291E0,2.065931320E0,-6.407679749E1,-1.389520264E1,6.559863340E1
5.332930292E0,2.234270096E0,-6.391313171E1,-1.397772217E1,6.546187505E1
5.342973292E0,2.400173187E0,-6.396761322E1,-1.431787109E1,6.559434278E1
5.353017292E0,2.395692825E0,-6.408470154E1,-1.417962646E1,6.567838398E1
5.363061292E0,2.184501648E0,-6.402177429E1,-1.486303711E1,6.576069877E1
5.373104292E0,2.309343338E0,-6.400907898E1,-1.489263916E1,6.575930322E1
5.383148292E0,2.698917389E0,-6.363068008E1,-1.478228760E1,6.538091181E1
5.393192292E0,2.698917389E0,-6.363068008E1,-1.478228760E1,6.538091181E1
5.403235292E0,2.793333054E0,-6.389351654E1,-1.556573486E1,6.582154865E1
5.413279292E0,2.751247406E0,-6.380702972E1,-1.591217041E1,6.581871749E1
5.423323292E0,2.835821152E0,-6.370153809E1,-1.664929199E1,6.590240329E1
5.433366292E0,2.573986053E0,-6.373294067E1,-1.725793457E1,6.607835831E1
5.443410292E0,2.657581329E0,-6.342697144E1,-1.744586182E1,6.583617196E1
5.453453292E0,2.620473862E0,-6.340699005E1,-1.841662598E1,6.607938697E1
5.463497292E0,2.610021591E0,-6.316467667E1,-1.883819580E1,6.596564418E1
5.473541291E0,2.635976791E0,-6.284159088E1,-1.895996094E1,6.569241993E1
5.483584292E0,2.427200317E0,-6.274164581E1,-1.949621582E1,6.574578201E1
5.493628292E0,2.565807343E0,-6.268239212E1,-1.991760254E1,6.582079109E1
5.503671292E0,2.522687912E0,-6.257958984E1,-2.072784424E1,6.597130093E1
5.513715292E0,2.532823563E0,-6.225498962E1,-2.119519043E1,6.581287887E1
5.523759292E0,2.855997086E0,-6.182973480E1,-2.122717285E1,6.543443812E1
5.533802292E0,2.925008774E0,-6.189603424E1,-2.230310059E1,6.585668551E1
5.543846291E0,3.106283188E0,-6.157505417E1,-2.286328125E1,6.575610938E1
5.553890292E0,3.523195267E0,-6.133294296E1,-2.387768555E1,6.591120287E1
5.563933291E0,4.010459900E0,-6.121030426E1,-2.470660400E1,6.613018537E1
5.573977292E0,4.264587402E0,-6.066307831E1,-2.522106934E1,6.583538649E1
5.584020291E0,4.501049042E0,-6.026861191E1,-2.635852051E1,6.593433572E1
5.594064292E0,4.866369247E0,-5.973845673E1,-2.728686523E1,6.585543088E1
5.604108292E0,5.096632004E0,-5.891720963E1,-2.808856201E1,6.546892823E1
5.614151292E0,5.054449081E0,-5.858425903E1,-2.948760986E1,6.578131952E1
5.624195292E0,5.413141251E0,-5.806873322E1,-3.010687256E1,6.563309874E1
5.634239292E0,5.300659180E0,-5.770520020E1,-3.111010742E1,6.577101110E1
5.644282292E0,5.783481598E0,-5.704134369E1,-3.200048828E1,6.565968930E1
5.654326292E0,6.328495026E0,-5.602629089E1,-3.216961670E1,6.491440024E1
5.664369292E0,6.574911118E0,-5.546098709E1,-3.426086426E1,6.552066365E1
5.674413292E0,6.845748901E0,-5.451813507E1,-3.535589600E1,6.533858516E1
5.684457292E0,2.579256058E0,-5.390525436E1,-3.935260010E1,6.679113822E1
5.694500292E0,6.355667114E0,-5.284423065E1,-3.727111816E1,6.497725346E1
5.704544292E0,6.107246399E0,-5.225571442E1,-3.940747070E1,6.573360552E1
5.714588291E0,4.525926590E0,-5.175873566E1,-3.889971924E1,6.490484485E1
5.724631292E0,5.568574905E0,-5.111365509E1,-4.030743408E1,6.533225854E1
5.734675291E0,4.939725876E0,-5.055363083E1,-3.948706055E1,6.433737974E1
5.744718292E0,4.974843979E0,-5.056912994E1,-4.134063721E1,6.550598645E1
5.754762291E0,5.422767639E0,-5.000027466E1,-4.030554199E1,6.445130402E1
5.764806292E0,5.541482925E0,-4.987675476E1,-4.224633789E1,6.559841281E1
5.774849291E0,6.065401077E0,-4.971335602E1,-4.195288086E1,6.533185340E1
5.784893292E0,6.579523087E0,-4.918791580E1,-4.227728271E1,6.519286632E1
5.794937292E0,6.631673813E0,-4.921475220E1,-4.244012451E1,6.532407749E1
5.804980292E0,7.040039062E0,-4.893885803E1,-4.276531982E1,6.537160358E1
5.815024292E0,7.319772720E0,-4.862205887E1,-4.299108887E1,6.531399087E1
5.825068292E0,7.017230988E0,-4.862370682E1,-4.360992432E1,6.569118582E1
5.835111292E0,7.181606293E0,-4.824012756E1,-4.369232178E1,6.548056474E1
5.845155292E0,6.821681976E0,-4.801200485E1,-4.378723145E1,6.533765830E1
5.855198292E0,5.730472565E0,-4.785681534E1,-4.415899658E1,6.536918287E1
5.865242292E0,6.337549210E0,-4.739072037E1,-4.390270996E1,6.491142310E1
5.875286292E0,5.796422958E0,-4.759482956E1,-4.473199463E1,6.557299492E1
5.885329292E0,5.796422958E0,-4.759482956E1,-4.473199463E1,6.557299492E1
5.895373292E0,6.059272766E0,-4.735692596E1,-4.436456299E1,6.517367315E1
5.905417291E0,6.347196579E0,-4.726128006E1,-4.485272217E1,6.546512188E1
5.915460292E0,6.557655334E0,-4.707719421E1,-4.508984375E1,6.551609778E1
5.925504291E0,6.896316528E0,-4.670995331E1,-4.485205078E1,6.512361614E1
5.935547292E0,7.076580048E0,-4.692052460E1,-4.517102051E1,6.551362230E1
5.945591292E0,7.067573547E0,-4.698116302E1,-4.485894775E1,6.534145291E1
5.955635292E0,7.152742386E0,-4.711976242E1,-4.509722900E1,6.561397563E1
5.965678292E0,7.055477142E0,-4.735209656E1,-4.490386963E1,6.563808585E1
5.975722292E0,7.393730164E0,-4.745559692E1,-4.430303955E1,6.534110681E1
5.985766292E0,7.105157852E0,-4.776102066E1,-4.454956055E1,6.569826259E1
5.995809291E0,7.124250412E0,-4.786893845E1,-4.388311768E1,6.532930605E1
6.005853292E0,7.248079300E0,-4.786087799E1,-4.363037109E1,6.516753469E1
6.015896291E0,7.115980148E0,-4.820038605E1,-4.439813232E1,6.591743732E1
6.025940292E0,7.051836014E0,-4.795074844E1,-4.426043701E1,6.563527216E1
6.035984292E0,6.866390228E0,-4.760871887E1,-4.492340088E1,6.581678641E1
6.046027292E0,6.834569931E0,-4.733380890E1,-4.525036621E1,6.583917112E1
6.056071292E0,6.661153793E0,-4.667679214E1,-4.531225586E1,6.539338213E1
6.066115292E0,6.506391525E0,-4.647134018E1,-4.612127686E1,6.579582637E1
6.076158292E0,6.428583145E0,-4.606834412E1,-4.635528564E1,6.566910627E1
6.086202292E0,6.219774246E0,-4.584812546E1,-4.653668213E1,6.562315889E1
6.096245292E0,5.952341080E0,-4.588173676E1,-4.671319580E1,6.574714286E1
6.106289292E0,5.966917038E0,-4.561970520E1,-4.651873779E1,6.542747563E1
6.116333292E0,5.554529190E0,-4.582472992E1,-4.670007324E1,6.566319751E1
6.126376292E0,5.350858688E0,-4.584429169E1,-4.629174805E1,6.537015149E1
6.136420292E0,5.244468689E0,-4.558345413E1,-4.625915527E1,6.515569959E1
6.146464291E0,4.829324722E0,-4.582758331E1,-4.674389648E1,6.563902519E1
6.156507292E0,4.639299393E0,-4.574834442E1,-4.627355957E1,6.523554577E1
6.166551291E0,4.158826828E0,-4.579737854E1,-4.695721436E1,6.572423983E1
6.176594292E0,4.061523438E0,-4.563169098E1,-4.716839600E1,6.575412364E1
6.186638291E0,3.924591064E0,-4.511048126E1,-4.716619873E1,6.538354715E1
6.196682292E0,3.648139954E0,-4.519649506E1,-4.740728760E1,6.560093755E1
6.206725291E0,3.276802063E0,-4.487456512E1,-4.712054443E1,6.515220437E1
6.216769292E0,2.892194748E0,-4.465475464E1,-4.750854492E1,6.526464390E1
6.226813292E0,2.453310013E0,-4.465087128E1,-4.763446045E1,6.533575482E1
6.236856292E0,1.990613937E0,-4.441576767E1,-4.724609375E1,6.487616154E1
6.246900292E0,1.321182251E0,-4.443685913E1,-4.761846924E1,6.514521152E1
6.256942667E0,6.508407593E-1,-4.439321518E1,-4.720758057E1,6.480537640E1
6.266986667E0,-2.938461304E-2,-4.431565475E1,-4.695825195E1,6.456744959E1
6.277030667E0,-9.442367554E-1,-4.459973145E1,-4.735815430E1,6.506014453E1
6.287073667E0,-1.406896591E0,-4.465993881E1,-4.702972412E1,6.487129137E1
6.297117667E0,-2.245925903E0,-4.489506149E1,-4.716607666E1,6.515557932E1
6.307161666E0,-2.860029221E0,-4.492901230E1,-4.706622314E1,6.513083198E1
6.317204667E0,-3.354942322E0,-4.470322800E1,-4.646582031E1,6.456552245E1
6.327248666E0,-4.150093079E0,-4.471077347E1,-4.662945557E1,6.473470988E1
6.337291667E0,-4.678642273E0,-4.451182556E1,-4.655590820E1,6.458053032E1
6.347335667E0,-5.225595474E0,-4.445591354E1,-4.662274170E1,6.463215253E1
6.357379667E0,-5.652601242E0,-4.470286942E1,-4.650732422E1,6.475515146E1
6.367422667E0,-5.850652695E0,-4.451683807E1,-4.606250000E1,6.432521213E1
6.377466667E0,-5.949705124E0,-4.450979614E1,-4.605627441E1,6.432496682E1
6.387510667E0,-6.353834152E0,-4.460927582E1,-4.646600342E1,6.472594666E1
6.397553666E0,-6.553834915E0,-4.448735809E1,-4.622857666E1,6.449154272E1
6.407597667E0,-6.690387726E0,-4.424584961E1,-4.599884033E1,6.417437033E1
6.417640666E0,-7.171448708E0,-4.442324066E1,-4.623797607E1,6.451979866E1
6.427684667E0,-7.348272324E0,-4.426659393E1,-4.599926758E1,6.426088283E1
6.437728667E0,-7.618819237E0,-4.399099731E1,-4.654034424E1,6.449230879E1
6.447771667E0,-7.818389893E0,-4.370801544E1,-4.677069092E1,6.449042846E1
6.457815667E0,-8.030546188E0,-4.324657440E1,-4.679840088E1,6.422496551E1
6.467859667E0,-8.416890144E0,-4.305717087E1,-4.745141602E1,6.462507938E1
6.477902667E0,-8.847251892E0,-4.285574341E1,-4.730963135E1,6.444447088E1
6.487946667E0,-9.220783234E0,-4.266407394E1,-4.736505127E1,6.441035732E1
6.497989667E0,-9.672509193E0,-4.269796753E1,-4.734686279E1,6.448565175E1
6.508033667E0,-1.001978683E1,-4.226325226E1,-4.665093994E1,6.374079398E1
6.518077667E0,-1.091603661E1,-4.241233826E1,-4.699591064E1,6.423847686E1
6.528120667E0,-1.102673054E1,-4.242800140E1,-4.686846924E1,6.417458608E1
6.538164667E0,-1.149304008E1,-4.201422501E1,-4.685388184E1,6.397320780E1
6.548208666E0,-1.188464069E1,-4.214187241E1,-4.728674316E1,6.444546666E1
6.558251667E0,-1.215265083E1,-4.204755020E1,-4.709387207E1,6.429242713E1
6.568295666E0,-1.267148495E1,-4.205377960E1,-4.732977295E1,6.456929856E1
6.578338667E0,-1.260590649E1,-4.214087296E1,-4.705535889E1,6.441248987E1
6.588382666E0,-1.265310955E1,-4.184564590E1,-4.645324707E1,6.378921089E1
6.598426667E0,-1.261868763E1,-4.216555786E1,-4.688085938E1,6.430381422E1
6.608469666E0,-1.271150112E1,-4.242817307E1,-4.686413574E1,6.448239565E1
6.618513667E0,-1.258144760E1,-4.244282532E1,-4.692877197E1,6.451353256E1
6.628557667E0,-1.224950409E1,-4.269105530E1,-4.715478516E1,6.477769922E1
6.638600667E0,-1.190128803E1,-4.244114304E1,-4.697918701E1,6.441999139E1
6.648644667E0,-1.168351460E1,-4.256505203E1,-4.701599121E1,6.448869356E1
6.658687667E0,-1.130588722E1,-4.265620804E1,-4.687274170E1,6.437724042E1
6.668731667E0,-1.093685341E1,-4.255440140E1,-4.673474121E1,6.414536520E1
6.678775667E0,-1.073190880E1,-4.268472290E1,-4.737518311E1,6.466504009E1
6.688818667E0,-1.066738987E1,-4.271034241E1,-4.734008789E1,6.464557585E1
6.698862667E0,-1.018401718E1,-4.270859528E1,-4.770727539E1,6.483611988E1
6.708906667E0,-9.631887436E0,-4.271163559E1,-4.773077393E1,6.477101088E1
6.718949667E0,-9.284808159E0,-4.257051468E1,-4.748944092E1,6.444923104E1
6.728993667E0,-8.464270592E0,-4.275402832E1,-4.776062012E1,6.465777330E1
6.739036667E0,-7.969159126E0,-4.282640076E1,-4.739129639E1,6.437035865E1
6.749080667E0,-7.414736748E0,-4.310045624E1,-4.796563721E1,6.491016871E1
6.759124666E0,-6.714046478E0,-4.331250763E1,-4.799871826E1,6.499945147E1
6.769167667E0,-6.132314682E0,-4.314586258E1,-4.741082764E1,6.439687351E1
6.779211666E0,-5.478996277E0,-4.349106216E1,-4.774920654E1,6.481881373E1
6.789255667E0,-4.740640640E0,-4.353526306E1,-4.750158691E1,6.460799922E1
6.799298667E0,-3.957998276E0,-4.357567978E1,-4.741839600E1,6.452139101E1
6.809342667E0,-3.446939468E0,-4.388951111E1,-4.784326172E1,6.501652305E1
6.819385667E0,-2.900196075E0,-4.394804382E1,-4.733233643E1,6.465440252E1
6.829429667E0,-2.103349686E0,-4.422242737E1,-4.774053955E1,6.510918736E1
6.839473667E0,-1.471586227E0,-4.431085968E1,-4.751104736E1,6.498397859E1
6.849516666E0,-1.048217773E0,-4.410128784E1,-4.707836914E1,6.451662724E1
6.859560667E0,-1.048217773E0,-4.410128784E1,-4.707836914E1,6.451662724E1
6.869604667E0,-4.747734070E-1,-4.440004730E1,-4.752093506E1,6.503713462E1
6.879647667E0,4.592132568E-2,-4.433172989E1,-4.733642578E1,6.485400211E1
6.889691667E0,3.204193115E-1,-4.429627991E1,-4.746582031E1,6.492508899E1
6.899734667E0,4.970188141E-1,-4.421969604E1,-4.748968506E1,6.489143806E1
6.909778667E0,5.654983521E-1,-4.392583466E1,-4.695880127E1,6.430340392E1
6.919822667E0,3.997764587E-1,-4.399537659E1,-4.744665527E1,6.470655360E1
6.929865667E0,2.959976196E-1,-4.363832092E1,-4.753613281E1,6.452964118E1
6.939909667E0,3.112602234E-1,-4.320479584E1,-4.765283203E1,6.432374108E1
6.949953666E0,7.429504395E-2,-4.327854538E1,-4.824810791E1,6.481448856E1
6.959996667E0,5.216598511E-3,-4.305274582E1,-4.801470947E1,6.448993158E1
6.970040667E0,-1.815834045E-1,-4.297371674E1,-4.836834717E1,6.470139342E1
6.980083667E0,-4.147319794E-1,-4.290550232E1,-4.846783447E1,6.473163918E1
6.990127667E0,-4.278717041E-1,-4.284182358E1,-4.805511475E1,6.438088983E1
7.000171666E0,-3.381710052E-1,-4.267417145E1,-4.840435791E1,6.453046670E1
7.010214667E0,5.890464783E-2,-4.247982025E1,-4.796325684E1,6.407037228E1
7.020258666E0,2.757663727E-1,-4.255472565E1,-4.816510010E1,6.427174799E1
7.030302667E0,4.639396667E-1,-4.282787704E1,-4.820770264E1,6.448585027E1
7.040345666E0,7.739982605E-1,-4.253205109E1,-4.748803711E1,6.375490657E1
7.050389667E0,5.631237030E-1,-4.320534897E1,-4.783935547E1,6.446412351E1
7.060432666E0,8.171615601E-1,-4.341880035E1,-4.720642090E1,6.414285737E1
7.070476667E0,8.735256195E-1,-4.362902832E1,-4.710601807E1,6.421239831E1
7.080520667E0,9.477958679E-1,-4.426560593E1,-4.700170898E1,6.457168755E1
7.090563667E0,1.016105652E0,-4.445205688E1,-4.617810059E1,6.410487349E1
7.100607667E0,1.173383713E0,-4.505208206E1,-4.631811523E1,6.462534121E1
7.110651667E0,1.281480789E0,-4.535311508E1,-4.561035156E1,6.433390560E1
7.120694667E0,1.446447372E0,-4.561184311E1,-4.511309814E1,6.416949482E1
7.130738667E0,1.574192047E0,-4.627765656E1,-4.519030762E1,6.470134063E1
7.140781667E0,1.721782684E0,-4.674162292E1,-4.440197754E1,6.449247598E1
7.150825667E0,1.703609467E0,-4.716487885E1,-4.381274414E1,6.439708558E1
7.160869667E0,1.895002365E0,-4.789680481E1,-4.340393066E1,6.466526225E1
7.170912667E0,2.254098892E0,-4.823603058E1,-4.203259277E1,6.401979743E1
7.180956667E0,2.167728424E0,-4.943759155E1,-4.155413818E1,6.461827068E1
7.191000666E0,2.472709656E0,-5.038907242E1,-4.008306885E1,6.443465931E1
7.201043667E0,2.893510818E0,-5.128790283E1,-3.926159668E1,6.465519589E1
7.211087666E0,3.181348801E0,-5.253981781E1,-3.826397705E1,6.507446024E1
7.221130667E0,3.442050934E0,-5.357176208E1,-3.621740723E1,6.475709995E1
7.231174666E0,3.666913986E0,-5.464622498E1,-3.472521973E1,6.484980376E1
7.241218667E0,3.820419312E0,-5.579019165E1,-3.307708740E1,6.497103046E1
7.251261667E0,4.038763046E0,-5.632029724E1,-3.116278076E1,6.449346008E1
7.261306291E0,3.712295532E0,-5.733436203E1,-3.057666016E1,6.508411752E1
7.271350292E0,3.547010422E0,-5.786352539E1,-2.921166992E1,6.491602663E1
7.281393291E0,3.421432495E0,-5.842750549E1,-2.844250488E1,6.507269537E1
7.291437292E0,3.359445572E0,-5.905526352E1,-2.755938721E1,6.525587979E1
7.301480292E0,3.610620499E0,-5.929221344E1,-2.552459717E1,6.465375639E1
7.311524292E0,3.592630386E0,-6.017521667E1,-2.472351074E1,6.515531965E1
7.321568292E0,3.558895111E0,-6.065917206E1,-2.330029297E1,6.507768083E1
7.331611292E0,3.887243271E0,-6.115822983E1,-2.200659180E1,6.511320771E1
7.341655292E0,3.961599350E0,-6.189357758E1,-2.084252930E1,6.542874171E1
7.351699292E0,3.961599350E0,-6.189357758E1,-2.084252930E1,6.542874171E1
7.361742292E0,4.128921509E0,-6.214632797E1,-1.918231201E1,6.517035497E1
7.371786292E0,4.329418182E0,-6.266917419E1,-1.861187744E1,6.551771698E1
7.381829292E0,4.626539230E0,-6.296232986E1,-1.726031494E1,6.544905132E1
7.391873292E0,4.868265152E0,-6.302774811E1,-1.606854248E1,6.522572418E1
7.401917292E0,4.841438293E0,-6.355084610E1,-1.530999756E1,6.554804032E1
7.411960292E0,5.013698578E0,-6.368225098E1,-1.458764648E1,6.552377960E1
7.422004292E0,4.807098389E0,-6.388575363E1,-1.373028564E1,6.552112984E1
7.432048291E0,4.651250839E0,-6.411669922E1,-1.278698730E1,6.554458252E1
7.442091292E0,4.742143631E0,-6.405315399E1,-1.125360107E1,6.520688614E1
7.452135292E0,4.407512665E0,-6.450618744E1,-1.047344971E1,6.549937049E1
7.462178292E0,4.098539352E0,-6.484733582E1,-9.160949707E0,6.561934156E1
7.472222292E0,3.942178726E0,-6.475944519E1,-8.071899414E0,6.537952336E1
7.482266292E0,3.754928589E0,-6.509957123E1,-7.395507812E0,6.562581198E1
7.492309292E0,3.541017532E0,-6.516900635E1,-6.443542480E0,6.558244760E1
7.502353291E0,3.191921234E0,-6.551000977E1,-6.082458496E0,6.586915850E1
7.512397292E0,2.711587906E0,-6.548142242E1,-4.891967773E0,6.571986564E1
7.522440291E0,2.368392944E0,-6.546256256E1,-3.950927734E0,6.562443304E1
7.532484292E0,2.113307953E0,-6.555096436E1,-3.465515137E0,6.567651630E1
7.542527291E0,1.561697006E0,-6.577820587E1,-2.694580078E0,6.585189464E1
7.552571292E0,1.314075470E0,-6.591819763E1,-2.266723633E0,6.597024791E1
7.562615292E0,1.210708618E0,-6.589429474E1,-1.421508789E0,6.592074470E1
7.572658292E0,1.217226028E0,-6.548883057E1,-3.040161133E-1,6.550084728E1
7.582702292E0,6.895885468E-1,-6.610169983E1,-1.000976562E-2,6.610529746E1
7.592745292E0,7.565612793E-1,-6.606581116E1,5.749511719E-1,6.607264455E1
7.602789292E0,1.065689087E0,-6.600131226E1,9.684448242E-1,6.601701900E1
7.612833292E0,1.341917038E0,-6.618310547E1,1.102020264E0,6.620588070E1
7.622876292E0,1.602766037E0,-6.608922577E1,1.758453369E0,6.613204049E1
7.632920292E0,1.842514038E0,-6.622499084E1,1.865173340E0,6.627686732E1
7.642964292E0,2.242616653E0,-6.617263031E1,2.468139648E0,6.625660756E1
7.653007292E0,2.568052292E0,-6.586724854E1,3.087493896E0,6.598955933E1
7.663051292E0,2.666992188E0,-6.625093842E1,3.220153809E0,6.638274685E1
7.673094292E0,2.687837601E0,-6.646691895E1,3.611206055E0,6.661919089E1
7.683138292E0,2.728603363E0,-6.667233276E1,3.565673828E0,6.682334369E1
7.693182291E0,3.032602310E0,-6.701879883E1,3.707611084E0,6.718974961E1
7.703225292E0,3.037252426E0,-6.635420227E1,4.530517578E0,6.657800426E1
7.713269291E0,3.494678497E0,-6.698249817E1,4.299530029E0,6.721126243E1
7.723313292E0,3.846820831E0,-6.704382324E1,4.727447510E0,6.732028688E1
7.733356291E0,4.724327087E0,-6.708076477E1,4.881591797E0,6.742386971E1
7.743400292E0,5.212741852E0,-6.728905487E1,5.078155518E0,6.768143945E1
7.753443292E0,6.018333435E0,-6.726519775E1,5.479003906E0,6.775578684E1
7.763487292E0,6.933519363E0,-6.745587921E1,5.720001221E0,6.805209582E1
7.773531292E0,6.032550812E0,-6.752552795E1,6.103942871E0,6.806869114E1
7.783574292E0,6.332397461E0,-6.740095520E1,6.363739014E0,6.799621455E1
7.793618292E0,6.365961075E0,-6.759588623E1,5.988983154E0,6.815861805E1
7.803661291E0,7.287218094E0,-6.750542450E1,6.589904785E0,6.821666020E1
7.813705292E0,7.512062073E0,-6.751585388E1,6.304138184E0,6.822436339E1
7.823749292E0,8.126384735E0,-6.754719543E1,6.153991699E0,6.831202935E1
7.833792292E0,8.182514191E0,-6.716824341E1,6.917572021E0,6.801749234E1
7.843836292E0,8.182514191E0,-6.716824341E1,6.917572021E0,6.801749234E1
7.853880292E0,8.000316620E0,-6.737748718E1,6.882476807E0,6.819896870E1
7.863923292E0,7.670980453E0,-6.730328369E1,7.480987549E0,6.815087022E1
7.873967292E0,7.653451920E0,-6.724317932E1,7.461181641E0,6.808736831E1
7.884010292E0,7.589004517E0,-6.750617981E1,7.433837891E0,6.833695375E1
7.894054292E0,7.710931778E0,-6.742422485E1,7.839874268E0,6.831506565E1
7.904098292E0,7.683412552E0,-6.749964142E1,7.520721436E0,6.835054990E1
7.914141292E0,7.598546982E0,-6.749738312E1,7.845336914E0,6.837531686E1
7.924185292E0,7.558324814E0,-6.735066986E1,8.026702881E0,6.824711689E1
7.934229292E0,7.570901871E0,-6.750344086E1,7.509460449E0,6.834050833E1
7.944272292E0,8.245882034E0,-6.724420929E1,7.972503662E0,6.821538733E1
7.954316291E0,8.821878433E0,-6.713447571E1,7.829711914E0,6.816280332E1
7.964359292E0,9.247758865E0,-6.730057526E1,7.390991211E0,6.833385124E1
7.974403291E0,9.702039719E0,-6.697959137E1,7.934478760E0,6.814213959E1
7.984447292E0,9.542646408E0,-6.711767578E1,7.433898926E0,6.819902753E1
7.994490291E0,9.564006805E0,-6.718603516E1,7.704986572E0,6.829934381E1
8.004534292E0,9.713508606E0,-6.685637665E1,7.446441650E0,6.796746899E1
8.014577291E0,9.779529572E0,-6.697090912E1,6.858276367E0,6.802777243E1
8.024621292E0,9.657600403E0,-6.673954773E1,7.224060059E0,6.782052433E1
8.034665292E0,9.796308517E0,-6.695871735E1,6.720947266E0,6.800447501E1
8.044708292E0,9.665784836E0,-6.696625519E1,6.955474854E0,6.801680205E1
8.054752292E0,9.560041428E0,-6.686842346E1,6.869293213E0,6.789674247E1
8.064796292E0,9.172063828E0,-6.719202423E1,6.323913574E0,6.810937350E1
8.074839292E0,8.907835007E0,-6.724278259E1,6.427429199E0,6.813408238E1
8.084883292E0,8.534454346E0,-6.727619171E1,5.960906982E0,6.807683376E1
8.094926292E0,8.304225922E0,-6.739316559E1,5.805084229E0,6.815055348E1
8.104970292E0,8.019180298E0,-6.702227020E1,6.309722900E0,6.779457618E1
8.115014292E0,7.957679749E0,-6.768180847E1,5.557678223E0,6.837426162E1
8.125057292E0,8.066688538E0,-6.764531708E1,5.980468750E0,6.838659513E1
8.135101292E0,8.080627441E0,-6.775770569E1,5.637786865E0,6.847034293E1
8.145145291E0,7.668880463E0,-6.775823975E1,5.393585205E0,6.840381234E1
8.155188292E0,7.455566406E0,-6.772244263E1,5.102630615E0,6.832240881E1
8.165232291E0,7.074340820E0,-6.806531525E1,4.679809570E0,6.859179291E1
8.175275292E0,7.002658844E0,-6.799992371E1,5.086547852E0,6.854852168E1
8.185319291E0,6.548480988E0,-6.774516296E1,5.170471191E0,6.825703979E1
8.195363292E0,5.963321686E0,-6.801824951E1,4.625976562E0,6.843568610E1
8.205406292E0,6.249061584E0,-6.807170105E1,4.575317383E0,6.851088077E1
8.215450292E0,5.939550400E0,-6.805272675E1,4.120025635E0,6.843556449E1
8.225493292E0,6.105136871E0,-6.809400940E1,3.752929688E0,6.847007590E1
8.235537292E0,6.601806641E0,-6.778544617E1,4.105773926E0,6.822981711E1
8.245581292E0,6.292266846E0,-6.805851746E1,3.513519287E0,6.843901839E1
8.255628292E0,6.476240158E0,-6.809422302E1,3.839660645E0,6.850918106E1
8.265672292E0,6.462415695E0,-6.804534912E1,3.585479736E0,6.844551131E1
8.275716292E0,6.493085861E0,-6.814548492E1,3.082763672E0,6.852350481E1
8.285759292E0,6.782213211E0,-6.803967285E1,3.495300293E0,6.846614216E1
8.295803292E0,6.629743576E0,-6.816220093E1,3.017761230E0,6.855031742E1
8.305846292E0,6.416364670E0,-6.813044739E1,3.258056641E0,6.850943388E1
8.315890292E0,6.572284698E0,-6.796725464E1,3.314636230E0,6.836467979E1
8.325934292E0,6.572284698E0,-6.796725464E1,3.314636230E0,6.836467979E1
8.335977292E0,6.424135208E0,-6.824432373E1,2.562438965E0,6.859390154E1
8.346021292E0,6.495147705E0,-6.821157837E1,2.793243408E0,6.857702659E1
8.356065291E0,6.256572723E0,-6.834770966E1,2.609252930E0,6.868305700E1
8.366108292E0,6.913068771E0,-6.834097290E1,2.367523193E0,6.873051915E1
8.376152291E0,6.878307343E0,-6.806049347E1,2.870117188E0,6.846736051E1
8.386195292E0,6.816793442E0,-6.837192535E1,2.252319336E0,6.874781300E1
8.396239292E0,6.727228165E0,-6.817631531E1,2.465454102E0,6.855176170E1
8.406283292E0,7.007200241E0,-6.808610535E1,2.178527832E0,6.848039559E1
8.416326292E0,7.109413147E0,-6.829866028E1,1.758575439E0,6.869019827E1
8.426370292E0,7.235155106E0,-6.817658234E1,1.820739746E0,6.858359091E1
8.436413292E0,7.273481369E0,-6.838783264E1,1.406890869E0,6.878792428E1
8.446457291E0,7.584840775E0,-6.835232544E1,1.447570801E0,6.878710391E1
8.456501292E0,7.631910324E0,-6.813923645E1,1.468688965E0,6.858103708E1
8.466544291E0,7.708919525E0,-6.824613953E1,1.181213379E0,6.869030693E1
8.476588292E0,7.924333572E0,-6.846150970E1,9.628601074E-1,6.892532534E1
8.486632292E0,7.769428253E0,-6.861212158E1,2.741088867E-1,6.905115770E1
8.496675292E0,7.678501129E0,-6.839180756E1,-1.377563477E-1,6.882163684E1
8.506719292E0,6.930173874E0,-6.787685394E1,4.976806641E-1,6.823153448E1
8.516762292E0,6.755809784E0,-6.835357666E1,-5.552978516E-1,6.868886929E1
8.526806292E0,6.252864838E0,-6.808443451E1,-3.430786133E-1,6.837182347E1
8.536850292E0,6.435194016E0,-6.815392303E1,-1.269958496E0,6.846883774E1
8.546893292E0,6.827501297E0,-6.835782623E1,-1.760864258E0,6.872050512E1
8.556937292E0,7.226137161E0,-6.816927338E1,-1.385986328E0,6.856520874E1
8.566980292E0,7.484600067E0,-6.819821930E1,-2.192749023E0,6.864273088E1
8.577024292E0,7.797395706E0,-6.820116425E1,-1.977722168E0,6.867393661E1
8.587068292E0,7.895349503E0,-6.800929260E1,-1.996826172E0,6.849516581E1
8.597111292E0,7.712781906E0,-6.806002808E1,-2.337829590E0,6.853553730E1
8.607155292E0,7.452213287E0,-6.798873138E1,-1.947448730E0,6.842364821E1
8.617199291E0,7.094945908E0,-6.823452759E1,-2.301879883E0,6.864100570E1
8.627242292E0,6.530557632E0,-6.825089264E1,-2.273803711E0,6.860031131E1
8.637286291E0,6.275001526E0,-6.792076874E1,-1.736328125E0,6.823211345E1
8.647329292E0,6.262666702E0,-6.801888275E1,-1.922973633E0,6.833364642E1
8.657373291E0,6.319784164E0,-6.799202728E1,-2.028259277E0,6.831521998E1
8.667417292E0,6.412057877E0,-6.790987396E1,-2.104614258E0,6.824437610E1
8.677460291E0,6.428201675E0,-6.798792267E1,-2.389770508E0,6.833293795E1
8.687504292E0,6.587955475E0,-6.784065247E1,-1.974792480E0,6.818837943E1
8.697547292E0,6.545408249E0,-6.782175446E1,-2.475463867E0,6.818182066E1
8.707591292E0,6.562541962E0,-6.787177277E1,-2.123657227E0,6.822136334E1
8.717635292E0,6.547475815E0,-6.766870117E1,-1.983520508E0,6.801365239E1
8.727678291E0,6.581535339E0,-6.792860413E1,-2.432434082E0,6.829003296E1
8.737722292E0,6.717887878E0,-6.782791901E1,-2.166992188E0,6.819422607E1
8.747765291E0,7.209489822E0,-6.799077606E1,-2.502807617E0,6.841773468E1
8.757809292E0,7.264324188E0,-6.792682648E1,-2.523193359E0,6.836073921E1
8.767853292E0,7.676990509E0,-6.746493530E1,-2.167907715E0,6.793492108E1
8.777896292E0,7.802440643E0,-6.782343292E1,-2.680664062E0,6.832336418E1
8.787940292E0,7.919567108E0,-6.789605713E1,-2.306884766E0,6.839529102E1
8.797984292E0,7.828077316E0,-6.783419800E1,-2.631713867E0,6.833507979E1
8.808027292E0,8.127193451E0,-6.786527252E1,-2.945739746E0,6.841362343E1
8.818071292E0,8.127193451E0,-6.786527252E1,-2.945739746E0,6.841362343E1
8.828114292E0,8.416946411E0,-6.773682404E1,-2.218200684E0,6.829379717E1
8.838158292E0,8.539476395E0,-6.775156403E1,-2.035034180E0,6.831792187E1
8.848202292E0,9.029275894E0,-6.758596802E1,-1.592956543E0,6.820504678E1
8.858245292E0,9.710504532E0,-6.750834656E1,-1.369628906E0,6.821690873E1
8.868289292E0,9.832715988E0,-6.781449127E1,-1.691772461E0,6.854450834E1
8.878332292E0,1.068820381E1,-6.787583923E1,-1.362182617E0,6.872570694E1
8.888376292E0,1.103997231E1,-6.779598236E1,-1.500976562E0,6.870537929E1
8.898420291E0,1.146385765E1,-6.774807739E1,-1.538757324E0,6.872837694E1
8.908463292E0,1.190728569E1,-6.736484528E1,-9.300537109E-1,6.841542831E1
8.918507291E0,1.237939644E1,-6.763473511E1,-1.044311523E0,6.876625216E1
8.928551292E0,1.200448799E1,-6.814243317E1,-5.062866211E-1,6.919360705E1
8.938594291E0,1.229460335E1,-6.854425049E1,-5.633544922E-1,6.964042587E1
8.948638292E0,1.263757515E1,-6.859646606E1,-2.971191406E-1,6.975149993E1
8.958681291E0,1.310581779E1,-6.841532898E1,-1.247558594E-1,6.965942336E1
8.968725292E0,1.338396645E1,-6.868177032E1,-9.228515625E-2,6.997374257E1
8.978769292E0,1.399892235E1,-6.852751160E1,2.080688477E-1,6.994306946E1
8.988812292E0,1.459945869E1,-6.828828430E1,5.242919922E-1,6.983343647E1
8.998856292E0,1.524560738E1,-6.820494080E1,4.424438477E-1,6.988947167E1
9.008899292E0,1.606208992E1,-6.797570801E1,8.827819824E-1,6.985318114E1
9.018943292E0,1.634622192E1,-6.800262451E1,8.056640625E-1,6.994429931E1
9.028987292E0,1.702145767E1,-6.798251343E1,7.508544922E-1,7.008506214E1
9.039030292E0,1.759177780E1,-6.775421906E1,1.248138428E0,7.001187539E1
9.049074292E0,1.780289078E1,-6.798095703E1,9.773559570E-1,7.028021531E1
9.059117292E0,1.817515182E1,-6.794379425E1,1.325714111E0,7.034524034E1
9.069161292E0,1.819718933E1,-6.802645111E1,1.592651367E0,7.043629951E1
9.079205292E0,1.876110840E1,-6.822289276E1,1.612091064E0,7.077387316E1
9.089248292E0,1.895729828E1,-6.795273590E1,2.255371094E0,7.058356872E1
9.099292292E0,1.872240067E1,-6.813703918E1,2.285980225E0,7.069943494E1
9.109335292E0,1.952131653E1,-6.805446625E1,2.855499268E0,7.085651735E1
9.119379292E0,2.013542557E1,-6.777699280E1,3.539398193E0,7.079324442E1
9.129423291E0,2.008794785E1,-6.799143219E1,3.442810059E0,7.098037363E1
9.139466292E0,2.073405457E1,-6.798837280E1,4.563171387E0,7.122599517E1
9.149510292E0,2.015961456E1,-6.820643616E1,4.281799316E0,7.125210031E1
9.159554292E0,1.990373230E1,-6.824456787E1,4.653076172E0,7.123995172E1
9.169597292E0,1.972967148E1,-6.817874146E1,5.262176514E0,7.117085938E1
9.179641291E0,1.916784286E1,-6.847852325E1,4.829925537E0,7.127441706E1
9.189684292E0,1.900954819E1,-6.841905212E1,5.198791504E0,7.120082197E1
9.199728291E0,1.858345032E1,-6.853824615E1,5.126922607E0,7.119776083E1
9.209772292E0,1.889849091E1,-6.871119690E1,5.027252197E0,7.143986844E1
9.219815291E0,1.881551743E1,-6.861992645E1,5.645385742E0,7.137638533E1
9.229859292E0,1.885492325E1,-6.858323669E1,5.752929688E0,7.136010570E1
9.239902291E0,1.878572845E1,-6.861853027E1,6.006958008E0,7.139670745E1
9.249946292E0,1.891780090E1,-6.847696686E1,6.336456299E0,7.132411135E1
9.259986042E0,1.898808289E1,-6.860235596E1,6.090301514E0,7.144174065E1
9.270029041E0,1.917265701E1,-6.864159393E1,6.336334229E0,7.155004071E1
9.280073042E0,1.922435760E1,-6.866595459E1,6.207763672E0,7.157601257E1
9.290116041E0,1.936457443E1,-6.857215118E1,6.262115479E0,7.152860093E1
9.300160042E0,1.951876068E1,-6.829328156E1,6.857666016E0,7.135812433E1
9.310204042E0,1.951876068E1,-6.829328156E1,6.857666016E0,7.135812433E1
9.320247042E0,1.990253448E1,-6.867173767E1,6.501281738E0,7.179265351E1
9.330291042E0,1.906239891E1,-6.809490967E1,7.796936035E0,7.114129593E1
9.340334042E0,1.923752785E1,-6.853212738E1,6.925018311E0,7.151706677E1
9.350378042E0,1.901293373E1,-6.840569305E1,7.124572754E0,7.135537841E1
9.360422042E0,1.917966652E1,-6.829587555E1,7.306488037E0,7.131318947E1
9.370465042E0,1.877060509E1,-6.844436646E1,7.214996338E0,7.133738912E1
9.380509042E0,1.894545174E1,-6.855961609E1,7.550231934E0,7.152871523E1
9.390553042E0,1.881793785E1,-6.834303284E1,7.759613037E0,7.130986269E1
9.400596042E0,1.872859764E1,-6.845605469E1,7.371368408E0,7.135354837E1
9.410640042E0,1.874263954E1,-6.833005524E1,7.944396973E0,7.129794127E1
9.420683042E0,1.855239677E1,-6.837171173E1,7.601226807E0,7.125069151E1
9.430727042E0,1.864230156E1,-6.811283112E1,7.783294678E0,7.104556880E1
9.440771041E0,1.877562904E1,-6.791040039E1,8.332580566E0,7.094912703E1
9.450814042E0,1.887072182E1,-6.788227844E1,8.226531982E0,7.093506676E1
9.460858042E0,1.928623009E1,-6.770448303E1,8.923889160E0,7.096119708E1
9.470901042E0,1.942630959E1,-6.769617462E1,7.980957031E0,7.087911708E1
9.480945042E0,1.949011803E1,-6.777869415E1,7.492675781E0,7.092218463E1
9.490989042E0,1.978544617E1,-6.742239380E1,8.369934082E0,7.076227005E1
9.501032042E0,1.974708939E1,-6.763870239E1,7.698944092E0,7.088169962E1
9.511076041E0,1.987120438E1,-6.755165863E1,7.903839111E0,7.085592438E1
9.521119042E0,2.008612823E1,-6.731935883E1,7.966308594E0,7.070226795E1
9.531163041E0,2.002977753E1,-6.735694122E1,7.295501709E0,7.064965579E1
9.541207042E0,2.041201019E1,-6.704225159E1,7.815002441E0,7.051516093E1
9.551250041E0,2.041697311E1,-6.698998260E1,7.444122314E0,7.042673866E1
9.561294042E0,2.035618591E1,-6.690695953E1,7.561462402E0,7.034267021E1
9.571337041E0,2.021419525E1,-6.648606873E1,7.847167969E0,6.993274676E1
9.581381042E0,1.967193985E1,-6.648938751E1,7.451538086E0,6.973771784E1
9.591425042E0,1.918329620E1,-6.634857941E1,8.144531250E0,6.954470671E1
9.601468042E0,1.865528679E1,-6.620100403E1,8.293121338E0,6.927747485E1
9.611512042E0,1.835682869E1,-6.637880707E1,8.205780029E0,6.935743661E1
9.621556042E0,1.823637199E1,-6.586927032E1,8.731506348E0,6.890257789E1
9.631599042E0,1.801899529E1,-6.584867096E1,8.538665771E0,6.880145690E1
9.641643042E0,1.770424843E1,-6.573507690E1,8.945159912E0,6.866262909E1
9.651686042E0,1.791105080E1,-6.544994354E1,9.255645752E0,6.848479998E1
9.661730042E0,1.810507011E1,-6.554564667E1,8.591613770E0,6.854079944E1
9.671774042E0,1.830877113E1,-6.526402283E1,9.006622314E0,6.837925871E1
9.681817042E0,1.836390877E1,-6.545903015E1,8.459625244E0,6.851045930E1
9.691861042E0,1.861414146E1,-6.534533691E1,8.255706787E0,6.844454700E1
9.701904042E0,1.846536064E1,-6.509940338E1,8.458190918E0,6.819415560E1
9.711948042E0,1.856866646E1,-6.519468689E1,7.540069580E0,6.820553659E1
9.721992041E0,1.834784126E1,-6.483423615E1,7.310729980E0,6.777586760E1
9.732035042E0,1.863844109E1,-6.518531799E1,6.240173340E0,6.808419002E1
9.742079041E0,1.874096489E1,-6.517214966E1,5.924407959E0,6.807151729E1
9.752122042E0,1.928747749E1,-6.495862579E1,5.907135010E0,6.801855701E1
9.762166042E0,1.966454887E1,-6.499434662E1,4.994873047E0,6.808750496E1
9.772210042E0,1.982261467E1,-6.519200134E1,5.034088135E0,6.832477687E1
9.782253042E0,1.968811989E1,-6.506584930E1,4.963806152E0,6.816029770E1
9.792297042E0,1.968811989E1,-6.506584930E1,4.963806152E0,6.816029770E1
9.802340042E0,1.927480125E1,-6.528167725E1,4.345581055E0,6.820630046E1
9.812384041E0,1.899541283E1,-6.507098389E1,4.561248779E0,6.794014750E1
9.822428042E0,1.860390663E1,-6.527812958E1,4.059661865E0,6.799867938E1
9.832471041E0,1.840868950E1,-6.517547607E1,3.889404297E0,6.783693681E1
9.842515042E0,1.850228882E1,-6.501255798E1,3.722412109E0,6.769655633E1
9.852558041E0,1.845248795E1,-6.513984680E1,2.943511963E0,6.776694043E1
9.862602042E0,1.857770920E1,-6.502664185E1,2.833312988E0,6.768768789E1
9.872646042E0,1.888957977E1,-6.494136810E1,2.293090820E0,6.767167635E1
9.882689042E0,1.908780670E1,-6.497873688E1,2.112030029E0,6.775722310E1
9.892733042E0,1.953493881E1,-6.463597870E1,2.235931396E0,6.756051336E1
9.902776042E0,1.943907356E1,-6.464193726E1,1.611511230E0,6.752077163E1
9.912820042E0,1.998424339E1,-6.460410309E1,1.525207520E0,6.764160242E1
9.922864042E0,2.020951653E1,-6.444520569E1,1.066345215E0,6.754810276E1
9.932907042E0,2.021690178E1,-6.476380157E1,5.296020508E-1,6.784801832E1
9.942951042E0,2.018316460E1,-6.473200989E1,7.603759766E-1,6.780981794E1
9.952994042E0,1.989307594E1,-6.509411621E1,1.096191406E-1,6.806607416E1
9.963038042E0,1.968401146E1,-6.516730499E1,6.579589844E-2,6.807526920E1
9.973082042E0,1.980405617E1,-6.469599915E1,2.656250000E-1,6.765976280E1
9.983125042E0,1.927709389E1,-6.504773712E1,-4.135131836E-1,6.784530527E1
9.993169042E0,1.931736183E1,-6.512460327E1,-7.687377930E-1,6.793353647E1
1.000321204E1,1.949785423E1,-6.483605194E1,-9.317626953E-1,6.771076822E1
1.001325604E1,1.936130714E1,-6.486975098E1,-1.273620605E0,6.770943003E1
1.002330004E1,1.965196419E1,-6.441154480E1,-7.301635742E-1,6.734671439E1
1.003334304E1,1.963609314E1,-6.483506775E1,-1.484741211E0,6.775962382E1
1.004338704E1,1.985135269E1,-6.474414062E1,-1.182556152E0,6.772944993E1
1.005343004E1,1.971702194E1,-6.455083466E1,-1.164123535E0,6.750501013E1
1.006347404E1,1.961965942E1,-6.481627655E1,-1.357727051E0,6.773421709E1
1.007351804E1,1.949863815E1,-6.451952362E1,-1.060363770E0,6.740986715E1
1.008356104E1,1.932905579E1,-6.469136047E1,-1.460205078E0,6.753307868E1
1.009360504E1,1.917781830E1,-6.475276947E1,-1.178894043E0,6.754331692E1
1.010364904E1,1.924377441E1,-6.468171692E1,-9.750366211E-1,6.749072569E1
1.011369204E1,1.917298889E1,-6.485243988E1,-1.502929688E0,6.764392995E1
1.012373604E1,1.908356094E1,-6.455684662E1,-1.373474121E0,6.733242291E1
1.013377904E1,1.920489502E1,-6.471366882E1,-1.970214844E0,6.753198258E1
1.014382304E1,1.917253494E1,-6.448384094E1,-2.208129883E0,6.730993743E1
1.015386704E1,1.952315903E1,-6.419277191E1,-1.546691895E0,6.711376878E1
1.016391004E1,1.968350220E1,-6.439724731E1,-1.965087891E0,6.736695993E1
1.017395404E1,1.990833282E1,-6.440293121E1,-1.737976074E0,6.743218687E1
1.018399704E1,2.011146927E1,-6.427978516E1,-1.754516602E0,6.737536868E1
1.019404104E1,1.991038895E1,-6.454741669E1,-2.083557129E0,6.758057265E1
1.020408504E1,1.978237915E1,-6.433631134E1,-1.450317383E0,6.732463815E1
1.021412804E1,1.967585373E1,-6.444831848E1,-1.613159180E0,6.740420801E1
1.022417204E1,1.976965332E1,-6.445709229E1,-1.358642578E0,6.743442628E1
1.023421504E1,1.969087791E1,-6.436199951E1,-9.779663086E-1,6.731384755E1
1.024425904E1,1.976573372E1,-6.458312988E1,-1.302673340E0,6.755265985E1
1.025430304E1,2.003505135E1,-6.443550110E1,-1.081115723E0,6.748707947E1
1.026434592E1,2.007694435E1,-6.445758057E1,-1.400939941E0,6.752648384E1
1.027438992E1,2.026804161E1,-6.461820984E1,-1.828491211E0,6.774695516E1
1.028443292E1,2.026804161E1,-6.461820984E1,-1.828491211E0,6.774695516E1
1.029447692E1,2.076602364E1,-6.407747650E1,-1.089660645E0,6.736718855E1
1.030452092E1,2.064958000E1,-6.447743225E1,-1.664733887E0,6.772381976E1
1.031456392E1,2.084696388E1,-6.443475342E1,-1.143310547E0,6.773286138E1
1.032460792E1,2.089875221E1,-6.430754089E1,-1.168518066E0,6.762827141E1
1.033465092E1,2.078574181E1,-6.453330231E1,-1.398437500E0,6.781260795E1
1.034469492E1,2.081132317E1,-6.432785034E1,-8.861694336E-1,6.761633529E1
1.035473892E1,2.053666496E1,-6.460547638E1,-9.023437500E-1,6.779702361E1
1.036478192E1,2.057585335E1,-6.462010193E1,-5.951538086E-1,6.781944797E1
1.037482592E1,2.071237755E1,-6.447592163E1,-2.465820312E-2,6.772110204E1
1.038486892E1,2.036520958E1,-6.471484375E1,-3.772583008E-1,6.784463934E1
1.039491292E1,2.041015434E1,-6.469436646E1,3.976440430E-1,6.783873209E1
1.040495692E1,2.017073250E1,-6.471322632E1,2.343750000E-1,6.778432740E1
1.041499992E1,2.049788094E1,-6.480161285E1,1.519165039E-1,6.796642723E1
1.042504392E1,2.085585594E1,-6.457640076E1,5.938720703E-1,6.786332548E1
1.043508692E1,2.074245644E1,-6.462033844E1,2.843017578E-1,6.786839078E1
1.044513092E1,2.076733589E1,-6.458603668E1,6.506958008E-1,6.784586781E1
1.045517492E1,2.090728569E1,-6.455664062E1,5.463256836E-1,6.785995075E1
1.046521792E1,2.082681465E1,-6.483355713E1,-4.754638672E-2,6.809661224E1
1.047526192E1,2.112542915E1,-6.449372864E1,6.069335938E-1,6.786820433E1
1.048530492E1,2.102324104E1,-6.477737427E1,2.020263672E-2,6.810348955E1
1.049534892E1,2.116135979E1,-6.477877045E1,5.511474609E-2,6.814759927E1
1.050539292E1,2.130001640E1,-6.458987427E1,1.790771484E-1,6.801157714E1
1.051543592E1,2.123810005E1,-6.472670746E1,-2.261962891E-1,6.812235108E1
1.052547992E1,2.119986916E1,-6.469793701E1,-1.373291016E-2,6.808272684E1
1.053552292E1,2.117576790E1,-6.486561584E1,-2.374267578E-2,6.823460873E1
1.054556692E1,2.068269157E1,-6.472994232E1,-2.804565430E-1,6.795452759E1
1.055561092E1,2.116813850E1,-6.461991119E1,-2.858886719E-1,6.799929958E1
1.056565392E1,2.089626122E1,-6.487379456E1,-5.172119141E-1,6.815812836E1
1.057569792E1,2.117834663E1,-6.490014648E1,-9.643554688E-2,6.826829923E1
1.058574092E1,2.091334724E1,-6.481423950E1,-2.899780273E-1,6.810534357E1
1.059578492E1,2.082380104E1,-6.506720734E1,-4.551391602E-1,6.831968466E1
1.060582792E1,2.104145622E1,-6.477033997E1,-1.513671875E-2,6.810242322E1
1.061587192E1,2.114464378E1,-6.498147583E1,-6.166992188E-1,6.833789929E1
1.062591592E1,2.121166420E1,-6.504137421E1,-3.392333984E-1,6.841366922E1
1.063595892E1,2.127876854E1,-6.490545654E1,-1.563110352E-1,6.830467563E1
1.064600292E1,2.095076561E1,-6.511915588E1,-1.159057617E0,6.841624410E1
1.065604692E1,2.103238487E1,-6.502398682E1,-8.745727539E-1,6.834650651E1
1.066608992E1,2.113734245E1,-6.506591797E1,-1.056762695E0,6.842132471E1
1.067613392E1,2.108367348E1,-6.516063690E1,-1.122863770E0,6.849591748E1
1.068617692E1,2.131355095E1,-6.484575653E1,-5.525512695E-1,6.826085926E1
1.069622092E1,2.097969246E1,-6.519331360E1,-9.527587891E-1,6.849250604E1
1.070626392E1,2.110438728E1,-6.528210449E1,-5.427856445E-1,6.861080779E1
1.071630792E1,2.092503929E1,-6.522241211E1,-6.121826172E-1,6.849959911E1
1.072635192E1,2.084421730E1,-6.533018494E1,-5.553588867E-1,6.857713090E1
1.073639492E1,2.091333580E1,-6.506639862E1,-1.762084961E-1,6.834496977E1
1.074643892E1,2.080025673E1,-6.533808136E1,-2.480468750E-1,6.856950549E1
1.075648192E1,2.065780067E1,-6.533122253E1,-9.533691406E-2,6.851950420E1
1.076652592E1,2.072346687E1,-6.519982910E1,4.427490234E-1,6.841546478E1
1.077656992E1,2.072346687E1,-6.519982910E1,4.427490234E-1,6.841546478E1
1.078661292E1,2.052504921E1,-6.546958160E1,1.356811523E-1,6.861167663E1
1.079665692E1,2.037498283E1,-6.548150635E1,2.384643555E-1,6.857860063E1
1.080669992E1,2.011382484E1,-6.559754181E1,1.219482422E-1,6.861208576E1
1.081674392E1,1.981015968E1,-6.573955536E1,1.583251953E-1,6.865971623E1
1.082678792E1,1.975446510E1,-6.545352173E1,8.903808594E-1,6.837539891E1
1.083683092E1,1.954469109E1,-6.587187195E1,6.065063477E-1,6.871292683E1
1.084687492E1,1.938676071E1,-6.584908295E1,1.139526367E0,6.865308978E1
1.085691792E1,1.939890289E1,-6.588404846E1,1.282165527E0,6.869257037E1
1.086696192E1,1.938116074E1,-6.587976074E1,1.372375488E0,6.868519259E1
1.087700592E1,1.945191193E1,-6.579231262E1,1.953155518E0,6.863541429E1
1.088704892E1,1.916120529E1,-6.590065002E1,1.797393799E0,6.865331810E1
1.089709292E1,1.891929245E1,-6.587788391E1,1.543334961E0,6.855812934E1
1.090713592E1,1.888110352E1,-6.598516846E1,1.590850830E0,6.865179774E1
1.091717992E1,1.883964920E1,-6.615153503E1,1.147094727E0,6.879152416E1
1.092722392E1,1.889000320E1,-6.618280029E1,1.452423096E0,6.884115636E1
1.093726692E1,1.856631088E1,-6.663784790E1,1.116027832E0,6.918494194E1
1.094731092E1,1.824545288E1,-6.647015381E1,1.132934570E0,6.893809860E1
1.095735392E1,1.880290222E1,-6.641529083E1,1.445892334E0,6.904078934E1
1.096739792E1,1.871116638E1,-6.670697021E1,1.051940918E0,6.928949561E1
1.097744192E1,1.866381454E1,-6.694686890E1,1.324401855E0,6.951241090E1
1.098748492E1,1.860943604E1,-6.671275330E1,1.301330566E0,6.927189923E1
1.099752892E1,1.853636551E1,-6.696970367E1,1.060852051E0,6.949578019E1
1.100757192E1,1.840467453E1,-6.669094849E1,1.362548828E0,6.919733516E1
1.101761592E1,1.838826370E1,-6.699254608E1,1.054321289E0,6.947834962E1
1.102765992E1,1.839605713E1,-6.699417114E1,1.297546387E0,6.948609581E1
1.103770292E1,1.839746857E1,-6.675199890E1,1.518890381E0,6.925751392E1
1.104774692E1,1.820960236E1,-6.703218079E1,8.985595703E-1,6.946733253E1
1.105778992E1,1.826542282E1,-6.710675049E1,1.044982910E0,6.955597473E1
1.106783392E1,1.823656464E1,-6.729831696E1,1.825561523E-1,6.972567018E1
1.107787792E1,1.811993408E1,-6.728335571E1,-2.788696289E-1,6.968112898E1
1.108792092E1,1.804390717E1,-6.676446533E1,-3.302001953E-2,6.915979690E1
1.109796492E1,1.794483185E1,-6.706730652E1,-6.930541992E-1,6.942997132E1
1.110800792E1,1.817790604E1,-6.709437561E1,-9.852294922E-1,6.952022859E1
1.111805192E1,1.834608459E1,-6.687068939E1,-1.279907227E0,6.935348645E1
1.112809492E1,1.862651825E1,-6.691154480E1,-1.518676758E0,6.947235701E1
1.113813892E1,1.898205948E1,-6.666343689E1,-1.344055176E0,6.932632173E1
1.114818292E1,1.894726944E1,-6.674040222E1,-2.062927246E0,6.940847194E1
1.115822592E1,1.890505600E1,-6.671553802E1,-2.465820312E0,6.938619766E1
1.116826992E1,1.896662903E1,-6.646936798E1,-2.642761230E0,6.917292883E1
1.117831292E1,1.885659981E1,-6.659195709E1,-3.875976562E0,6.931870815E1
1.118835692E1,1.875468636E1,-6.648243713E1,-4.038085938E0,6.919507819E1
1.119840092E1,1.867855644E1,-6.635802460E1,-4.973571777E0,6.911593388E1
1.120844392E1,1.863644218E1,-6.629006958E1,-5.614624023E0,6.908845276E1
1.121848792E1,1.881561852E1,-6.567428589E1,-5.961181641E0,6.857605277E1
1.122853092E1,1.869908333E1,-6.582563782E1,-6.864807129E0,6.877351153E1
1.123857492E1,1.857834625E1,-6.569197083E1,-7.137939453E0,6.864065967E1
1.124861892E1,1.847101974E1,-6.560094452E1,-7.959838867E0,6.861502406E1
1.125866167E1,1.828050995E1,-6.547014618E1,-8.099914551E0,6.845528249E1
1.126870567E1,1.828050995E1,-6.547014618E1,-8.099914551E0,6.845528249E1
1.127874867E1,1.834620285E1,-6.527024841E1,-8.067077637E0,6.827786046E1
1.128879267E1,1.820435715E1,-6.529209900E1,-8.893615723E0,6.836339087E1
1.129883667E1,1.821766472E1,-6.508165741E1,-8.616577148E0,6.813039587E1
1.130887967E1,1.848817635E1,-6.479174042E1,-8.415527344E0,6.790142407E1
1.131892367E1,1.852437401E1,-6.506616974E1,-8.840332031E0,6.822690340E1
1.132896667E1,1.863889122E1,-6.483248901E1,-8.535095215E0,6.799638040E1
1.133901067E1,1.801105118E1,-6.492456055E1,-8.885009766E0,6.795984053E1
1.134905467E1,1.758648300E1,-6.452307129E1,-8.867919922E0,6.746221992E1
1.135909767E1,1.778547668E1,-6.431418610E1,-8.463562012E0,6.726269097E1
1.136914167E1,1.711415863E1,-6.407615662E1,-8.949218750E0,6.692336504E1
1.137918467E1,1.727262688E1,-6.435256958E1,-9.622680664E0,6.732156292E1
1.138922867E1,1.700899696E1,-6.418687439E1,-1.030297852E1,6.719681680E1
1.139927167E1,1.675868797E1,-6.434860229E1,-1.086456299E1,6.737681329E1
1.140931567E1,1.657592964E1,-6.391237640E1,-1.085101318E1,6.691261307E1
1.141935967E1,1.587612915E1,-6.414752197E1,-1.144439697E1,6.706661072E1
1.142940267E1,1.594050217E1,-6.404622650E1,-1.132525635E1,6.696476812E1
1.143944667E1,1.578970337E1,-6.377130890E1,-1.143139648E1,6.668411653E1
1.144948967E1,1.544684601E1,-6.378646088E1,-1.223730469E1,6.676128570E1
1.145953367E1,1.565875435E1,-6.346305847E1,-1.278668213E1,6.660522215E1
1.146957767E1,1.558913994E1,-6.339588928E1,-1.376123047E1,6.671904920E1
1.147962067E1,1.533996010E1,-6.334832001E1,-1.442401123E1,6.675609428E1
1.148966467E1,1.502260399E1,-6.285989380E1,-1.488342285E1,6.632164922E1
1.149970767E1,1.430043983E1,-6.296160507E1,-1.601055908E1,6.652070576E1
1.150975167E1,1.397653389E1,-6.275917816E1,-1.648730469E1,6.637687217E1
1.151979567E1,1.402022362E1,-6.255029678E1,-1.745452881E1,6.643618648E1
1.152983867E1,1.376313210E1,-6.234804153E1,-1.803131104E1,6.634629052E1
1.153988267E1,1.379473305E1,-6.203539276E1,-1.812249756E1,6.608410953E1
1.154992567E1,1.382409668E1,-6.199169540E1,-1.949310303E1,6.643837004E1
1.155996967E1,1.385641861E1,-6.165752792E1,-1.959368896E1,6.616315994E1
1.157001267E1,1.411825943E1,-6.134213257E1,-1.974560547E1,6.597023126E1
1.158005667E1,1.419290161E1,-6.148626709E1,-2.070275879E1,6.641237624E1
1.159010067E1,1.431127930E1,-6.118740463E1,-2.101300049E1,6.625901743E1
1.160014367E1,1.431383514E1,-6.116677475E1,-2.179559326E1,6.649291763E1
1.161018767E1,1.427618027E1,-6.104800034E1,-2.193835449E1,6.642257949E1
1.162023067E1,1.443561172E1,-6.053207016E1,-2.167547607E1,6.589646930E1
1.163027467E1,1.430191040E1,-6.058460999E1,-2.250866699E1,6.619425729E1
1.164031867E1,1.434077072E1,-6.039696503E1,-2.223565674E1,6.593842218E1
1.165036167E1,1.437343597E1,-6.026501465E1,-2.297320557E1,6.607749864E1
1.166040567E1,1.427301025E1,-6.040791702E1,-2.314575195E1,6.624621570E1
1.167044867E1,1.422803497E1,-6.009336090E1,-2.289160156E1,6.586102357E1
1.168049267E1,1.396356583E1,-6.036386490E1,-2.322216797E1,6.616680770E1
1.169053667E1,1.379843521E1,-6.020415115E1,-2.285052490E1,6.585653437E1
1.170057967E1,1.360017395E1,-6.008257675E1,-2.309442139E1,6.578930810E1
1.171062367E1,1.359959412E1,-6.030349731E1,-2.364337158E1,6.618511742E1
1.172066667E1,1.344940948E1,-6.018105316E1,-2.321618652E1,6.589110025E1
1.173071067E1,1.334506035E1,-6.033176422E1,-2.344207764E1,6.608739224E1
1.174075467E1,1.327573967E1,-6.008771515E1,-2.383508301E1,6.599159005E1
1.175079767E1,1.341109276E1,-5.982705307E1,-2.346575928E1,6.564888077E1
1.176084167E1,1.341109276E1,-5.982705307E1,-2.346575928E1,6.564888077E1
1.177088467E1,1.323761559E1,-5.972694016E1,-2.384643555E1,6.565968577E1
1.178092867E1,1.318804741E1,-6.008723068E1,-2.376922607E1,6.594979904E1
1.179097167E1,1.301455498E1,-5.973740387E1,-2.390478516E1,6.564582862E1
1.180101567E1,1.288256264E1,-5.991686249E1,-2.407537842E1,6.584538463E1
1.181105967E1,1.283425713E1,-5.962870026E1,-2.346130371E1,6.535084408E1
1.182110267E1,1.273637962E1,-5.994920349E1,-2.402581787E1,6.582827880E1
1.183114667E1,1.249495125E1,-5.988602829E1,-2.391351318E1,6.568345533E1
1.184118967E1,1.254343224E1,-5.977784729E1,-2.382427979E1,6.556161244E1
1.185123367E1,1.207551003E1,-5.990667343E1,-2.446386719E1,6.582634930E1
1.186127767E1,1.189496040E1,-5.969104004E1,-2.424346924E1,6.551531229E1
1.187132067E1,1.145821953E1,-5.987423325E1,-2.467651367E1,6.576583405E1
1.188136467E1,1.108829689E1,-5.984093094E1,-2.498388672E1,6.578815957E1
1.189140767E1,1.103316307E1,-5.949069977E1,-2.457226562E1,6.530444307E1
1.190145167E1,1.056477547E1,-5.968671417E1,-2.514794922E1,6.562421565E1
1.191149467E1,1.058909416E1,-5.961380005E1,-2.507116699E1,6.553241553E1
1.192153867E1,1.046423531E1,-5.967676544E1,-2.547210693E1,6.572400464E1
1.193158267E1,1.047128487E1,-5.981772995E1,-2.556561279E1,6.588937077E1
1.194162567E1,1.037853813E1,-5.967953491E1,-2.515759277E1,6.559165660E1
1.195166967E1,1.024533844E1,-5.991673279E1,-2.560565186E1,6.595931500E1
1.196171267E1,1.025161362E1,-5.977778244E1,-2.548986816E1,6.578914982E1
1.197175667E1,9.981819153E0,-5.956922531E1,-2.495483398E1,6.535191701E1
1.198180067E1,9.743728638E0,-5.981874466E1,-2.553979492E1,6.576856076E1
1.199184367E1,9.369529724E0,-5.963837814E1,-2.501940918E1,6.534902502E1
1.200188767E1,9.113285065E0,-6.002033997E1,-2.529510498E1,6.576728298E1
1.201193067E1,8.988307953E0,-6.001303864E1,-2.548529053E1,6.581682550E1
1.202197467E1,8.938907623E0,-5.980178833E1,-2.532342529E1,6.555481543E1
1.203201867E1,8.870429993E0,-6.007080078E1,-2.582281494E1,6.598487256E1
1.204206167E1,8.839347839E0,-5.998418427E1,-2.546740723E1,6.576340368E1
1.205210567E1,9.124111176E0,-5.989723206E1,-2.578564453E1,6.584699899E1
1.206214867E1,9.096565247E0,-5.999656677E1,-2.602673340E1,6.602822408E1
1.207219267E1,9.133361816E0,-5.961033630E1,-2.579638672E1,6.559164627E1
1.208223567E1,9.205028534E0,-5.969050598E1,-2.623291016E1,6.584720670E1
1.209227967E1,9.238742828E0,-5.958362579E1,-2.619848633E1,6.574133797E1
1.210232367E1,9.264492035E0,-5.930267334E1,-2.615393066E1,6.547263525E1
1.211236667E1,9.110321045E0,-5.947937012E1,-2.671838379E1,6.583817625E1
1.212241067E1,9.156169891E0,-5.943764877E1,-2.672528076E1,6.580965104E1
1.213245367E1,9.111255646E0,-5.953406143E1,-2.719781494E1,6.608358788E1
1.214249767E1,8.752109528E0,-5.947171783E1,-2.693914795E1,6.587262205E1
1.215254167E1,8.880001068E0,-5.920169067E1,-2.683453369E1,6.560325294E1
1.216258467E1,8.373767853E0,-5.900437927E1,-2.719079590E1,6.550554284E1
1.217262867E1,8.272891998E0,-5.914882660E1,-2.692810059E1,6.551447955E1
1.218267167E1,8.002983093E0,-5.882721710E1,-2.720874023E1,6.530700388E1
1.219271567E1,7.919975281E0,-5.926799393E1,-2.744183350E1,6.579114939E1
1.220275867E1,7.872180939E0,-5.900723648E1,-2.699932861E1,6.536657353E1
1.221280267E1,7.701278687E0,-5.941880417E1,-2.742041016E1,6.589220648E1
1.222284667E1,7.578922272E0,-5.924213791E1,-2.739538574E1,6.570828050E1
1.223288967E1,7.408699036E0,-5.906500244E1,-2.700122070E1,6.536535209E1
1.224293367E1,7.127737045E0,-5.906398773E1,-2.706738281E1,6.536055764E1
1.225297667E1,6.692537308E0,-5.924172592E1,-2.783123779E1,6.579475620E1
1.226302133E1,6.534048080E0,-5.911349869E1,-2.775732422E1,6.563206959E1
1.227306533E1,6.275850296E0,-5.902777100E1,-2.819067383E1,6.571436781E1
1.228310833E1,6.023750305E0,-5.883811188E1,-2.847656250E1,6.564391509E1
1.229315233E1,5.815876007E0,-5.848293304E1,-2.872888184E1,6.541732586E1
1.230319533E1,5.450496674E0,-5.866395569E1,-2.942608643E1,6.585637534E1
1.231323933E1,4.916460037E0,-5.842849731E1,-2.918035889E1,6.549468851E1
1.232328233E1,4.764245987E0,-5.827003479E1,-2.956903076E1,6.551658244E1
1.233332633E1,4.428638458E0,-5.828594208E1,-2.984436035E1,6.563192613E1
1.234337033E1,4.487791061E0,-5.812837219E1,-2.954840088E1,6.536173129E1
1.235341333E1,4.319097519E0,-5.822484207E1,-2.979217529E1,6.554662879E1
1.236345733E1,4.039209366E0,-5.835799789E1,-2.941198730E1,6.547546203E1
1.237350033E1,3.744876862E0,-5.827140808E1,-2.918359375E1,6.527835205E1
1.238354433E1,3.560384750E0,-5.863393402E1,-2.938592529E1,6.568216778E1
1.239358833E1,3.308593750E0,-5.860299683E1,-2.878619385E1,6.537509454E1
1.240363133E1,2.926370621E0,-5.907764435E1,-2.879394531E1,6.578619151E1
1.241367533E1,2.725631714E0,-5.926181793E1,-2.845275879E1,6.579476891E1
1.242371833E1,2.548980713E0,-5.931108093E1,-2.773803711E1,6.552633308E1
1.243376233E1,2.412183762E0,-5.976258087E1,-2.773999023E1,6.593096208E1
1.244380533E1,2.355216980E0,-5.983385086E1,-2.694415283E1,6.566295857E1
1.245384933E1,2.143192291E0,-6.006914902E1,-2.684997559E1,6.583173343E1
1.246389333E1,1.875619888E0,-6.039114380E1,-2.656243896E1,6.600129819E1
1.247393633E1,1.888681412E0,-6.032444763E1,-2.585217285E1,6.565775614E1
1.248398033E1,1.653892517E0,-6.060852814E1,-2.565124512E1,6.583399896E1
1.249402333E1,1.390058517E0,-6.087842560E1,-2.530615234E1,6.594328103E1
1.250406733E1,8.328208923E-1,-6.080812836E1,-2.492449951E1,6.572330440E1
1.251411133E1,1.750049591E-1,-6.126168823E1,-2.461273193E1,6.602129691E1
1.252415433E1,-4.139690399E-1,-6.135865784E1,-2.379803467E1,6.581339314E1
1.253419833E1,-1.253776550E0,-6.170179749E1,-2.365350342E1,6.609214774E1
1.254424133E1,-2.041852951E0,-6.181906128E1,-2.304785156E1,6.600734022E1
1.255428533E1,-2.627346039E0,-6.161897659E1,-2.246081543E1,6.563756130E1
1.256432833E1,-3.557992935E0,-6.184117508E1,-2.244299316E1,6.588382344E1
1.257437233E1,-3.903654099E0,-6.198532104E1,-2.173425293E1,6.580118761E1
1.258441633E1,-4.299495697E0,-6.178824234E1,-2.180401611E1,6.566344244E1
1.259445933E1,-4.570133209E0,-6.223125458E1,-2.158734131E1,6.602748268E1
1.260450333E1,-4.713474274E0,-6.188204575E1,-2.101232910E1,6.552192305E1
1.261454633E1,-5.341150284E0,-6.232640839E1,-2.084143066E1,6.593537974E1
1.262459033E1,-5.544763565E0,-6.241056061E1,-2.037530518E1,6.588608001E1
1.263463333E1,-5.755680084E0,-6.221221924E1,-2.021411133E1,6.566656967E1
1.264467733E1,-6.209796906E0,-6.232758331E1,-2.052911377E1,6.591459422E1
1.265472133E1,-6.281770706E0,-6.235252380E1,-1.998046875E1,6.577626471E1
1.266476433E1,-6.901582718E0,-6.241858673E1,-2.011364746E1,6.594141815E1
1.267480833E1,-7.134826660E0,-6.237716675E1,-1.962121582E1,6.577848275E1
1.268485133E1,-7.273714066E0,-6.222448349E1,-1.940313721E1,6.558410627E1
1.269489533E1,-7.903371811E0,-6.260898590E1,-1.935174561E1,6.600635166E1
1.270493933E1,-7.999980927E0,-6.268045425E1,-1.878564453E1,6.592222297E1
1.271498233E1,-8.091871262E0,-6.264672852E1,-1.871789551E1,6.588209610E1
1.272502633E1,-8.261459351E0,-6.281113815E1,-1.821905518E1,6.591983585E1
1.273506933E1,-8.245916367E0,-6.280878830E1,-1.834075928E1,6.594939329E1
1.274511333E1,-8.177120209E0,-6.275622559E1,-1.764611816E1,6.570079627E1
1.275515633E1,-8.223842621E0,-6.292632294E1,-1.803564453E1,6.597452675E1
1.276520033E1,-7.991411209E0,-6.298949432E1,-1.736236572E1,6.582545702E1
1.277524433E1,-7.872283936E0,-6.280290604E1,-1.738592529E1,6.563877101E1
1.278528733E1,-7.942800522E0,-6.301099014E1,-1.762896729E1,6.591095088E1
1.279533133E1,-8.077026367E0,-6.293441772E1,-1.681799316E1,6.564163453E1
1.280537433E1,-8.095655441E0,-6.315492630E1,-1.711450195E1,6.593171111E1
1.281541833E1,-7.872114182E0,-6.303454590E1,-1.656567383E1,6.564865351E1
1.282546233E1,-7.778833389E0,-6.281269455E1,-1.623748779E1,6.534218282E1
1.283550533E1,-7.770776749E0,-6.307761383E1,-1.680541992E1,6.573882016E1
1.284554933E1,-7.781988144E0,-6.296826935E1,-1.630065918E1,6.550781460E1
1.285559233E1,-7.757204056E0,-6.311385345E1,-1.640002441E1,6.566957829E1
1.286563633E1,-7.736711502E0,-6.328982544E1,-1.639782715E1,6.583576113E1
1.287567933E1,-7.377603531E0,-6.303180313E1,-1.591339111E1,6.542685425E1
1.288572333E1,-7.421813965E0,-6.332285309E1,-1.618811035E1,6.577934298E1
1.289576733E1,-7.025053024E0,-6.327024078E1,-1.569421387E1,6.556510572E1
1.290581033E1,-6.614770889E0,-6.313355637E1,-1.551342773E1,6.534728436E1
1.291585433E1,-6.220548630E0,-6.343302917E1,-1.584271240E1,6.567675351E1
1.292589733E1,-6.059631348E0,-6.325516510E1,-1.573291016E1,6.546342113E1
1.293594133E1,-5.980184555E0,-6.341374207E1,-1.619488525E1,6.572168286E1
1.294598433E1,-5.617176056E0,-6.349521255E1,-1.577435303E1,6.566601022E1
1.295602833E1,-5.375411987E0,-6.339385986E1,-1.560919189E1,6.550819333E1
1.296607233E1,-5.116807938E0,-6.349414062E1,-1.615679932E1,6.571704331E1
1.297611533E1,-4.855594635E0,-6.362558746E1,-1.584112549E1,6.574749756E1
1.298615933E1,-4.513229370E0,-6.336500931E1,-1.631091309E1,6.558612300E1
1.299620233E1,-4.282295227E0,-6.379072571E1,-1.630133057E1,6.597975536E1
1.300624633E1,-3.563215256E0,-6.331644058E1,-1.574102783E1,6.534101398E1
1.301629033E1,-3.316476822E0,-6.382669830E1,-1.585089111E1,6.584904847E1
1.302633333E1,-2.836217880E0,-6.376615524E1,-1.561401367E1,6.571121753E1
1.303637733E1,-2.091032028E0,-6.358225250E1,-1.555163574E1,6.548991237E1
1.304642033E1,-1.495128632E0,-6.363549805E1,-1.548059082E1,6.550847818E1
1.305646433E1,-9.204463959E-1,-6.331622314E1,-1.527679443E1,6.513963297E1
1.306650733E1,-4.110679626E-1,-6.366288376E1,-1.555548096E1,6.553704855E1
1.307655133E1,1.084880829E-1,-6.367008209E1,-1.486798096E1,6.538308635E1
1.308659533E1,8.399600983E-1,-6.316621399E1,-1.432110596E1,6.477476514E1
1.309663833E1,1.119546890E0,-6.361559296E1,-1.453466797E1,6.526448977E1
1.310668233E1,1.500349045E0,-6.383644104E1,-1.452880859E1,6.548609418E1
1.311672533E1,1.350309372E0,-6.401875305E1,-1.476483154E1,6.571319752E1
1.312676933E1,1.351118088E0,-6.413703918E1,-1.458837891E1,6.578910331E1
1.313681233E1,1.701435089E0,-6.393516922E1,-1.408062744E1,6.548942521E1
1.314685633E1,1.710252762E0,-6.406584167E1,-1.425659180E1,6.565521642E1
1.315690033E1,1.895736694E0,-6.408363342E1,-1.401770020E1,6.562622806E1
1.316694333E1,2.278331757E0,-6.386527252E1,-1.434436035E1,6.549598846E1
1.317698733E1,2.727451324E0,-6.410874939E1,-1.474316406E1,6.583867880E1
1.318703033E1,3.510980606E0,-6.393273926E1,-1.435168457E1,6.561777948E1
1.319707433E1,4.066873550E0,-6.400778961E1,-1.474206543E1,6.580930850E1
1.320711733E1,4.241546631E0,-6.391949081E1,-1.464062500E1,6.571179441E1
1.321716133E1,4.683799744E0,-6.371068573E1,-1.456842041E1,6.552273140E1
1.322720533E1,4.683799744E0,-6.371068573E1,-1.456842041E1,6.552273140E1
1.323724833E1,4.699451447E0,-6.386277771E1,-1.497827148E1,6.576387943E1
1.324729233E1,4.933086395E0,-6.386645126E1,-1.461022949E1,6.570173319E1
1.325733496E1,4.887212753E0,-6.409738922E1,-1.470892334E1,6.594476916E1
1.326737896E1,4.920856476E0,-6.414611816E1,-1.482702637E1,6.602105736E1
1.327742196E1,5.196771622E0,-6.380179977E1,-1.423492432E1,6.557674252E1
1.328746596E1,5.268062592E0,-6.395586395E1,-1.446667480E1,6.578289821E1
1.329750996E1,5.470670700E0,-6.407511902E1,-1.374737549E1,6.576123058E1
1.330755296E1,5.466693878E0,-6.401661682E1,-1.383996582E1,6.572333395E1
1.331759696E1,5.640937805E0,-6.411724854E1,-1.370721436E1,6.580827808E1
1.332763996E1,5.870904922E0,-6.415674591E1,-1.342175293E1,6.580804679E1
1.333768396E1,5.780290604E0,-6.445015717E1,-1.369152832E1,6.614145800E1
1.334772796E1,5.929450989E0,-6.422191620E1,-1.294525146E1,6.578139893E1
1.335777096E1,5.795799255E0,-6.420323181E1,-1.270404053E1,6.570417726E1
1.336781496E1,5.694776535E0,-6.445893097E1,-1.304034424E1,6.601086910E1
1.337785796E1,5.471250534E0,-6.459606934E1,-1.287158203E1,6.609284666E1
1.338790196E1,5.492219925E0,-6.440641022E1,-1.324755859E1,6.598369469E1
1.339794496E1,5.650520325E0,-6.466738129E1,-1.347424316E1,6.629746459E1
1.340798896E1,6.020717621E0,-6.391300964E1,-1.267425537E1,6.543514798E1
1.341803296E1,5.909452438E0,-6.442337799E1,-1.299145508E1,6.598538599E1
1.342807596E1,6.187330246E0,-6.412700653E1,-1.236914062E1,6.560146082E1
1.343811996E1,6.302722931E0,-6.416691589E1,-1.270104980E1,6.571479345E1
1.344816296E1,6.087051392E0,-6.430094910E1,-1.265283203E1,6.581609536E1
1.345820696E1,6.011751175E0,-6.423161316E1,-1.218603516E1,6.565318525E1
1.346824996E1,5.657600403E0,-6.453560638E1,-1.258850098E1,6.599487321E1
1.347829396E1,5.646917343E0,-6.461129761E1,-1.216223145E1,6.598808474E1
1.348833796E1,5.713674545E0,-6.445478058E1,-1.188537598E1,6.579002188E1
1.349838096E1,5.479072571E0,-6.465136719E1,-1.228198242E1,6.603534362E1
1.350842496E1,5.508789062E0,-6.456932831E1,-1.213629150E1,6.593052773E1
1.351846796E1,5.409137726E0,-6.459021759E1,-1.214691162E1,6.594469229E1
1.352851196E1,5.246912003E0,-6.470637512E1,-1.231585693E1,6.607666304E1
1.353855496E1,5.375144958E0,-6.432189941E1,-1.169293213E1,6.559667361E1
1.354859896E1,5.382942200E0,-6.458403778E1,-1.229553223E1,6.596403653E1
1.355864296E1,5.469575882E0,-6.462060547E1,-1.201928711E1,6.595606245E1
1.356868596E1,5.649425507E0,-6.459048462E1,-1.200366211E1,6.593887030E1
1.357872996E1,5.595676422E0,-6.469551086E1,-1.227099609E1,6.608629257E1
1.358877296E1,5.411411285E0,-6.472750854E1,-1.161157227E1,6.598304589E1
1.359881696E1,5.367448807E0,-6.485365295E1,-1.194104004E1,6.616187910E1
1.360885996E1,5.331205368E0,-6.476609039E1,-1.162396240E1,6.601654881E1
1.361890396E1,5.309503555E0,-6.453294373E1,-1.136212158E1,6.574031838E1
1.362894796E1,5.306493759E0,-6.481800079E1,-1.176910400E1,6.609117878E1
1.363899096E1,5.365848541E0,-6.475675201E1,-1.153576660E1,6.599472080E1
1.364903496E1,5.289344788E0,-6.480913544E1,-1.168054199E1,6.606539386E1
1.365907796E1,5.437467575E0,-6.482222748E1,-1.177758789E1,6.610747919E1
1.366912196E1,5.674814224E0,-6.445736694E1,-1.116986084E1,6.566369972E1
1.367916496E1,5.716112137E0,-6.476213837E1,-1.178521729E1,6.607344285E1
1.368920896E1,5.908721924E0,-6.473114777E1,-1.155700684E1,6.601968565E1
1.369925296E1,5.887172699E0,-6.456143951E1,-1.159912109E1,6.585877227E1
1.370929596E1,6.108343124E0,-6.464503479E1,-1.180065918E1,6.599657518E1
1.371933996E1,6.108343124E0,-6.464503479E1,-1.180065918E1,6.599657518E1
1.372938296E1,6.391880035E0,-6.459780884E1,-1.143389893E1,6.591257150E1
1.373942696E1,6.246618271E0,-6.466391754E1,-1.177355957E1,6.602317151E1
1.374946996E1,6.267911911E0,-6.446855164E1,-1.111669922E1,6.571956993E1
1.375951396E1,6.516273499E0,-6.444116211E1,-1.098529053E1,6.569476237E1
1.376955796E1,6.532587051E0,-6.468448639E1,-1.148034668E1,6.601935953E1
1.377960096E1,6.659479141E0,-6.460674286E1,-1.129003906E1,6.592302229E1
1.378964496E1,6.775966644E0,-6.455631256E1,-1.173266602E1,6.596276728E1
1.379968796E1,7.054468155E0,-6.461267853E1,-1.154705811E1,6.601437948E1
1.380973196E1,7.621786118E0,-6.383976746E1,-1.121862793E1,6.526457803E1
1.381977496E1,7.743516922E0,-6.423690033E1,-1.130633545E1,6.568237693E1
1.382981896E1,7.815820694E0,-6.405342865E1,-1.113873291E1,6.548282329E1
1.383986296E1,7.991456985E0,-6.422457886E1,-1.142742920E1,6.572097118E1
1.384990596E1,8.352392197E0,-6.415673828E1,-1.172467041E1,6.575193852E1
1.385994996E1,8.745779037E0,-6.405083466E1,-1.182165527E1,6.571719413E1
1.386999296E1,8.626157761E0,-6.411246490E1,-1.223779297E1,6.583754499E1
1.388003696E1,9.129430771E0,-6.384044647E1,-1.274652100E1,6.573753045E1
1.389007996E1,9.560632706E0,-6.357641602E1,-1.303332520E1,6.559903915E1
1.390012396E1,9.435293198E0,-6.362236404E1,-1.395977783E1,6.581569236E1
1.391016796E1,9.571859360E0,-6.338059998E1,-1.406469727E1,6.562420784E1
1.392021096E1,9.742097855E0,-6.333234406E1,-1.485742188E1,6.577717886E1
1.393025496E1,1.017404366E1,-6.306482697E1,-1.540545654E1,6.571157931E1
1.394029796E1,1.030095482E1,-6.252830505E1,-1.539794922E1,6.521499401E1
1.395034196E1,1.007018089E1,-6.266580963E1,-1.646032715E1,6.556946400E1
1.396038496E1,1.007264519E1,-6.250489044E1,-1.680358887E1,6.550328319E1
1.397042896E1,1.025885773E1,-6.252525330E1,-1.769219971E1,6.578499367E1
1.398047296E1,1.006179047E1,-6.238227844E1,-1.821789551E1,6.576229929E1
1.399051596E1,1.001058769E1,-6.206551361E1,-1.816650391E1,6.543975634E1
1.400055996E1,9.717298508E0,-6.208421707E1,-1.920080566E1,6.570804241E1
1.401060296E1,9.370523453E0,-6.201644897E1,-1.964099121E1,6.572377948E1
1.402064696E1,8.984209061E0,-6.165126038E1,-2.048553467E1,6.558392371E1
1.403068996E1,8.167200089E0,-6.185453033E1,-2.157104492E1,6.601511993E1
1.404073396E1,7.845083237E0,-6.156093216E1,-2.181811523E1,6.578239773E1
1.405077796E1,7.271825790E0,-6.150518799E1,-2.268041992E1,6.595581133E1
1.406082096E1,6.713184357E0,-6.135424805E1,-2.302984619E1,6.587704011E1
1.407086496E1,6.390018463E0,-6.097550583E1,-2.286083984E1,6.543288657E1
1.408090796E1,6.115440369E0,-6.118687439E1,-2.382958984E1,6.594756675E1
1.409095196E1,5.927259445E0,-6.112170410E1,-2.403155518E1,6.594323893E1
1.410099496E1,5.883766174E0,-6.082852173E1,-2.476110840E1,6.593815473E1
1.411103896E1,5.659553528E0,-6.074322891E1,-2.525573730E1,6.602743878E1
1.412108296E1,5.515514374E0,-6.023767853E1,-2.537396240E1,6.559601193E1
1.413112596E1,4.998779297E0,-6.012216568E1,-2.628717041E1,6.580788652E1
1.414116996E1,4.864690781E0,-5.976189804E1,-2.677789307E1,6.566738331E1
1.415121296E1,4.771551132E0,-5.913278198E1,-2.687298584E1,6.512765137E1
1.416125696E1,4.574432373E0,-5.905794907E1,-2.834771729E1,6.566856063E1
1.417129996E1,4.256923676E0,-5.856838608E1,-2.890167236E1,6.544985800E1
1.418134396E1,3.963563919E0,-5.828193665E1,-2.996173096E1,6.565210812E1
1.419138696E1,3.603599548E0,-5.789562988E1,-3.063824463E1,6.560176768E1
1.420143096E1,3.460487366E0,-5.725683212E1,-3.114874268E1,6.527299570E1
1.421147496E1,3.460487366E0,-5.725683212E1,-3.114874268E1,6.527299570E1
1.422151796E1,3.129238129E0,-5.705509949E1,-3.191485596E1,6.544948082E1
1.423156196E1,2.665460587E0,-5.665308762E1,-3.270458984E1,6.546958999E1
1.424160496E1,2.775741577E0,-5.621900177E1,-3.375439453E1,6.563261424E1
1.425164896E1,2.362802505E0,-5.572604370E1,-3.426593018E1,6.546089484E1
1.426169179E1,2.286834717E0,-5.495162582E1,-3.458874512E1,6.497147130E1
1.427173579E1,1.874996185E0,-5.460386658E1,-3.565454102E1,6.524066332E1
1.428177979E1,1.469161987E0,-5.395060730E1,-3.656347656E1,6.518983267E1
1.429182279E1,5.890235901E-1,-5.293489838E1,-3.712097168E1,6.465614397E1
1.430186679E1,-6.532287598E-2,-5.247306824E1,-3.860095215E1,6.514185033E1
1.431190979E1,-7.490253448E-1,-5.186826324E1,-3.920599365E1,6.502297832E1
1.432195379E1,-1.819692612E0,-5.133021545E1,-4.005560303E1,6.513488799E1
1.433199679E1,-2.334875107E0,-5.088187790E1,-4.062377930E1,6.515142811E1
1.434204079E1,-2.786733627E0,-5.035048676E1,-4.073663330E1,6.482600322E1
1.435208479E1,-2.896743774E0,-4.996883392E1,-4.147003174E1,6.500030016E1
1.436212779E1,-2.691967010E0,-4.976563263E1,-4.149865723E1,6.485370790E1
1.437217179E1,-2.229598999E0,-4.949428558E1,-4.191601562E1,6.489690118E1
1.438221479E1,-1.858955383E0,-4.929798126E1,-4.188604736E1,6.471620844E1
1.439225879E1,-1.163537979E0,-4.864782715E1,-4.172839355E1,6.410322719E1
1.440230179E1,-6.483116150E-1,-4.890988922E1,-4.228729248E1,6.465920412E1
1.441234579E1,-1.466312408E-1,-4.881417084E1,-4.212762451E1,6.447931081E1
1.442238979E1,3.102931976E-1,-4.841197968E1,-4.229730225E1,6.428746250E1
1.443243279E1,4.507961273E-1,-4.851416016E1,-4.278833008E1,6.468901100E1
1.444247679E1,4.854030609E-1,-4.831089020E1,-4.220117188E1,6.414917486E1
1.445251979E1,4.221439362E-1,-4.818940735E1,-4.284448242E1,6.448291913E1
1.446256379E1,6.304397583E-1,-4.801331329E1,-4.287768555E1,6.437524078E1
1.447260679E1,1.006887436E0,-4.776823807E1,-4.240447998E1,6.388237873E1
1.448265079E1,1.099246979E0,-4.787485504E1,-4.277551270E1,6.421023731E1
1.449269379E1,1.567914963E0,-4.759698868E1,-4.273126221E1,6.398353271E1
1.450273779E1,1.805250168E0,-4.740161896E1,-4.307940674E1,6.407813740E1
1.451278179E1,2.134756088E0,-4.726773071E1,-4.334844971E1,6.417073821E1
1.452282479E1,2.691484451E0,-4.660784912E1,-4.299884033E1,6.346996107E1
1.453286879E1,2.848558426E0,-4.653981018E1,-4.354327393E1,6.379721719E1
1.454291179E1,3.071651459E0,-4.604208755E1,-4.345288086E1,6.338344992E1
1.455295579E1,3.194808960E0,-4.532434845E1,-4.395672607E1,6.321943636E1
1.456299879E1,3.073871613E0,-4.502014923E1,-4.521398926E1,6.387931863E1
1.457304279E1,3.313310623E0,-4.419805145E1,-4.560125732E1,6.359182690E1
1.458308679E1,3.374294281E0,-4.364864349E1,-4.624475098E1,6.368019263E1
1.459312979E1,3.724681854E0,-4.300839233E1,-4.658471680E1,6.351165960E1
1.460317379E1,4.118045807E0,-4.245737457E1,-4.630657959E1,6.295940176E1
1.461321679E1,4.292003632E0,-4.242099762E1,-4.692755127E1,6.340471120E1
1.462326079E1,4.798240662E0,-4.227727127E1,-4.645227051E1,6.299368393E1
1.463330379E1,5.063566208E0,-4.219868851E1,-4.660729980E1,6.307621905E1
1.464334779E1,5.202764511E0,-4.226522446E1,-4.661334229E1,6.313653171E1
1.465339079E1,5.449096680E0,-4.216426086E1,-4.606866455E1,6.268843117E1
1.466343479E1,5.374275208E0,-4.265784454E1,-4.630957031E1,6.319138262E1
1.467347879E1,5.565208435E0,-4.276808548E1,-4.581207275E1,6.291920764E1
1.468352179E1,5.938098907E0,-4.273040771E1,-4.514044189E1,6.244043767E1
1.469356579E1,5.938098907E0,-4.273040771E1,-4.514044189E1,6.244043767E1
1.470360879E1,6.300437927E0,-4.316341400E1,-4.534997559E1,6.292373250E1
1.471365279E1,6.777904510E0,-4.338453293E1,-4.467449951E1,6.264158837E1
1.472369579E1,7.303916931E0,-4.361865997E1,-4.478167725E1,6.293912390E1
1.473373979E1,7.618541718E0,-4.388517380E1,-4.426153564E1,6.279358403E1
1.474378379E1,8.056621552E0,-4.398328400E1,-4.379656982E1,6.259055800E1
1.475382679E1,8.317893982E0,-4.440770721E1,-4.387719727E1,6.297968133E1
1.476387079E1,8.633672714E0,-4.452895355E1,-4.328460693E1,6.269709089E1
1.477391379E1,8.864313126E0,-4.469017029E1,-4.305151367E1,6.268349222E1
1.478395779E1,9.313619614E0,-4.482225800E1,-4.294158936E1,6.276749492E1
1.479400079E1,9.833425522E0,-4.480695343E1,-4.213348389E1,6.228635322E1
1.480404479E1,1.057547951E1,-4.521467590E1,-4.236138916E1,6.285455413E1
1.481408779E1,1.117748451E1,-4.536803436E1,-4.150842285E1,6.249915095E1
1.482413179E1,1.176036644E1,-4.521138382E1,-4.098474121E1,6.214599310E1
1.483417579E1,1.247879601E1,-4.568976593E1,-4.115655518E1,6.274661022E1
1.484421879E1,1.331781197E1,-4.576535034E1,-4.041717529E1,6.249303534E1
1.485426279E1,1.378300667E1,-4.587618637E1,-4.030041504E1,6.259967413E1
1.486430579E1,1.410657692E1,-4.586915588E1,-4.017468262E1,6.258578191E1
1.487434979E1,1.462927055E1,-4.549438477E1,-4.010174561E1,6.238513126E1
1.488439279E1,1.508076668E1,-4.568371582E1,-3.995782471E1,6.253846153E1
1.489443679E1,1.529961967E1,-4.567332840E1,-3.945721436E1,6.226558483E1
1.490448079E1,1.538145638E1,-4.561860657E1,-3.986425781E1,6.250444397E1
1.491452379E1,1.557834816E1,-4.566734314E1,-3.952783203E1,6.237500033E1
1.492456779E1,1.564293098E1,-4.546124268E1,-3.889361572E1,6.183962499E1
1.493461079E1,1.582949257E1,-4.544472122E1,-3.884088135E1,6.184181098E1
1.494465479E1,1.605417824E1,-4.542179871E1,-3.824230957E1,6.150894795E1
1.495469779E1,1.627995491E1,-4.536861038E1,-3.797460938E1,6.136300756E1
1.496474179E1,1.633967400E1,-4.562300873E1,-3.812921143E1,6.166263565E1
1.497478479E1,1.653390503E1,-4.570423889E1,-3.787353516E1,6.161697926E1
1.498482879E1,1.686139679E1,-4.577037811E1,-3.787872314E1,6.175784874E1
1.499487279E1,1.725957489E1,-4.537058258E1,-3.745605469E1,6.131344650E1
1.500491579E1,1.766924667E1,-4.465328979E1,-3.695080566E1,6.059274385E1
1.501495979E1,1.791373444E1,-4.458811188E1,-3.698376465E1,6.063662631E1
1.502500279E1,1.842384338E1,-4.452084351E1,-3.670739746E1,6.057207723E1
1.503504679E1,1.908002281E1,-4.448428345E1,-3.702941895E1,6.094322449E1
1.504508979E1,1.903187370E1,-4.440228271E1,-3.688531494E1,6.078076493E1
1.505513379E1,1.922326088E1,-4.391692352E1,-3.646075439E1,6.022969817E1
1.506517679E1,1.904211998E1,-4.411972809E1,-3.650201416E1,6.034525481E1
1.507522079E1,1.904396629E1,-4.422619629E1,-3.609277344E1,6.017738267E1
1.508526479E1,1.909929085E1,-4.417554474E1,-3.573364258E1,5.994293016E1
1.509530779E1,1.898678970E1,-4.453747559E1,-3.611907959E1,6.040424509E1
1.510535179E1,1.894911957E1,-4.456176758E1,-3.556079102E1,6.007820004E1
1.511539479E1,1.921298218E1,-4.468569183E1,-3.566351318E1,6.031447514E1
1.512543879E1,1.931935120E1,-4.453501892E1,-3.529199219E1,6.001774699E1
1.513548179E1,1.980881882E1,-4.418846130E1,-3.478503418E1,5.962388798E1
1.514552579E1,2.017541885E1,-4.421265793E1,-3.506280518E1,5.992667982E1
1.515556879E1,2.046685410E1,-4.408014679E1,-3.486889648E1,5.981464202E1
1.516561279E1,2.081502533E1,-4.400800323E1,-3.514361572E1,6.004201324E1
1.517565679E1,2.115393066E1,-4.397798157E1,-3.509362793E1,6.010918704E1
1.518569979E1,2.115393066E1,-4.397798157E1,-3.509362793E1,6.010918704E1
1.519574379E1,2.170135880E1,-4.363423157E1,-3.453454590E1,5.972880376E1
1.520578679E1,2.178747559E1,-4.385752106E1,-3.455487061E1,5.993509263E1
1.521583079E1,2.215470695E1,-4.392238235E1,-3.408605957E1,5.984869396E1
1.522587379E1,2.254671669E1,-4.389918518E1,-3.356115723E1,5.968118772E1
1.523591779E1,2.258154869E1,-4.395505524E1,-3.353790283E1,5.972239235E1
1.524596179E1,2.267510033E1,-4.401409149E1,-3.314636230E1,5.958256254E1
1.525600479E1,2.278717613E1,-4.409655762E1,-3.313818359E1,5.968166386E1
1.526604867E1,2.292334175E1,-4.411211395E1,-3.262109375E1,5.946001978E1
1.527609167E1,2.310356712E1,-4.413462830E1,-3.185528564E1,5.913035982E1
1.528613567E1,2.315518379E1,-4.437228012E1,-3.201513672E1,5.941406196E1
1.529617867E1,2.319997978E1,-4.431772614E1,-3.137042236E1,5.904577302E1
1.530622267E1,2.309482765E1,-4.455344009E1,-3.181835938E1,5.942043488E1
1.531626567E1,2.321505928E1,-4.456630707E1,-3.164367676E1,5.938364238E1
1.532630967E1,2.356094170E1,-4.423666000E1,-3.102288818E1,5.894420797E1
1.533635367E1,2.362106514E1,-4.441842651E1,-3.107843018E1,5.913391712E1
1.534639667E1,2.395608330E1,-4.434866333E1,-3.094378662E1,5.914571664E1
1.535644067E1,2.435863876E1,-4.383830643E1,-3.040234375E1,5.864676375E1
1.536648367E1,2.459803391E1,-4.396588516E1,-3.048126221E1,5.888267721E1
1.537652767E1,2.484644699E1,-4.399678040E1,-3.016613770E1,5.884775677E1
1.538657067E1,2.482536697E1,-4.424425125E1,-3.061737061E1,5.925602077E1
1.539661467E1,2.505555344E1,-4.433216858E1,-2.988690186E1,5.904531168E1
1.540665767E1,2.529742813E1,-4.419188309E1,-2.950396729E1,5.885037372E1
1.541670167E1,2.517604446E1,-4.438330841E1,-2.956207275E1,5.897141194E1
1.542674567E1,2.520766068E1,-4.437084198E1,-2.946331787E1,5.892609672E1
1.543678867E1,2.523325729E1,-4.453738403E1,-2.970916748E1,5.918555975E1
1.544683267E1,2.553929138E1,-4.442858124E1,-2.966943359E1,5.921511230E1
1.545687567E1,2.577770996E1,-4.407664490E1,-2.924914551E1,5.884516522E1
1.546691967E1,2.578443527E1,-4.432672119E1,-2.951696777E1,5.916879837E1
1.547696267E1,2.601728821E1,-4.411708832E1,-2.894915771E1,5.883256326E1
1.548700667E1,2.633407211E1,-4.393154144E1,-2.850231934E1,5.861608905E1
1.549704967E1,2.635216522E1,-4.409563446E1,-2.864770508E1,5.881796151E1
1.550709367E1,2.655025482E1,-4.386769104E1,-2.826416016E1,5.855043209E1
1.551713667E1,2.681243134E1,-4.412334442E1,-2.839233398E1,5.892283620E1
1.552718067E1,2.697633171E1,-4.406893539E1,-2.779827881E1,5.867314415E1
1.553722467E1,2.728330803E1,-4.372515869E1,-2.760003662E1,5.846392410E1
1.554726767E1,2.738109016E1,-4.394686127E1,-2.742285156E1,5.859235020E1
1.555731167E1,2.744062233E1,-4.405365753E1,-2.708477783E1,5.854312672E1
1.556735467E1,2.745631981E1,-4.409171677E1,-2.718334961E1,5.862476849E1
1.557739867E1,2.765430641E1,-4.441474533E1,-2.710418701E1,5.892424984E1
1.558744167E1,2.798888969E1,-4.417787170E1,-2.587432861E1,5.834846335E1
1.559748567E1,2.796318626E1,-4.461582184E1,-2.604296875E1,5.874306398E1
1.560752967E1,2.786266899E1,-4.475611877E1,-2.556768799E1,5.859304703E1
1.561757267E1,2.804132271E1,-4.457304382E1,-2.565551758E1,5.857710813E1
1.562761667E1,2.813291740E1,-4.486457825E1,-2.580883789E1,5.890999521E1
1.563765967E1,2.832474709E1,-4.465303802E1,-2.543261719E1,5.867710899E1
1.564770367E1,2.853391457E1,-4.466020966E1,-2.559783936E1,5.885548391E1
1.565774667E1,2.884556770E1,-4.460017395E1,-2.546520996E1,5.890432251E1
1.566779067E1,2.919133568E1,-4.421896362E1,-2.530419922E1,5.871757250E1
1.567783367E1,2.919133568E1,-4.421896362E1,-2.530419922E1,5.871757250E1
1.568787767E1,2.920502663E1,-4.427392578E1,-2.557006836E1,5.888074796E1
1.569792167E1,2.944462013E1,-4.413405991E1,-2.531384277E1,5.878427965E1
1.570796467E1,2.953261375E1,-4.399011230E1,-2.533111572E1,5.872793781E1
1.571800867E1,2.963607979E1,-4.399941254E1,-2.554339600E1,5.887877893E1
1.572805167E1,2.963067055E1,-4.387728119E1,-2.483129883E1,5.847893504E1
1.573809567E1,2.966947746E1,-4.420203781E1,-2.515734863E1,5.888115343E1
1.574813867E1,2.965985680E1,-4.411545563E1,-2.468090820E1,5.860910987E1
1.575818267E1,2.976482964E1,-4.403148651E1,-2.433624268E1,5.845485091E1
1.576822567E1,2.982802391E1,-4.413921738E1,-2.414691162E1,5.848978425E1
1.577826967E1,3.006584358E1,-4.408031464E1,-2.365222168E1,5.836485825E1
1.578831267E1,3.004055977E1,-4.437575531E1,-2.371411133E1,5.860035808E1
1.579835667E1,3.038598442E1,-4.425725174E1,-2.357427979E1,5.863240613E1
1.580840067E1,3.058950043E1,-4.406458664E1,-2.361065674E1,5.860775071E1
1.581844367E1,3.057444763E1,-4.406812668E1,-2.378546143E1,5.867320353E1
1.582848767E1,3.081573868E1,-4.388756561E1,-2.341259766E1,5.851391198E1
1.583853067E1,3.098201370E1,-4.376301956E1,-2.378912354E1,5.866011808E1
1.584857467E1,3.108772659E1,-4.363488770E1,-2.395983887E1,5.869006771E1
1.585861767E1,3.120676804E1,-4.334350586E1,-2.392047119E1,5.852102881E1
1.586866167E1,3.128981972E1,-4.340747070E1,-2.439880371E1,5.880954815E1
1.587870467E1,3.132749367E1,-4.316320419E1,-2.428356934E1,5.860175591E1
1.588874867E1,3.156595802E1,-4.288988113E1,-2.426727295E1,5.852223634E1
1.589879267E1,3.146499825E1,-4.299920273E1,-2.468847656E1,5.872391697E1
1.590883567E1,3.179457283E1,-4.254936981E1,-2.470129395E1,5.857898647E1
1.591887967E1,3.181125069E1,-4.260383606E1,-2.537719727E1,5.891557229E1
1.592892267E1,3.195239067E1,-4.222354507E1,-2.486871338E1,5.849987977E1
1.593896667E1,3.213758087E1,-4.192004395E1,-2.486828613E1,5.838275297E1
1.594900967E1,3.243273163E1,-4.196341324E1,-2.510473633E1,5.867757594E1
1.595905367E1,3.260747528E1,-4.188192749E1,-2.485021973E1,5.860782128E1
1.596909667E1,3.263206482E1,-4.194733047E1,-2.512841797E1,5.878662754E1
1.597914067E1,3.278276443E1,-4.194337082E1,-2.487182617E1,5.875852055E1
1.598918367E1,3.303826523E1,-4.155415726E1,-2.462445068E1,5.852041119E1
1.599922767E1,3.310757446E1,-4.118484879E1,-2.501947021E1,5.846603412E1
1.600927167E1,3.312825394E1,-4.112544632E1,-2.476690674E1,5.832823684E1
1.601931467E1,3.318717957E1,-4.092512894E1,-2.516375732E1,5.839066491E1
1.602935867E1,3.317379761E1,-4.089960098E1,-2.552838135E1,5.852329846E1
1.603940167E1,3.327263260E1,-4.068120575E1,-2.494201660E1,5.817329949E1
1.604944567E1,3.328331757E1,-4.088061905E1,-2.515863037E1,5.841199298E1
1.605948867E1,3.348928833E1,-4.079483414E1,-2.474725342E1,5.829388885E1
1.606953267E1,3.382696533E1,-4.050836945E1,-2.473822021E1,5.828525644E1
1.607957567E1,3.384772491E1,-4.071134567E1,-2.473468018E1,5.843703065E1
1.608961967E1,3.392024994E1,-4.063238144E1,-2.453302002E1,5.833903366E1
1.609966367E1,3.399227142E1,-4.070909119E1,-2.455902100E1,5.844527469E1
1.610970667E1,3.385151672E1,-4.069420242E1,-2.469372559E1,5.840995958E1
1.611975067E1,3.407813263E1,-4.019847107E1,-2.441687012E1,5.808114794E1
1.612979367E1,3.418091583E1,-4.036628342E1,-2.467578125E1,5.836665165E1
1.613983767E1,3.434873199E1,-4.037200546E1,-2.463671875E1,5.845256304E1
1.614988067E1,3.440079498E1,-4.009867096E1,-2.505438232E1,5.847255922E1
1.615992467E1,3.438107300E1,-4.028123093E1,-2.530017090E1,5.869185968E1
1.616996767E1,3.438107300E1,-4.028123093E1,-2.530017090E1,5.869185968E1
1.618001167E1,3.448446274E1,-3.991302490E1,-2.498065186E1,5.836317927E1
1.619005567E1,3.448439407E1,-3.999565887E1,-2.559686279E1,5.868582067E1
1.620009867E1,3.466993713E1,-3.980821609E1,-2.488787842E1,5.836184628E1
1.621014267E1,3.485879898E1,-3.954179764E1,-2.486224365E1,5.828225104E1
1.622018567E1,3.472888947E1,-3.957223892E1,-2.539410400E1,5.845441279E1
1.623022967E1,3.488743210E1,-3.952595139E1,-2.522003174E1,5.844214021E1
1.624027267E1,3.518446350E1,-3.945482635E1,-2.559259033E1,5.873338467E1
1.625031667E1,3.527281189E1,-3.939123535E1,-2.567132568E1,5.877803708E1
1.626035967E1,3.536108398E1,-3.898410034E1,-2.539416504E1,5.843825766E1
1.627040367E1,3.539231873E1,-3.906684494E1,-2.591021729E1,5.873818143E1
1.628044667E1,3.532320404E1,-3.909177017E1,-2.559326172E1,5.857397275E1
1.629049067E1,3.557647705E1,-3.900500870E1,-2.575799561E1,5.874138882E1
1.630053467E1,3.547920227E1,-3.906660461E1,-2.564221191E1,5.867279115E1
1.631057767E1,3.546989822E1,-3.888703156E1,-2.545825195E1,5.846740541E1
1.632062167E1,3.549335098E1,-3.905992889E1,-2.627612305E1,5.895668454E1
1.633066467E1,3.566664886E1,-3.904592514E1,-2.588482666E1,5.887884478E1
1.634070867E1,3.588929367E1,-3.877684402E1,-2.524401855E1,5.855719858E1
1.635075167E1,3.581798935E1,-3.907334518E1,-2.556970215E1,5.885120502E1
1.636079567E1,3.587234116E1,-3.901910019E1,-2.485931396E1,5.854315101E1
1.637083867E1,3.575593185E1,-3.913820267E1,-2.531719971E1,5.874730778E1
1.638088267E1,3.550526810E1,-3.917752457E1,-2.517016602E1,5.855800330E1
1.639092567E1,3.578437424E1,-3.886182404E1,-2.468377686E1,5.830996181E1
1.640096967E1,3.577869797E1,-3.913590240E1,-2.522808838E1,5.872129536E1
1.641101367E1,3.550996780E1,-3.913159180E1,-2.513232422E1,5.851387024E1
1.642105667E1,3.570024872E1,-3.897857666E1,-2.571173096E1,5.877865519E1
1.643110067E1,3.563583374E1,-3.888739395E1,-2.583410645E1,5.873281119E1
1.644114367E1,3.591589737E1,-3.862394333E1,-2.549774170E1,5.858238228E1
1.645118767E1,3.588996124E1,-3.869111252E1,-2.594183350E1,5.880535886E1
1.646123067E1,3.575158691E1,-3.845231628E1,-2.566992188E1,5.844400297E1
1.647127467E1,3.588541031E1,-3.818822479E1,-2.576788330E1,5.839595016E1
1.648131767E1,3.579990387E1,-3.816636658E1,-2.607489014E1,5.846541328E1
1.649136167E1,3.590529633E1,-3.816510010E1,-2.599774170E1,5.849485228E1
1.650140467E1,3.580849075E1,-3.822831345E1,-2.642736816E1,5.866905272E1
1.651144867E1,3.569945145E1,-3.836817169E1,-2.669714355E1,5.881585591E1
1.652149267E1,3.592592621E1,-3.796402359E1,-2.619622803E1,5.846521721E1
1.653153567E1,3.568069458E1,-3.816267014E1,-2.661376953E1,5.863270492E1
1.654157967E1,3.563674927E1,-3.809112930E1,-2.672595215E1,5.861048156E1
1.655162267E1,3.553841400E1,-3.796238327E1,-2.694580078E1,5.856788875E1
1.656166667E1,3.546334839E1,-3.798054886E1,-2.716485596E1,5.863531845E1
1.657170967E1,3.569189453E1,-3.779959106E1,-2.708319092E1,5.861927712E1
1.658175367E1,3.539234161E1,-3.794805908E1,-2.719909668E1,5.858723319E1
1.659179667E1,3.555136871E1,-3.793276596E1,-2.698010254E1,5.857235256E1
1.660184067E1,3.561003113E1,-3.770569611E1,-2.685913086E1,5.840553695E1
1.661188367E1,3.557463074E1,-3.785034943E1,-2.744293213E1,5.874791764E1
1.662192767E1,3.548455048E1,-3.771441650E1,-2.737384033E1,5.857352362E1
1.663197167E1,3.553018951E1,-3.767550278E1,-2.772552490E1,5.874131942E1
1.664201467E1,3.548451996E1,-3.765313721E1,-2.792773438E1,5.879513794E1
1.665205867E1,3.548451996E1,-3.765313721E1,-2.792773438E1,5.879513794E1
1.666210167E1,3.566888428E1,-3.725310898E1,-2.761187744E1,5.850195903E1
1.667214567E1,3.542723465E1,-3.737380219E1,-2.809405518E1,5.866145226E1
1.668218867E1,3.542693329E1,-3.730387878E1,-2.806726074E1,5.860390857E1
1.669223267E1,3.550758362E1,-3.716073608E1,-2.814727783E1,5.860015401E1
1.670227567E1,3.551724243E1,-3.735046768E1,-2.849945068E1,5.889610034E1
1.671231967E1,3.541070938E1,-3.707730484E1,-2.824102783E1,5.853375544E1
1.672236367E1,3.544279861E1,-3.718333817E1,-2.876397705E1,5.887409436E1
1.673240667E1,3.519563293E1,-3.695890427E1,-2.865679932E1,5.853123379E1
1.674245067E1,3.525839615E1,-3.668157578E1,-2.871447754E1,5.842271579E1
1.675249367E1,3.521646118E1,-3.666371918E1,-2.936981201E1,5.871127064E1
1.676253767E1,3.534708023E1,-3.638616180E1,-2.934948730E1,5.860683626E1
1.677258067E1,3.519422913E1,-3.644197083E1,-2.984588623E1,5.879989733E1
1.678262467E1,3.534374237E1,-3.636605072E1,-2.986254883E1,5.885101182E1
1.679266767E1,3.531568146E1,-3.598049164E1,-2.940313721E1,5.836383823E1
1.680271167E1,3.510457611E1,-3.618037415E1,-2.955920410E1,5.843883370E1
1.681275467E1,3.510050201E1,-3.614398575E1,-2.940936279E1,5.833818276E1
1.682279867E1,3.499626160E1,-3.608074188E1,-2.966333008E1,5.836498447E1
1.683284267E1,3.493289948E1,-3.627991486E1,-2.999523926E1,5.861957067E1
1.684288567E1,3.489621735E1,-3.611233139E1,-2.963470459E1,5.831005213E1
1.685292967E1,3.489070129E1,-3.627466202E1,-3.013720703E1,5.866398716E1
1.686297267E1,3.475763702E1,-3.615176010E1,-3.016589355E1,5.852370651E1
1.687301667E1,3.467099762E1,-3.587202454E1,-3.037908936E1,5.841035260E1
1.688305967E1,3.457248688E1,-3.591505051E1,-3.117370605E1,5.879581321E1
1.689310367E1,3.471465302E1,-3.547778702E1,-3.105017090E1,5.854821619E1
1.690314667E1,3.481392670E1,-3.516250229E1,-3.183898926E1,5.883988695E1
1.691319067E1,3.500273132E1,-3.488229752E1,-3.203082275E1,5.888921367E1
1.692323367E1,3.523336792E1,-3.402692413E1,-3.229559326E1,5.867049621E1
1.693327767E1,3.489938354E1,-3.449157333E1,-3.315435791E1,5.921863770E1
1.694332067E1,3.486069489E1,-3.412471771E1,-3.316821289E1,5.899063276E1
1.695336467E1,3.476097107E1,-3.362384415E1,-3.383386230E1,5.902218433E1
1.696340867E1,3.472898865E1,-3.333791733E1,-3.433532715E1,5.913065258E1
1.697345167E1,3.478274536E1,-3.287488556E1,-3.455169678E1,5.902895244E1
1.698349567E1,3.450325394E1,-3.261738968E1,-3.534442139E1,5.919118824E1
1.699353867E1,3.466217041E1,-3.201596069E1,-3.528607178E1,5.892023980E1
1.700358267E1,3.472864151E1,-3.147080612E1,-3.553369141E1,5.881439793E1
1.701362567E1,3.472361374E1,-3.120908737E1,-3.625714111E1,5.911274623E1
1.702366967E1,3.489146423E1,-3.095642090E1,-3.634240723E1,5.913108179E1
1.703371267E1,3.491064453E1,-3.084963989E1,-3.665026855E1,5.927643350E1
1.704375667E1,3.490071869E1,-3.065180969E1,-3.675000000E1,5.922968937E1
1.705379967E1,3.501714325E1,-3.029019547E1,-3.617883301E1,5.875886504E1
1.706384367E1,3.507598877E1,-3.037948608E1,-3.669812012E1,5.916071486E1
1.707388767E1,3.517223358E1,-3.016584396E1,-3.637860107E1,5.891066774E1
1.708393067E1,3.518409348E1,-3.004375839E1,-3.675451660E1,5.908842816E1
1.709397467E1,3.526927185E1,-3.013260269E1,-3.696533203E1,5.931552119E1
1.710401767E1,3.535428619E1,-2.995854950E1,-3.636218262E1,5.890372285E1
1.711406167E1,3.554888916E1,-3.007075500E1,-3.668469238E1,5.927681235E1
1.712410467E1,3.590884399E1,-2.999575806E1,-3.627154541E1,5.920148296E1
1.713414867E1,3.629264069E1,-2.956093597E1,-3.566125488E1,5.884496413E1
1.714419167E1,3.630141068E1,-2.976445007E1,-3.597790527E1,5.914494546E1
1.715423567E1,3.630141068E1,-2.976445007E1,-3.597790527E1,5.914494546E1
1.716427867E1,3.667410278E1,-2.959296036E1,-3.574127197E1,5.914534335E1
1.717432267E1,3.669374466E1,-2.961590195E1,-3.586871338E1,5.924607282E1
1.718436567E1,3.679411697E1,-2.949608994E1,-3.578228760E1,5.919627075E1
1.719440967E1,3.737863541E1,-2.905319977E1,-3.527429199E1,5.903834751E1
1.720445367E1,3.742214584E1,-2.902961731E1,-3.545373535E1,5.916166860E1
1.721449667E1,3.780299759E1,-2.882963562E1,-3.515789795E1,5.912945379E1
1.722454067E1,3.822335434E1,-2.852371979E1,-3.513946533E1,5.924026866E1
1.723458367E1,3.847377396E1,-2.831001663E1,-3.482849121E1,5.911609023E1
1.724462767E1,3.913299179E1,-2.802065659E1,-3.410205078E1,5.898727074E1
1.725467067E1,3.956087112E1,-2.807109833E1,-3.431329346E1,5.941760003E1
1.726471504E1,3.994641495E1,-2.763583755E1,-3.342797852E1,5.896511962E1
1.727475804E1,4.085584641E1,-2.725211716E1,-3.257922363E1,5.893457294E1
1.728480204E1,4.142692184E1,-2.715670395E1,-3.214941406E1,5.905303758E1
1.729484504E1,4.188859940E1,-2.716772079E1,-3.124639893E1,5.889887315E1
1.730488904E1,4.233089828E1,-2.729575348E1,-3.096374512E1,5.912458557E1
1.731493304E1,4.293635941E1,-2.705471802E1,-3.031658936E1,5.911500923E1
1.732497604E1,4.354239273E1,-2.652613831E1,-2.917687988E1,5.874407458E1
1.733502004E1,4.404472733E1,-2.668478775E1,-2.875921631E1,5.898396753E1
1.734506304E1,4.473667145E1,-2.658619690E1,-2.789483643E1,5.904504668E1
1.735510704E1,4.538832092E1,-2.638250351E1,-2.724218750E1,5.914619977E1
1.736515004E1,4.588538361E1,-2.625567245E1,-2.676043701E1,5.925326787E1
1.737519404E1,4.660963440E1,-2.572589874E1,-2.585778809E1,5.918534523E1
1.738523704E1,4.696260834E1,-2.571496582E1,-2.548828125E1,5.929922875E1
1.739528104E1,4.743665314E1,-2.548986816E1,-2.474298096E1,5.926368658E1
1.740532404E1,4.785289764E1,-2.495331955E1,-2.365655518E1,5.892538139E1
1.741536804E1,4.793577576E1,-2.523741531E1,-2.370184326E1,5.913157450E1
1.742541104E1,4.824851990E1,-2.502929306E1,-2.269982910E1,5.890388293E1
1.743545504E1,4.835125732E1,-2.530311584E1,-2.282073975E1,5.915131375E1
1.744549904E1,4.861792755E1,-2.503494263E1,-2.238366699E1,5.908874495E1
1.745554204E1,4.860536194E1,-2.501229095E1,-2.193664551E1,5.890086862E1
1.746558604E1,4.868635559E1,-2.542292404E1,-2.216729736E1,5.922900776E1
1.747562904E1,4.879312897E1,-2.536264801E1,-2.160729980E1,5.908391281E1
1.748567304E1,4.885684204E1,-2.545979309E1,-2.193218994E1,5.929766466E1
1.749571604E1,4.896746063E1,-2.539918900E1,-2.163317871E1,5.925306257E1
1.750576004E1,4.918811798E1,-2.512555695E1,-2.105975342E1,5.911241643E1
1.751580304E1,4.911428070E1,-2.536885834E1,-2.109161377E1,5.916627176E1
1.752584704E1,4.921424103E1,-2.531051636E1,-2.045544434E1,5.900075390E1
1.753589004E1,4.952299500E1,-2.508490372E1,-2.003955078E1,5.902002222E1
1.754593404E1,4.949185944E1,-2.512776947E1,-2.017370605E1,5.905783068E1
1.755597704E1,4.990738678E1,-2.486159897E1,-1.963006592E1,5.911163884E1
1.756602104E1,4.979920959E1,-2.504162979E1,-1.957849121E1,5.907928416E1
1.757606504E1,4.998990631E1,-2.511146927E1,-1.954870605E1,5.925983910E1
1.758610804E1,5.011078644E1,-2.489383316E1,-1.910528564E1,5.912533963E1
1.759615204E1,5.014355469E1,-2.503405762E1,-1.917132568E1,5.923360403E1
1.760619504E1,5.006037903E1,-2.501507568E1,-1.894458008E1,5.908208421E1
1.761623904E1,4.999365234E1,-2.493999481E1,-1.897747803E1,5.900434974E1
1.762628204E1,4.994675446E1,-2.519126511E1,-1.909228516E1,5.910831981E1
1.763632604E1,4.994675446E1,-2.519126511E1,-1.909228516E1,5.910831981E1
1.764636904E1,5.005824280E1,-2.492312622E1,-1.863623047E1,5.894318433E1
1.765641304E1,5.012276459E1,-2.518543625E1,-1.935717773E1,5.934052628E1
1.766645604E1,5.002963257E1,-2.511069870E1,-1.901019287E1,5.911766874E1
1.767650004E1,5.020526886E1,-2.491859055E1,-1.874334717E1,5.910006970E1
1.768654304E1,5.003894043E1,-2.526041794E1,-1.903533936E1,5.919736834E1
1.769658704E1,4.987400818E1,-2.543528366E1,-1.879119873E1,5.905488546E1
1.770663104E1,4.984881592E1,-2.554206848E1,-1.908184814E1,5.917278631E1
1.771667404E1,4.988063049E1,-2.547223282E1,-1.874658203E1,5.906222381E1
1.772671804E1,4.998536682E1,-2.528069687E1,-1.839318848E1,5.895727192E1
1.773676104E1,4.995682526E1,-2.557807159E1,-1.856799316E1,5.911592430E1
1.774680504E1,5.000378418E1,-2.563021088E1,-1.834045410E1,5.910717722E1
1.775684804E1,5.011968231E1,-2.567346573E1,-1.868243408E1,5.933079083E1
1.776689204E1,5.027462006E1,-2.566881180E1,-1.869934082E1,5.946503736E1
1.777693504E1,5.023932648E1,-2.552680206E1,-1.811999512E1,5.919410251E1
1.778697904E1,5.028626251E1,-2.583161545E1,-1.820202637E1,5.939102894E1
1.779702204E1,5.035724640E1,-2.568970108E1,-1.781872559E1,5.927326537E1
1.780706604E1,5.061514282E1,-2.561597061E1,-1.730041504E1,5.930746154E1
1.781710904E1,5.040628815E1,-2.586369705E1,-1.735064697E1,5.925174816E1
1.782715304E1,5.062033081E1,-2.583804321E1,-1.673815918E1,5.924684246E1
1.783719604E1,5.047475433E1,-2.593466949E1,-1.693737793E1,5.922147143E1
1.784724004E1,5.058039093E1,-2.600211334E1,-1.705987549E1,5.937613322E1
1.785728404E1,5.075821686E1,-2.581500626E1,-1.640118408E1,5.926052620E1
1.786732704E1,5.069949341E1,-2.606087494E1,-1.660552979E1,5.937467014E1
1.787737104E1,5.079983521E1,-2.590893936E1,-1.599932861E1,5.922731559E1
1.788741404E1,5.078412628E1,-2.593983078E1,-1.657897949E1,5.938657141E1
1.789745804E1,5.077147675E1,-2.596969986E1,-1.659246826E1,5.939257668E1
1.790750104E1,5.073355103E1,-2.573194504E1,-1.583489990E1,5.904888018E1
1.791754504E1,5.075050354E1,-2.594327164E1,-1.605834961E1,5.921602439E1
1.792758804E1,5.041719818E1,-2.650706863E1,-1.574639893E1,5.909710348E1
1.793763204E1,5.054091644E1,-2.642550278E1,-1.551867676E1,5.910601289E1
1.794767504E1,5.049921417E1,-2.677896500E1,-1.604345703E1,5.936898274E1
1.795771904E1,5.049468231E1,-2.665466309E1,-1.580120850E1,5.924408997E1
1.796776204E1,5.061328888E1,-2.668101501E1,-1.598089600E1,5.940513959E1
1.797780604E1,5.059431458E1,-2.658487701E1,-1.606274414E1,5.936793834E1
1.798784904E1,5.071356201E1,-2.650069809E1,-1.554882812E1,5.929518047E1
1.799789304E1,5.074633026E1,-2.647276688E1,-1.590576172E1,5.940530849E1
1.800793704E1,5.082091522E1,-2.638497925E1,-1.564550781E1,5.936088332E1
1.801798004E1,5.068858337E1,-2.644433975E1,-1.607049561E1,5.938767901E1
1.802802404E1,5.062680054E1,-2.639565277E1,-1.602984619E1,5.930227135E1
1.803806704E1,5.065201569E1,-2.616683578E1,-1.560095215E1,5.910769574E1
1.804811104E1,5.067328644E1,-2.638642502E1,-1.600939941E1,5.933233733E1
1.805815404E1,5.080184174E1,-2.657996750E1,-1.553369141E1,5.940216633E1
1.806819804E1,5.088603210E1,-2.641153717E1,-1.528137207E1,5.933361519E1
1.807824104E1,5.068579865E1,-2.653236008E1,-1.546362305E1,5.926331035E1
1.808828504E1,5.077554321E1,-2.646576309E1,-1.538671875E1,5.929033242E1
1.809832804E1,5.079907990E1,-2.651466370E1,-1.560498047E1,5.938930312E1
1.810837204E1,5.088684082E1,-2.656397247E1,-1.546020508E1,5.944857562E1
1.811841504E1,5.089434814E1,-2.633464432E1,-1.495031738E1,5.922212555E1
1.812845904E1,5.089434814E1,-2.633464432E1,-1.495031738E1,5.922212555E1
1.813850304E1,5.084858704E1,-2.660992050E1,-1.536718750E1,5.941226409E1
1.814854604E1,5.095682526E1,-2.641770172E1,-1.471185303E1,5.925311489E1
1.815859004E1,5.081333160E1,-2.642045975E1,-1.505792236E1,5.921804107E1
1.816863304E1,5.083994293E1,-2.659994888E1,-1.501049805E1,5.930912349E1
1.817867704E1,5.087362671E1,-2.643643570E1,-1.452380371E1,5.914348570E1
1.818872004E1,5.098954773E1,-2.677389145E1,-1.483459473E1,5.947134135E1
1.819876404E1,5.118796539E1,-2.678676224E1,-1.473193359E1,5.962187769E1
1.820880704E1,5.112991333E1,-2.656180191E1,-1.453186035E1,5.942198518E1
1.821885104E1,5.105912781E1,-2.672358322E1,-1.464385986E1,5.946113911E1
1.822889404E1,5.116294098E1,-2.663261032E1,-1.402014160E1,5.935913437E1
1.823893804E1,5.088356781E1,-2.675868225E1,-1.435827637E1,5.925643129E1
1.824898104E1,5.091452789E1,-2.670081711E1,-1.414794922E1,5.920631091E1
1.825902504E1,5.124057770E1,-2.638249969E1,-1.375427246E1,5.925211476E1
1.826906779E1,5.106931305E1,-2.657788086E1,-1.399591064E1,5.924815610E1
1.827911179E1,5.107836151E1,-2.672058487E1,-1.353790283E1,5.921371027E1
1.828915479E1,5.106671143E1,-2.683394623E1,-1.361853027E1,5.927338402E1
1.829919879E1,5.092745209E1,-2.684165955E1,-1.347888184E1,5.912495513E1
1.830924279E1,5.109292603E1,-2.651458359E1,-1.288677979E1,5.898795916E1
1.831928579E1,5.095587158E1,-2.691715622E1,-1.316821289E1,5.911375456E1
1.832932979E1,5.095207977E1,-2.699732590E1,-1.316619873E1,5.914658763E1
1.833937279E1,5.108843994E1,-2.694434357E1,-1.319305420E1,5.924595366E1
1.834941679E1,5.096449280E1,-2.692575836E1,-1.350500488E1,5.920102319E1
1.835945979E1,5.083157349E1,-2.678133392E1,-1.328601074E1,5.897123698E1
1.836950379E1,5.070110321E1,-2.701541138E1,-1.392529297E1,5.911301128E1
1.837954679E1,5.086531067E1,-2.699196243E1,-1.385998535E1,5.922790777E1