"Time (s)","Magnetic Field x (µT)","Magnetic Field y (µT)","Magnetic Field z (µT)","Absolute field (µT)"
1.610083366E-2,-1.244270325E0,-1.068402863E1,-4.902563477E1,5.019172781E1
2.614483377E-2,-1.147453308E0,-1.045956421E1,-4.882055664E1,4.994162476E1
3.618783364E-2,-1.205223083E0,-1.023670197E1,-4.889031982E1,4.996504781E1
4.623183375E-2,-1.023679733E0,-9.493629456E0,-4.938696289E1,5.030158073E1
5.627583340E-2,-7.580451965E-1,-9.106811523E0,-4.919140625E1,5.003302007E1
6.631883373E-2,-5.797805786E-1,-8.465873718E0,-4.976568604E1,5.048396448E1
7.636283338E-2,-3.581619263E-1,-7.804565430E0,-4.946453857E1,5.007774054E1
8.640633337E-2,-3.729934692E-1,-7.121757507E0,-4.916101074E1,4.967558285E1
9.644933371E-2,-4.820423126E-1,-6.399978638E0,-4.974316406E1,5.015550281E1
1.064933334E-1,-5.871315002E-1,-5.880775452E0,-4.948120117E1,4.983289589E1
1.165373335E-1,-6.400623322E-1,-5.126274109E0,-4.952502441E1,4.979373865E1
1.265813336E-1,-6.825580597E-1,-4.221359253E0,-5.002679443E1,5.020922147E1
1.366243334E-1,-6.651134491E-1,-3.502067566E0,-4.969317627E1,4.982086532E1
1.466683336E-1,-6.975669861E-1,-2.573036194E0,-5.023211670E1,5.030280969E1
1.567123337E-1,-9.107131958E-1,-1.610610962E0,-4.972521973E1,4.975963166E1
1.667553335E-1,-1.149732590E0,-4.138488770E-1,-4.998205566E1,4.999699035E1
1.767993337E-1,-1.200485229E0,7.601318359E-1,-5.028845215E1,5.030852199E1
1.868433338E-1,-1.499704361E0,1.712638855E0,-4.990350342E1,4.995539909E1
1.968863336E-1,-1.551303864E0,2.887199402E0,-5.041766357E1,5.052408598E1
2.069303337E-1,-1.693698883E0,3.860389709E0,-4.992028809E1,5.009796789E1
2.169743334E-1,-1.955913544E0,4.647834778E0,-4.978930664E1,5.004401085E1
2.270173337E-1,-2.064512253E0,5.484184265E0,-5.015783691E1,5.049898110E1
2.370613334E-1,-2.270439148E0,6.064842224E0,-4.927716064E1,4.970086283E1
2.471053335E-1,-2.270439148E0,6.064842224E0,-4.927716064E1,4.970086283E1
2.571483334E-1,-2.504138947E0,6.330093384E0,-4.944903564E1,4.991540764E1
2.671923335E-1,-3.015926361E0,6.605796814E0,-4.946166992E1,4.999189089E1
2.772363336E-1,-3.189439774E0,6.864501953E0,-4.874584961E1,4.933002906E1
2.872803337E-1,-3.769952774E0,6.984794617E0,-4.948828125E1,5.012075300E1
2.973233336E-1,-4.288370132E0,7.352119446E0,-4.906976318E1,4.980246417E1
3.073673337E-1,-4.731210709E0,7.869735718E0,-4.883337402E1,4.968918910E1
3.174113338E-1,-5.204893112E0,8.388381958E0,-4.879748535E1,4.978604665E1
3.274543337E-1,-5.574535370E0,8.982406616E0,-4.855151367E1,4.968911906E1
3.374983338E-1,-5.821165085E0,9.734031677E0,-4.881585693E1,5.011611741E1
3.475423334E-1,-6.039249420E0,1.047435760E1,-4.854095459E1,5.002408393E1
3.575853338E-1,-6.329368591E0,1.110961151E1,-4.802026367E1,4.969336070E1
3.676293334E-1,-6.424116135E0,1.180535126E1,-4.821209717E1,5.005039360E1
3.776733335E-1,-6.320331573E0,1.241448975E1,-4.761383057E1,4.960990837E1
3.877163334E-1,-6.304550171E0,1.324249268E1,-4.799719238E1,5.018806075E1
3.977603335E-1,-6.187887192E0,1.389880371E1,-4.793640137E1,5.029279539E1
4.078043336E-1,-6.069532394E0,1.444602203E1,-4.721600342E1,4.974814323E1
4.178473335E-1,-6.014434814E0,1.498790741E1,-4.743493652E1,5.010872177E1
4.278913336E-1,-5.797716141E0,1.535804749E1,-4.690167236E1,4.969154863E1
4.379353337E-1,-5.531837463E0,1.568682098E1,-4.716412354E1,5.001131999E1
4.479783336E-1,-5.196182251E0,1.581464386E1,-4.720874023E1,5.005765101E1
4.580223337E-1,-4.874258041E0,1.606637573E1,-4.699633789E1,4.990533635E1
4.680663333E-1,-4.463911057E0,1.615074158E1,-4.736578369E1,5.024231703E1
4.781103334E-1,-4.022359848E0,1.618425751E1,-4.728027344E1,5.013515559E1
4.881533338E-1,-3.583187103E0,1.611391449E1,-4.701354980E1,4.982741550E1
4.981973334E-1,-3.290761948E0,1.607102966E1,-4.735198975E1,5.011305261E1
5.082413335E-1,-2.786308289E0,1.600682068E1,-4.741021729E1,5.011696844E1
5.182843334E-1,-2.587326050E0,1.585903168E1,-4.757006836E1,5.021070150E1
5.283283335E-1,-2.118745804E0,1.568802643E1,-4.793292236E1,5.047938493E1
5.383723336E-1,-1.976730347E0,1.548191071E1,-4.744616699E1,4.994733010E1
5.484153335E-1,-1.538591385E0,1.521951294E1,-4.781860352E1,5.020577337E1
5.584593336E-1,-1.004182816E0,1.477928925E1,-4.754901123E1,4.980305455E1
5.685033337E-1,-4.668712616E-1,1.453543854E1,-4.772320557E1,4.988989168E1
5.785463336E-1,3.153038025E-2,1.400251007E1,-4.811041260E1,5.010671694E1
5.885903337E-1,3.151569366E-1,1.345110321E1,-4.772863770E1,4.958885316E1
5.986343333E-1,8.341999054E-1,1.295514679E1,-4.810040283E1,4.982148603E1
6.086773337E-1,9.577865601E-1,1.234026337E1,-4.820819092E1,4.977177038E1
6.187213333E-1,1.357774734E0,1.145317078E1,-4.811962891E1,4.948249548E1
6.287653334E-1,1.625675201E0,1.083588409E1,-4.883276367E1,5.004695807E1
6.388083338E-1,2.058034897E0,1.005014801E1,-4.856237793E1,4.963411662E1
6.488523334E-1,2.521884918E0,9.320571899E0,-4.891497803E1,4.985888125E1
6.588963335E-1,3.273794174E0,8.521179199E0,-4.878479004E1,4.963148157E1
6.689393334E-1,3.901546478E0,7.748878479E0,-4.868438721E1,4.945135732E1
6.789833335E-1,4.494140625E0,7.026054382E0,-4.913653564E1,4.983936070E1
6.890273336E-1,4.925321579E0,6.485008240E0,-4.894299316E1,4.961583119E1
6.990703335E-1,5.357791901E0,6.054588318E0,-4.911785889E1,4.977879102E1
7.091143336E-1,5.676349640E0,5.673492432E0,-4.928216553E1,4.993136590E1
7.191583337E-1,5.714660645E0,5.583930969E0,-4.888116455E1,4.952984837E1
7.292023334E-1,5.969141006E0,5.695480347E0,-4.919158936E1,4.987866883E1
7.392453337E-1,5.969141006E0,5.695480347E0,-4.919158936E1,4.987866883E1
7.492893334E-1,6.334651947E0,5.730895996E0,-4.889190674E1,4.963254506E1
7.593333335E-1,6.516412735E0,5.961242676E0,-4.843096924E1,4.922965398E1
7.693763333E-1,6.652534485E0,6.222160339E0,-4.895556641E1,4.979577268E1
7.794203334E-1,6.981901169E0,6.395278931E0,-4.832598877E1,4.924477360E1
7.894643336E-1,7.208639145E0,6.687026978E0,-4.874877930E1,4.973051670E1
7.995073334E-1,7.495157242E0,7.000083923E0,-4.896575928E1,5.002823341E1
8.095513335E-1,7.530027390E0,7.022727966E0,-4.811315918E1,4.920260264E1
8.195953337E-1,7.727148056E0,7.197082520E0,-4.852636719E1,4.966200888E1
8.296383335E-1,7.778585434E0,7.370697021E0,-4.824163818E1,4.941749913E1
8.396823336E-1,7.919073105E0,7.553909302E0,-4.822821045E1,4.945435823E1
8.497263337E-1,8.257741928E0,7.864814758E0,-4.840234375E1,4.972758282E1
8.597693336E-1,8.382846832E0,8.084777832E0,-4.804357910E1,4.943502045E1
8.698133337E-1,8.611621857E0,8.399375916E0,-4.792199707E1,4.940877807E1
8.798573334E-1,8.697387695E0,8.470970154E0,-4.760839844E1,4.913208208E1
8.899003337E-1,8.816013336E0,8.610168457E0,-4.752429199E1,4.909598172E1
8.999443334E-1,9.133094788E0,8.739990234E0,-4.789569092E1,4.953582601E1
9.099883335E-1,9.387580872E0,8.819641113E0,-4.771911621E1,4.942698449E1
9.200313333E-1,9.548267365E0,8.897384644E0,-4.819653320E1,4.993234098E1
9.300753335E-1,9.709438324E0,8.772766113E0,-4.826940918E1,5.001170343E1
9.401193336E-1,9.737239838E0,8.690513611E0,-4.773541260E1,4.948745783E1
9.501623334E-1,9.663394928E0,8.729972839E0,-4.796423340E1,4.970071743E1
9.602063335E-1,9.791486740E0,8.536582947E0,-4.771636963E1,4.945299174E1
9.702503337E-1,9.737401962E0,8.505409241E0,-4.796105957E1,4.967315390E1
9.802933335E-1,9.953527451E0,8.376625061E0,-4.833898926E1,5.005894964E1
9.903373336E-1,9.942697525E0,8.351295471E0,-4.755310059E1,4.929400314E1
1.000381334E0,1.013765526E1,8.233352661E0,-4.815179443E1,4.989143671E1
1.010424334E0,1.030154610E1,8.052932739E0,-4.773516846E1,4.949361459E1
1.020468334E0,1.020652580E1,7.975822449E0,-4.744879150E1,4.918510677E1
1.030512333E0,1.038451004E1,8.085754395E0,-4.781518555E1,4.959344152E1
1.040555334E0,1.062754822E1,7.946388245E0,-4.763958740E1,4.945321178E1
1.050599333E0,1.078540802E1,7.921371460E0,-4.783831787E1,4.967472002E1
1.060643333E0,1.078680420E1,7.771049500E0,-4.789270020E1,4.970367277E1
1.070686333E0,1.090363312E1,7.740180969E0,-4.744152832E1,4.928994041E1
1.080730333E0,1.093693924E1,7.710891724E0,-4.799322510E1,4.982393146E1
1.090774500E0,1.081355667E1,7.535552979E0,-4.759912109E1,4.939022065E1
1.100817500E0,1.075073242E1,7.454444885E0,-4.788623047E1,4.964109250E1
1.110861500E0,1.077360153E1,7.378883362E0,-4.805358887E1,4.979624296E1
1.120905500E0,1.088755798E1,7.177070618E0,-4.780987549E1,4.955636645E1
1.130948500E0,1.076776505E1,7.049911499E0,-4.804101562E1,4.973515053E1
1.140992500E0,1.074455643E1,6.932746887E0,-4.766564941E1,4.935101424E1
1.151036500E0,1.083028793E1,6.801025391E0,-4.760266113E1,4.929059170E1
1.161079500E0,1.074418640E1,6.650245667E0,-4.807727051E1,4.971003167E1
1.171123500E0,1.087403107E1,6.715217590E0,-4.785473633E1,4.953195421E1
1.181167500E0,1.120041275E1,6.512229919E0,-4.819586182E1,4.990690814E1
1.191210500E0,1.111218643E1,6.413063049E0,-4.786010742E1,4.954995406E1
1.201254500E0,1.136766052E1,6.419837952E0,-4.749780273E1,4.925930663E1
1.211298500E0,1.134064484E1,6.525947571E0,-4.787762451E1,4.963330682E1
1.221341500E0,1.149230576E1,6.433006287E0,-4.755224609E1,4.934240337E1
1.231385500E0,1.149230576E1,6.433006287E0,-4.755224609E1,4.934240337E1
1.241429500E0,1.154446411E1,6.660751343E0,-4.776318359E1,4.958792158E1
1.251472500E0,1.171884155E1,6.708320618E0,-4.793872070E1,4.980415400E1
1.261516500E0,1.185504913E1,6.665351868E0,-4.713092041E1,4.905397807E1
1.271560500E0,1.170946503E1,6.743644714E0,-4.761309814E1,4.949338774E1
1.281603500E0,1.174767303E1,6.605422974E0,-4.742773438E1,4.930547051E1
1.291647500E0,1.188244629E1,6.537849426E0,-4.737854004E1,4.928145758E1
1.301691500E0,1.171882248E1,6.537437439E0,-4.766766357E1,4.952045072E1
1.311734500E0,1.167543030E1,6.324081421E0,-4.761956787E1,4.943614996E1
1.321778500E0,1.180342865E1,6.339767456E0,-4.781945801E1,4.966099217E1
1.331822500E0,1.171131134E1,6.283279419E0,-4.793627930E1,4.974456037E1
1.341865500E0,1.179874039E1,6.132751465E0,-4.734143066E1,4.917348851E1
1.351909500E0,1.181553650E1,5.992469788E0,-4.766168213E1,4.946870263E1
1.361953500E0,1.197082901E1,5.750396729E0,-4.738378906E1,4.920966649E1
1.371996500E0,1.197650146E1,5.852355957E0,-4.778405762E1,4.960849544E1
1.382040500E0,1.207572937E1,5.936325073E0,-4.778430176E1,4.964275063E1
1.392084500E0,1.218616486E1,5.948753357E0,-4.755804443E1,4.945359310E1
1.402127500E0,1.225047684E1,6.030197144E0,-4.774285889E1,4.965700389E1
1.412171500E0,1.230131149E1,6.122222900E0,-4.742462158E1,4.937508086E1
1.422215500E0,1.238042068E1,6.172668457E0,-4.733618164E1,4.931623206E1
1.432258500E0,1.240513229E1,6.248046875E0,-4.765386963E1,4.963684808E1
1.442302500E0,1.240905762E1,6.348373413E0,-4.718572998E1,4.920141939E1
1.452346500E0,1.255902481E1,6.419242859E0,-4.752520752E1,4.957399654E1
1.462389500E0,1.272819138E1,6.545204163E0,-4.746368408E1,4.957466954E1
1.472433500E0,1.288784409E1,6.634269714E0,-4.687255859E1,4.906268245E1
1.482477500E0,1.290138626E1,6.687149048E0,-4.717822266E1,4.936545779E1
1.492520500E0,1.289298248E1,6.572380066E0,-4.714514160E1,4.931621999E1
1.502564500E0,1.282831192E1,6.717079163E0,-4.743121338E1,4.959238593E1
1.512608500E0,1.291785431E1,6.783767700E0,-4.750915527E1,4.969919817E1
1.522651500E0,1.292466164E1,6.934425354E0,-4.683996582E1,4.908274169E1
1.532695500E0,1.314917946E1,6.967132568E0,-4.738983154E1,4.967129946E1
1.542739500E0,1.304894447E1,7.140663147E0,-4.711907959E1,4.941125058E1
1.552782500E0,1.309883690E1,7.248619080E0,-4.700787354E1,4.933418876E1
1.562826500E0,1.327294922E1,7.385673523E0,-4.718908691E1,4.957347353E1
1.572870500E0,1.336000824E1,7.402633667E0,-4.669641113E1,4.913088253E1
1.582913500E0,1.329389954E1,7.554267883E0,-4.715533447E1,4.957237434E1
1.592957500E0,1.320137787E1,7.575912476E0,-4.711322021E1,4.951087099E1
1.603001500E0,1.355269623E1,7.490379333E0,-4.676458740E1,4.926162799E1
1.613044500E0,1.373219299E1,7.540603638E0,-4.693609619E1,4.948162238E1
1.623088500E0,1.385303116E1,7.389945984E0,-4.666632080E1,4.923680809E1
1.633132500E0,1.391828537E1,7.062500000E0,-4.691333008E1,4.944146148E1
1.643175500E0,1.397290039E1,6.860427856E0,-4.715753174E1,4.966024784E1
1.653219500E0,1.408161163E1,6.505836487E0,-4.665472412E1,4.916585174E1
1.663263500E0,1.417722511E1,6.215095520E0,-4.694512939E1,4.943143027E1
1.673306500E0,1.418189430E1,5.861099243E0,-4.673181152E1,4.918679517E1
1.683350500E0,1.440800667E1,5.511528015E0,-4.674957275E1,4.922895642E1
1.693394500E0,1.439253044E1,5.293296814E0,-4.719549561E1,4.962437636E1
1.703437500E0,1.429860497E1,5.067413330E0,-4.693090820E1,4.932178957E1
1.713481500E0,1.429958916E1,4.878768921E0,-4.709912109E1,4.946319686E1
1.723525500E0,1.430538940E1,4.894096375E0,-4.709533691E1,4.946278504E1
1.733568500E0,1.427427292E1,4.911216736E0,-4.711981201E1,4.947879951E1
1.743612500E0,1.427770996E1,4.712318420E0,-4.679315186E1,4.914934391E1
1.753656500E0,1.414421463E1,4.666358948E0,-4.719580078E1,4.949017402E1
1.763699500E0,1.421622086E1,4.546264648E0,-4.691894531E1,4.923572775E1
1.773743500E0,1.431382370E1,4.420417786E0,-4.724530029E1,4.956353541E1
1.783786500E0,1.440648079E1,4.277877808E0,-4.731158447E1,4.964104101E1
1.793830500E0,1.447237968E1,4.339927673E0,-4.654394531E1,4.893489135E1
1.803874500E0,1.457256889E1,4.343551636E0,-4.708795166E1,4.948233419E1
1.813917500E0,1.484388924E1,4.077194214E0,-4.694000244E1,4.939968005E1
1.823961500E0,1.491992378E1,4.081092834E0,-4.666699219E1,4.916368176E1
1.834005500E0,1.496325111E1,4.066299438E0,-4.705535889E1,4.954432838E1
1.844048500E0,1.510605049E1,4.026153564E0,-4.645025635E1,4.901049876E1
1.854092500E0,1.516565132E1,3.784790039E0,-4.687902832E1,4.941624138E1
1.864136500E0,1.517677498E1,3.481315613E0,-4.680194092E1,4.932419012E1
1.874179500E0,1.507193947E1,3.193695068E0,-4.642803955E1,4.891754188E1
1.884223500E0,1.524434090E1,2.946311951E0,-4.682800293E1,4.933490186E1
1.894267500E0,1.527058983E1,2.621093750E0,-4.674261475E1,4.924360953E1
1.904310500E0,1.549221992E1,2.287414551E0,-4.724835205E1,4.977597729E1
1.914354500E0,1.549205208E1,2.005729675E0,-4.715814209E1,4.967813397E1
1.924398500E0,1.572993660E1,1.682800293E0,-4.672210693E1,4.932765957E1
1.934441500E0,1.584370613E1,1.308197021E0,-4.698809814E1,4.960459425E1
1.944485500E0,1.603909492E1,8.602828979E-1,-4.675219727E1,4.943440706E1
1.954529500E0,1.619816399E1,6.639862061E-1,-4.649816895E1,4.924328492E1
1.964572500E0,1.642315865E1,3.488769531E-1,-4.711932373E1,4.990062649E1
1.974616500E0,1.641177559E1,2.827453613E-2,-4.662298584E1,4.942721908E1
1.984660500E0,1.633422852E1,-3.225936890E-1,-4.690258789E1,4.966652634E1
1.994703500E0,1.626412201E1,-8.203277588E-1,-4.687640381E1,4.962450842E1
2.004747500E0,1.638341141E1,-1.342407227E0,-4.649591064E1,4.931620356E1
2.014791500E0,1.628020477E1,-1.843421936E0,-4.697326660E1,4.974867885E1
2.024834500E0,1.647255707E1,-2.414543152E0,-4.649542236E1,4.938622739E1
2.034878500E0,1.666255569E1,-2.904190063E0,-4.658587646E1,4.956126480E1
2.044922500E0,1.661603165E1,-3.353080750E0,-4.689874268E1,4.986810326E1
2.054965500E0,1.655507660E1,-3.881523132E0,-4.635150146E1,4.937204139E1
2.065009500E0,1.659044266E1,-4.454635620E0,-4.652935791E1,4.959906968E1
2.075052500E0,1.670608711E1,-4.888153076E0,-4.629058838E1,4.945509033E1
2.085096458E0,1.685608864E1,-5.457588196E0,-4.607275391E1,4.936204661E1
2.095140459E0,1.689606285E1,-5.758888245E0,-4.639886475E1,4.971414671E1
2.105183458E0,1.687370872E1,-6.213417053E0,-4.622198486E1,4.959637570E1
2.115227459E0,1.705851936E1,-6.576309204E0,-4.648480225E1,4.995075340E1
2.125271459E0,1.730800056E1,-6.926010132E0,-4.646929932E1,5.006927480E1
2.135314459E0,1.732160187E1,-7.305908203E0,-4.597320557E1,4.966839856E1
2.145358459E0,1.746973801E1,-7.653030396E0,-4.618585205E1,4.996892584E1
2.155402459E0,1.744815063E1,-8.173164368E0,-4.602746582E1,4.989755692E1
2.165445459E0,1.759344101E1,-8.492774963E0,-4.630847168E1,5.026063014E1
2.175489459E0,1.775319290E1,-9.043792725E0,-4.630035400E1,5.040524602E1
2.185533458E0,1.806360626E1,-9.609313965E0,-4.569403076E1,5.006572913E1
2.195576459E0,1.827715683E1,-1.025343323E1,-4.589123535E1,5.044990423E1
2.205620458E0,1.849756241E1,-1.080243301E1,-4.508483887E1,4.991487824E1
2.215664458E0,1.851458549E1,-1.082849503E1,-4.507421875E1,4.991724528E1
2.225707458E0,1.886697197E1,-1.142846680E1,-4.469244385E1,4.983961298E1
2.235751458E0,1.900196648E1,-1.191641235E1,-4.502423096E1,5.030165988E1
2.245795459E0,1.926076698E1,-1.258332443E1,-4.479626465E1,5.035893689E1
2.255838458E0,1.922393036E1,-1.319469070E1,-4.505322266E1,5.072920493E1
2.265882459E0,1.923418427E1,-1.382054520E1,-4.444329834E1,5.036038206E1
2.275925458E0,1.916541672E1,-1.423441315E1,-4.383526611E1,4.991454969E1
2.285969459E0,1.909632874E1,-1.495456696E1,-4.434002686E1,5.054054635E1
2.296013459E0,1.905654144E1,-1.569111633E1,-4.348675537E1,5.000460775E1
2.306056459E0,1.904887390E1,-1.622826385E1,-4.405444336E1,5.066567008E1
2.316100459E0,1.893292618E1,-1.675640106E1,-4.405523682E1,5.079465091E1
2.326144459E0,1.890286255E1,-1.726863480E1,-4.332324219E1,5.032322798E1
2.336187459E0,1.912201881E1,-1.758432007E1,-4.371051025E1,5.084750360E1
2.346231459E0,1.914420509E1,-1.807145691E1,-4.324957275E1,5.063204210E1
2.356275458E0,1.932998848E1,-1.850417709E1,-4.303649902E1,5.067734477E1
2.366318459E0,1.913259315E1,-1.889108658E1,-4.323126221E1,5.091042433E1
2.376362458E0,1.930595207E1,-1.934954453E1,-4.264843750E1,5.065583757E1
2.386406458E0,1.961240578E1,-1.967518234E1,-4.286151123E1,5.107708298E1
2.396449459E0,1.984256172E1,-2.009896469E1,-4.259326172E1,5.110657082E1
2.406493458E0,2.012649345E1,-2.051772690E1,-4.221405029E1,5.106935380E1
2.416537459E0,2.027582169E1,-2.076143265E1,-4.265216064E1,5.158830137E1
2.426580458E0,2.066076279E1,-2.120512009E1,-4.213220215E1,5.149414233E1
2.436624459E0,2.074212646E1,-2.166141129E1,-4.200097656E1,5.160944275E1
2.446667458E0,2.093571472E1,-2.195899963E1,-4.180383301E1,5.165328905E1
2.456711459E0,2.109108543E1,-2.237881851E1,-4.116015625E1,5.137902165E1
2.466755459E0,2.148852730E1,-2.268201447E1,-4.136267090E1,5.183725619E1
2.476798458E0,2.169186211E1,-2.318595123E1,-4.063562012E1,5.156916558E1
2.486842459E0,2.181826210E1,-2.360032272E1,-4.046319580E1,5.167477149E1
2.496886459E0,2.236805534E1,-2.410622025E1,-4.078332520E1,5.239006937E1
2.506929459E0,2.259607124E1,-2.458429718E1,-4.005249023E1,5.214568129E1
2.516973459E0,2.270199394E1,-2.508705902E1,-4.012286377E1,5.248414290E1
2.527017458E0,2.302559471E1,-2.573383713E1,-3.968041992E1,5.260175007E1
2.537060459E0,2.297239113E1,-2.616544724E1,-3.903662109E1,5.230888232E1
2.547104459E0,2.326840782E1,-2.672319794E1,-3.909924316E1,5.276645645E1
2.557148458E0,2.382508278E1,-2.718213272E1,-3.835998535E1,5.270665409E1
2.567191459E0,2.414040184E1,-2.745567322E1,-3.839819336E1,5.301881030E1
2.577235458E0,2.495889473E1,-2.769465637E1,-3.785614014E1,5.313217259E1
2.587278459E0,2.556629944E1,-2.813211060E1,-3.714935303E1,5.315191195E1
2.597322458E0,2.603615570E1,-2.831190872E1,-3.720513916E1,5.351325031E1
2.607366459E0,2.643695450E1,-2.864440536E1,-3.676904297E1,5.358523157E1
2.617409458E0,2.676851273E1,-2.874942017E1,-3.631011963E1,5.349305769E1
2.627453458E0,2.719153976E1,-2.919128799E1,-3.657580566E1,5.412301442E1
2.637497459E0,2.713383865E1,-2.960540009E1,-3.616741943E1,5.404449225E1
2.647540458E0,2.737631989E1,-3.008625031E1,-3.643933105E1,5.461199681E1
2.657584459E0,2.740727997E1,-3.047947693E1,-3.608288574E1,5.460890177E1
2.667628459E0,2.759564590E1,-3.103421783E1,-3.573187256E1,5.478511719E1
2.677671459E0,2.762206650E1,-3.138388062E1,-3.597015381E1,5.515232076E1
2.687715459E0,2.779015732E1,-3.174754333E1,-3.548388672E1,5.512989723E1
2.697759458E0,2.814096069E1,-3.215777206E1,-3.548022461E1,5.554171686E1
2.707802459E0,2.813510704E1,-3.210381699E1,-3.547186279E1,5.550218341E1
2.717846459E0,2.839639854E1,-3.244034195E1,-3.523413086E1,5.567921707E1
2.727889459E0,2.862384987E1,-3.270924759E1,-3.420495605E1,5.531002330E1
2.737933459E0,2.907543755E1,-3.307540512E1,-3.425000000E1,5.578912074E1
2.747977458E0,2.964008522E1,-3.338053513E1,-3.387768555E1,5.604009596E1
2.758020459E0,2.977236748E1,-3.358725357E1,-3.384173584E1,5.621174746E1
2.768064458E0,2.997426033E1,-3.376667786E1,-3.409796143E1,5.658017134E1
2.778108459E0,2.996541405E1,-3.395730209E1,-3.402734375E1,5.664701693E1
2.788151458E0,3.006011391E1,-3.417323303E1,-3.476831055E1,5.727351676E1
2.798195458E0,3.011636543E1,-3.448377228E1,-3.465551758E1,5.742064886E1
2.808239459E0,3.017486000E1,-3.470830917E1,-3.459490967E1,5.754994941E1
2.818282458E0,3.033864784E1,-3.505823898E1,-3.511151123E1,5.815781886E1
2.828326459E0,3.059777260E1,-3.525395966E1,-3.483026123E1,5.824270303E1
2.838369458E0,3.057730675E1,-3.540385818E1,-3.482958984E1,5.832242443E1
2.848413459E0,3.095960999E1,-3.558025360E1,-3.490856934E1,5.867759462E1
2.858457459E0,3.122106552E1,-3.563918304E1,-3.444610596E1,5.857849875E1
2.868500459E0,3.166715622E1,-3.558663940E1,-3.501013184E1,5.911790776E1
2.878544459E0,3.186918640E1,-3.573072052E1,-3.507666016E1,5.935235057E1
2.888588459E0,3.190005112E1,-3.566136551E1,-3.542858887E1,5.953596527E1
2.898631459E0,3.179820251E1,-3.541798019E1,-3.621313477E1,5.980760933E1
2.908675459E0,3.180405807E1,-3.519910812E1,-3.629101562E1,5.972866262E1
2.918719458E0,3.193973923E1,-3.510255814E1,-3.718750000E1,6.029300694E1
2.928762459E0,3.181831741E1,-3.506064987E1,-3.730291748E1,6.027571771E1
2.938806458E0,3.169861603E1,-3.496702576E1,-3.750976562E1,6.028662924E1
2.948850458E0,3.148583221E1,-3.487994766E1,-3.851013184E1,6.075358947E1
2.958893458E0,3.132719040E1,-3.481155777E1,-3.850366211E1,6.062812391E1
2.968937458E0,3.114804649E1,-3.439221954E1,-3.905718994E1,6.065055360E1
2.978980458E0,3.117090034E1,-3.437937164E1,-3.959753418E1,6.100435178E1
2.989024458E0,3.087509727E1,-3.419223785E1,-3.941461182E1,6.062913809E1
2.999068459E0,3.076455879E1,-3.409476852E1,-4.061468506E1,6.130631257E1
3.009111458E0,3.056882286E1,-3.388023376E1,-4.089910889E1,6.127854664E1
3.019155459E0,2.985692406E1,-3.355893707E1,-4.155169678E1,6.118971872E1
3.029199459E0,2.930393791E1,-3.339611435E1,-4.228845215E1,6.133787098E1
3.039242459E0,2.854644585E1,-3.336409378E1,-4.235552979E1,6.100863240E1
3.049286459E0,2.787739754E1,-3.327253342E1,-4.303540039E1,6.112492503E1
3.059330459E0,2.729641533E1,-3.341308594E1,-4.323785400E1,6.108224472E1
3.069373459E0,2.651641655E1,-3.331350327E1,-4.334820557E1,6.076163899E1
3.079417459E0,2.577173233E1,-3.194054413E1,-4.343023682E1,5.975421338E1
3.089460500E0,2.513199997E1,-3.216320419E1,-4.281359863E1,5.915313478E1
3.099504500E0,2.439803696E1,-3.236432266E1,-4.345648193E1,5.942372767E1
3.109548500E0,2.349751663E1,-3.255831909E1,-4.345068359E1,5.916197541E1
3.119591500E0,2.261421585E1,-3.332984924E1,-4.261126709E1,5.863447529E1
3.129635500E0,2.155647278E1,-3.340283203E1,-4.260595703E1,5.827262034E1
3.139679500E0,2.056055069E1,-3.378940964E1,-4.255371094E1,5.809714935E1
3.149722500E0,1.976612473E1,-3.401252365E1,-4.231726074E1,5.777804088E1
3.159766500E0,1.867680550E1,-3.490934753E1,-4.176171875E1,5.754586659E1
3.169809500E0,1.775084114E1,-3.496097946E1,-4.073974609E1,5.654280996E1
3.179853500E0,1.688949013E1,-3.525970840E1,-4.074291992E1,5.646669317E1
3.189897500E0,1.628936577E1,-3.552503967E1,-4.016223145E1,5.603906419E1
3.199940500E0,1.564711189E1,-3.583266449E1,-3.969628906E1,5.571900322E1
3.209984500E0,1.564711189E1,-3.583266449E1,-3.969628906E1,5.571900322E1
3.220028500E0,1.525440407E1,-3.699411774E1,-3.876226807E1,5.571153396E1
3.230071500E0,1.474883461E1,-3.728281784E1,-3.790734863E1,5.517702157E1
3.240115500E0,1.433405495E1,-3.767973709E1,-3.735266113E1,5.495861181E1
3.250159500E0,1.417077827E1,-3.816620636E1,-3.657110596E1,5.472582622E1
3.260202500E0,1.402507591E1,-3.952379608E1,-3.520190430E1,5.475406174E1
3.270246500E0,1.392346382E1,-4.014253998E1,-3.499908447E1,5.504745475E1
3.280289500E0,1.378262138E1,-4.081901932E1,-3.371026611E1,5.470406778E1
3.290333500E0,1.350789833E1,-4.123893356E1,-3.296759033E1,5.449747674E1
3.300377500E0,1.345040512E1,-4.241195297E1,-3.247332764E1,5.508361064E1
3.310420500E0,1.323121643E1,-4.299880981E1,-3.125854492E1,5.478192553E1
3.320464500E0,1.293914795E1,-4.349890518E1,-3.061071777E1,5.474113941E1
3.330508500E0,1.238724518E1,-4.411860275E1,-2.951489258E1,5.450709895E1
3.340551500E0,1.210244751E1,-4.613307571E1,-2.846893311E1,5.554466728E1
3.350595500E0,1.160713959E1,-4.671396637E1,-2.826391602E1,5.581907642E1
3.360638500E0,1.114491272E1,-4.747514343E1,-2.751416016E1,5.599220778E1
3.370682500E0,1.046429443E1,-4.791429520E1,-2.698522949E1,5.597752900E1
3.380726500E0,9.882328033E0,-4.918955994E1,-2.677624512E1,5.687038348E1
3.390769500E0,9.555557251E0,-4.956968689E1,-2.539422607E1,5.650955008E1
3.400813500E0,9.420627594E0,-5.016392136E1,-2.518670654E1,5.691693436E1
3.410857500E0,9.342044830E0,-5.059374237E1,-2.419396973E1,5.685374869E1
3.420900500E0,9.176712036E0,-5.096450806E1,-2.382751465E1,5.700301378E1
3.430944500E0,9.235355377E0,-5.136855316E1,-2.327624512E1,5.714721016E1
3.440988500E0,9.226976395E0,-5.279776001E1,-2.334899902E1,5.846294819E1
3.451031500E0,9.225141525E0,-5.318911743E1,-2.302557373E1,5.868869137E1
3.461075500E0,9.207143784E0,-5.366734695E1,-2.196801758E1,5.871583621E1
3.471118500E0,9.080438614E0,-5.402773666E1,-2.115081787E1,5.872655099E1
3.481162500E0,9.168909073E0,-5.445298004E1,-2.098486328E1,5.907250135E1
3.491206500E0,9.175233841E0,-5.467697144E1,-1.991467285E1,5.890967931E1
3.501249500E0,9.041643143E0,-5.514528656E1,-1.944293213E1,5.916740277E1
3.511293500E0,9.096693039E0,-5.529090118E1,-1.891046143E1,5.913915056E1
3.521337500E0,9.255315781E0,-5.565966034E1,-1.819494629E1,5.928502956E1
3.531380500E0,9.451284409E0,-5.722489166E1,-1.947308350E1,6.118182723E1
3.541424500E0,9.560888290E0,-5.757406616E1,-1.895275879E1,6.136277980E1
3.551467500E0,9.557683945E0,-5.775218201E1,-1.857696533E1,6.141471721E1
3.561511500E0,9.715360641E0,-5.790378571E1,-1.858911133E1,6.158564517E1
3.571555500E0,9.926256180E0,-5.798503876E1,-1.816259766E1,6.156845974E1
3.581598500E0,1.001556969E1,-5.817922974E1,-1.802844238E1,6.172648656E1
3.591642500E0,1.000188637E1,-5.815563965E1,-1.738885498E1,6.151819594E1
3.601686500E0,1.023262978E1,-5.818470001E1,-1.732794189E1,6.156641615E1
3.611729500E0,1.033201027E1,-5.819924545E1,-1.801562500E1,6.179373230E1
3.621773500E0,1.056595421E1,-5.810695267E1,-1.780883789E1,6.168640080E1
3.631816500E0,1.072310448E1,-5.789743042E1,-1.799877930E1,6.157153137E1
3.641860500E0,1.087277794E1,-5.783145142E1,-1.813690186E1,6.157630455E1
3.651904500E0,1.090225792E1,-5.764690399E1,-1.756951904E1,6.124306301E1
3.661947500E0,1.127744484E1,-5.746107483E1,-1.800531006E1,6.126293392E1
3.671991500E0,1.136547279E1,-5.738689041E1,-1.775866699E1,6.113754506E1
3.682035500E0,1.157546806E1,-5.718776703E1,-1.804595947E1,6.107445302E1
3.692078500E0,1.157546806E1,-5.718776703E1,-1.804595947E1,6.107445302E1
3.702122500E0,1.173179436E1,-5.701847839E1,-1.826483154E1,6.101103137E1
3.712165500E0,1.180828285E1,-5.686846161E1,-1.771765137E1,6.072374033E1
3.722209500E0,1.186320305E1,-5.663167572E1,-1.832250977E1,6.069264079E1
3.732253500E0,1.191346169E1,-5.649915314E1,-1.828692627E1,6.056811494E1
3.742296500E0,1.195812035E1,-5.638555527E1,-1.805090332E1,6.040002149E1
3.752340500E0,1.199202919E1,-5.612918472E1,-1.859295654E1,6.033234766E1
3.762384500E0,1.192816353E1,-5.594850922E1,-1.808630371E1,5.999692618E1
3.772427500E0,1.203724480E1,-5.561302185E1,-1.844366455E1,5.981531763E1
3.782471500E0,1.184792900E1,-5.553139496E1,-1.871722412E1,5.978665174E1
3.792515500E0,1.172961998E1,-5.534822845E1,-1.794458008E1,5.935501943E1
3.802558500E0,1.151892662E1,-5.532664490E1,-1.855981445E1,5.948268671E1
3.812602500E0,1.164676857E1,-5.383667755E1,-1.920593262E1,5.833440593E1
3.822645500E0,1.141367912E1,-5.357340240E1,-1.960308838E1,5.817785309E1
3.832689500E0,1.137928200E1,-5.334088516E1,-1.921105957E1,5.782562493E1
3.842733500E0,1.141843605E1,-5.320934296E1,-1.894329834E1,5.762346234E1
3.852776500E0,1.144362068E1,-5.307321548E1,-1.928820801E1,5.761733788E1
3.862820500E0,1.144084358E1,-5.310641861E1,-1.869891357E1,5.745288477E1
3.872863500E0,1.162808037E1,-5.292398834E1,-1.867047119E1,5.731271490E1
3.882907500E0,1.152959251E1,-5.278971863E1,-1.894287109E1,5.725834665E1
3.892951500E0,1.149325752E1,-5.253223419E1,-1.839428711E1,5.683379625E1
3.902994500E0,1.154273415E1,-5.227430725E1,-1.866986084E1,5.669569308E1
3.913038500E0,1.171330833E1,-5.228275299E1,-1.861822510E1,5.672147881E1
3.923082500E0,1.165834999E1,-5.222505951E1,-1.798681641E1,5.645263085E1
3.933125500E0,1.160569191E1,-5.204748535E1,-1.801770020E1,5.628739056E1
3.943169500E0,1.145103264E1,-5.202455139E1,-1.763140869E1,5.611191200E1
3.953212500E0,1.116315269E1,-5.191642761E1,-1.785815430E1,5.602539700E1
3.963256500E0,1.129174614E1,-5.197465515E1,-1.791204834E1,5.612227530E1
3.973300500E0,1.114948463E1,-5.191657257E1,-1.726037598E1,5.583513315E1
3.983343500E0,1.115014076E1,-5.183023071E1,-1.745294189E1,5.581490514E1
3.993387500E0,1.133455467E1,-5.189073944E1,-1.719879150E1,5.582937756E1
4.003431500E0,1.134154320E1,-5.184916687E1,-1.686669922E1,5.569068369E1
4.013474500E0,1.120009804E1,-5.169659424E1,-1.708282471E1,5.558599600E1
4.023518500E0,1.112491035E1,-5.168265533E1,-1.652551270E1,5.538910599E1
4.033561500E0,1.111308098E1,-5.161486053E1,-1.671307373E1,5.537979081E1
4.043605500E0,1.119640923E1,-5.163034821E1,-1.668292236E1,5.540191634E1
4.053649500E0,1.114259148E1,-5.157051086E1,-1.639013672E1,5.524772862E1
4.063692500E0,1.128668022E1,-5.146697235E1,-1.631567383E1,5.515831402E1
4.073736500E0,1.122563362E1,-5.150448608E1,-1.602795410E1,5.509648128E1
4.083780500E0,1.122508049E1,-5.149601746E1,-1.602069092E1,5.508633935E1
4.093826584E0,1.132106209E1,-5.149472809E1,-1.603149414E1,5.510791479E1
4.103870584E0,1.075957870E1,-5.037210846E1,-1.666784668E1,5.413811003E1
4.113913584E0,1.066590500E1,-5.043373871E1,-1.712786865E1,5.432023025E1
4.123957584E0,1.083072281E1,-5.053664398E1,-1.683587646E1,5.435718607E1
4.134001583E0,1.087250137E1,-5.042092133E1,-1.653900146E1,5.416658714E1
4.144044584E0,1.097992706E1,-5.036978912E1,-1.681420898E1,5.422538223E1
4.154088584E0,1.107677460E1,-5.041034317E1,-1.666912842E1,5.423797080E1
4.164132583E0,1.105529022E1,-5.043789673E1,-1.665270996E1,5.425415760E1
4.174175584E0,1.131046295E1,-5.052572250E1,-1.651995850E1,5.434780801E1
4.184219583E0,1.131046295E1,-5.052572250E1,-1.651995850E1,5.434780801E1
4.194262584E0,1.149295807E1,-5.073712158E1,-1.623864746E1,5.449804825E1
4.204306583E0,1.166040802E1,-5.068331146E1,-1.623632812E1,5.448285535E1
4.214350583E0,1.174393845E1,-5.079503632E1,-1.561419678E1,5.442296340E1
4.224393583E0,1.199313736E1,-5.088257217E1,-1.583166504E1,5.462154440E1
4.234437583E0,1.216500092E1,-5.095347595E1,-1.606744385E1,5.479422151E1
4.244480583E0,1.243678665E1,-5.101145554E1,-1.563183594E1,5.478317765E1
4.254524583E0,1.292104340E1,-5.097920609E1,-1.600347900E1,5.497221258E1
4.264568584E0,1.322079468E1,-5.100862885E1,-1.569732666E1,5.498250352E1
4.274611583E0,1.346294785E1,-5.091176987E1,-1.534680176E1,5.485238007E1
4.284655584E0,1.358193970E1,-5.088176727E1,-1.595190430E1,5.502623536E1
4.294699584E0,1.397387314E1,-5.096500397E1,-1.580249023E1,5.515813138E1
4.304742584E0,1.391308403E1,-5.083833313E1,-1.065301514E1,5.377356929E1
4.314786584E0,1.415695381E1,-5.090960312E1,-1.086145020E1,5.394606688E1
4.324829584E0,1.427024651E1,-5.097111511E1,-1.068402100E1,5.399854457E1
4.334873584E0,1.431279564E1,-5.079698181E1,-1.129467773E1,5.396998448E1
4.344917584E0,1.420730782E1,-5.085047150E1,-1.138006592E1,5.401040591E1
4.354960584E0,1.432724571E1,-5.088129425E1,-1.172979736E1,5.414576826E1
4.365004584E0,1.438067055E1,-5.082421112E1,-1.218121338E1,5.420595983E1
4.375047584E0,1.471521187E1,-5.066518021E1,-1.211975098E1,5.413304268E1
4.385091584E0,1.498221016E1,-5.055077744E1,-1.277825928E1,5.425063715E1
4.395135583E0,1.516464424E1,-5.040914536E1,-1.267120361E1,5.414432354E1
4.405178584E0,1.518351173E1,-5.011546326E1,-1.290191650E1,5.393104983E1
4.415222583E0,1.524992561E1,-4.988393402E1,-1.332550049E1,5.383805409E1
4.425266583E0,1.669848633E1,-4.907858658E1,-1.057818604E1,5.290978289E1
4.435309584E0,1.676781082E1,-4.878791809E1,-1.151885986E1,5.285929023E1
4.445353583E0,1.683919525E1,-4.857543182E1,-1.186120605E1,5.276191129E1
4.455396584E0,1.681426620E1,-4.844833755E1,-1.170922852E1,5.260291810E1
4.465440583E0,1.683298874E1,-4.814822769E1,-1.224902344E1,5.245607605E1
4.475484584E0,1.659157181E1,-4.788834381E1,-1.230224609E1,5.215284256E1
4.485527583E0,1.677684402E1,-4.762989807E1,-1.297979736E1,5.213966652E1
4.495571584E0,1.673459244E1,-4.747346497E1,-1.336804199E1,5.208148430E1
4.505614583E0,1.667668915E1,-4.714532471E1,-1.306091309E1,5.168540464E1
4.515658583E0,1.675725174E1,-4.690742493E1,-1.365838623E1,5.164942898E1
4.525702584E0,1.685950851E1,-4.664002228E1,-1.346533203E1,5.138919996E1
4.535745583E0,1.711998749E1,-4.621339417E1,-1.356011963E1,5.111407454E1
4.545789584E0,1.697096634E1,-4.583416748E1,-1.435247803E1,5.093896576E1
4.555833584E0,1.698006439E1,-4.566062927E1,-1.431805420E1,5.077619844E1
4.565876584E0,1.694783401E1,-4.519258881E1,-1.473303223E1,5.046445679E1
4.575920584E0,1.702818298E1,-4.491056442E1,-1.477728271E1,5.025222281E1
4.585963584E0,1.680518723E1,-4.460440063E1,-1.479492188E1,4.990848211E1
4.596007584E0,1.682914734E1,-4.428137970E1,-1.533331299E1,4.979127710E1
4.606051584E0,1.663996124E1,-4.396308136E1,-1.552941895E1,4.950559247E1
4.616094584E0,1.657189178E1,-4.366479111E1,-1.605865479E1,4.938746778E1
4.626138584E0,1.662154007E1,-4.330936432E1,-1.634088135E1,4.918334103E1
4.636181584E0,1.663061523E1,-4.296999741E1,-1.615222168E1,4.882511961E1
4.646225584E0,1.681132507E1,-4.262295532E1,-1.659722900E1,4.873197084E1
4.656269583E0,1.711492920E1,-4.236809540E1,-1.634912109E1,4.853112475E1
4.666312584E0,1.711492920E1,-4.236809540E1,-1.634912109E1,4.853112475E1
4.676356583E0,2.419788170E1,-4.142129517E1,-1.732391357E1,5.100371706E1
4.686400583E0,2.410313606E1,-4.104917526E1,-1.781201172E1,5.082581745E1
4.696443583E0,2.410379982E1,-4.081894302E1,-1.735638428E1,5.048191112E1
4.706487583E0,2.408949089E1,-4.035787582E1,-1.779321289E1,5.025594629E1
4.716530583E0,2.405518150E1,-4.005702972E1,-1.788562012E1,5.003111826E1
4.726574583E0,2.421854591E1,-3.965462112E1,-1.794592285E1,4.981047169E1
4.736618584E0,2.441645622E1,-3.919786453E1,-1.844342041E1,4.972721262E1
4.746661583E0,2.448258400E1,-3.892533875E1,-1.825952148E1,4.947715676E1
4.756705584E0,2.456760216E1,-3.854214859E1,-1.866473389E1,4.937040191E1
4.766748583E0,2.443636513E1,-3.803403473E1,-1.915850830E1,4.909961485E1
4.776792584E0,2.613414001E1,-3.570894623E1,-1.922113037E1,4.824493722E1
4.786836584E0,2.623674774E1,-3.536325836E1,-1.968951416E1,4.823488304E1
4.796879584E0,2.620569611E1,-3.486956024E1,-1.955468750E1,4.780178389E1
4.806923584E0,2.635745239E1,-3.455783081E1,-1.988690186E1,4.779589765E1
4.816966583E0,2.640062332E1,-3.427975082E1,-2.058306885E1,4.791405797E1
4.827010584E0,2.649876404E1,-3.391545868E1,-2.044122314E1,4.764752288E1
4.837054584E0,2.641474152E1,-3.353859329E1,-2.088323975E1,4.752563005E1
4.847097584E0,2.660960388E1,-3.316557312E1,-2.061975098E1,4.725674967E1
4.857141584E0,2.659332657E1,-3.263813019E1,-2.051379395E1,4.683234248E1
4.867185583E0,2.655631638E1,-3.227517319E1,-2.119812012E1,4.686453926E1
4.877228584E0,2.658476257E1,-3.202222443E1,-2.115618896E1,4.668786555E1
4.887272584E0,2.666260147E1,-3.161383438E1,-2.158892822E1,4.665201671E1
4.897315584E0,2.646977615E1,-3.115072632E1,-2.184240723E1,4.634768121E1
4.907359584E0,2.629690552E1,-3.081121063E1,-2.185217285E1,4.602581231E1
4.917403583E0,2.618587494E1,-3.037009430E1,-2.215173340E1,4.581202862E1
4.927446584E0,2.602892685E1,-2.999118805E1,-2.196954346E1,4.538322634E1
4.937490583E0,2.602672195E1,-2.967930603E1,-2.192010498E1,4.515243586E1
4.947533584E0,2.594610214E1,-2.935771561E1,-2.235620117E1,4.510959336E1
4.957577583E0,2.569208527E1,-2.902624512E1,-2.215374756E1,4.464744877E1
4.967621583E0,2.795198441E1,-2.658691788E1,-2.258288574E1,4.470083179E1
4.977664583E0,2.790910339E1,-2.625057220E1,-2.245098877E1,4.440785392E1
4.987708583E0,2.801237869E1,-2.609920502E1,-2.204278564E1,4.417857243E1
4.997751583E0,2.807069016E1,-2.565228653E1,-2.227722168E1,4.407128380E1
5.007795583E0,2.813770676E1,-2.538905716E1,-2.214703369E1,4.389562468E1
5.017839584E0,2.805032730E1,-2.502328110E1,-2.252868652E1,4.382381972E1
5.027882583E0,2.752433395E1,-2.506840515E1,-2.206494141E1,4.327673204E1
5.037926584E0,2.724860382E1,-2.498844147E1,-2.142437744E1,4.273069817E1
5.047969583E0,2.734844208E1,-2.478866959E1,-2.153582764E1,4.273414672E1
5.058013584E0,2.741904831E1,-2.490760040E1,-2.144726562E1,4.280394807E1
5.068057584E0,2.713163757E1,-2.474419785E1,-2.123010254E1,4.241601512E1
5.078100584E0,2.694518661E1,-2.469751740E1,-2.126873779E1,4.228911981E1
5.088141709E0,2.673386002E1,-2.480146027E1,-2.059710693E1,4.188141016E1
5.098184709E0,2.650785828E1,-2.478517532E1,-2.074029541E1,4.179869998E1
5.108228709E0,2.621347046E1,-2.511048508E1,-2.040844727E1,4.164357350E1
5.118272709E0,2.592763138E1,-2.523096085E1,-1.996398926E1,4.132074928E1
5.128315709E0,2.555102158E1,-2.533269882E1,-1.990515137E1,4.111952558E1
5.138359709E0,2.548497772E1,-2.546002960E1,-1.944067383E1,4.093454526E1
5.148403708E0,2.789590454E1,-2.548988342E1,-1.739318848E1,4.159854147E1
5.158446709E0,2.789590454E1,-2.548988342E1,-1.739318848E1,4.159854147E1
5.168490708E0,2.802482605E1,-2.555887985E1,-1.709960938E1,4.160581516E1
5.178533709E0,2.812852097E1,-2.560891724E1,-1.657891846E1,4.149567292E1
5.188577709E0,2.869086456E1,-2.478071213E1,-1.615942383E1,4.121136228E1
5.198620709E0,2.853806686E1,-2.472395325E1,-1.531054688E1,4.074442256E1
5.208664709E0,2.832611465E1,-2.465756226E1,-1.477624512E1,4.035717492E1
5.218708708E0,2.812699509E1,-2.463645172E1,-1.499841309E1,4.028690856E1
5.228751709E0,2.916445923E1,-2.130830383E1,-1.375170898E1,3.864866096E1
5.238795708E0,2.895272827E1,-2.138310623E1,-1.359570312E1,3.847519785E1
5.248839709E0,2.876972580E1,-2.139985275E1,-1.296710205E1,3.812868416E1
5.258882708E0,2.873403931E1,-2.142453003E1,-1.263024902E1,3.800235114E1
5.268926708E0,2.836874390E1,-2.002618408E1,-1.291107178E1,3.704766462E1
5.278969708E0,2.837006760E1,-2.011643219E1,-1.246899414E1,3.694600647E1
5.289013708E0,2.839577103E1,-2.034432602E1,-1.253350830E1,3.711199595E1
5.299057709E0,2.812861252E1,-2.049309921E1,-1.222448730E1,3.688663779E1
5.309100708E0,2.853201675E1,-1.742493439E1,-1.147583008E1,3.534683854E1
5.319144709E0,2.854200363E1,-1.768332672E1,-1.163421631E1,3.553450442E1
5.329187708E0,2.870880127E1,-1.786917114E1,-1.111572266E1,3.559581208E1
5.339231709E0,2.873294830E1,-1.808118820E1,-1.081958008E1,3.563109594E1
5.349275709E0,2.891113663E1,-1.758083725E1,-1.126239014E1,3.566203992E1
5.359318709E0,2.921269226E1,-1.791883087E1,-1.095288086E1,3.597820852E1
5.369362709E0,2.901647186E1,-1.805811310E1,-1.124597168E1,3.597947981E1
5.379405709E0,2.911659241E1,-1.820546341E1,-1.118859863E1,3.611647257E1
5.389449709E0,2.917650986E1,-1.660894394E1,-1.069830322E1,3.523605310E1
5.399493709E0,2.889072800E1,-1.668614578E1,-1.142449951E1,3.526500836E1
5.409536709E0,2.876567459E1,-1.694419861E1,-1.128070068E1,3.523952481E1
5.419580709E0,2.852322388E1,-1.711276627E1,-1.149377441E1,3.519272538E1
5.429623709E0,2.861940384E1,-1.738262177E1,-1.170373535E1,3.547116063E1
5.439667709E0,2.875241470E1,-1.797592545E1,-1.092645264E1,3.562615071E1
5.449711708E0,2.859504700E1,-1.812291336E1,-1.123376465E1,3.566951317E1
5.459754709E0,2.851218414E1,-1.846640015E1,-1.126031494E1,3.578752955E1
5.469798708E0,2.832114792E1,-1.878210831E1,-1.108850098E1,3.574646648E1
5.479841709E0,2.859156036E1,-1.905640793E1,-1.082678223E1,3.602559119E1
5.489885709E0,2.831380844E1,-1.944760895E1,-1.055224609E1,3.593370479E1
5.499929708E0,2.811560822E1,-1.960178375E1,-1.079357910E1,3.593353171E1
5.509972709E0,2.785678482E1,-1.983142090E1,-1.053607178E1,3.578120350E1
5.520016708E0,2.784594536E1,-2.093529892E1,-9.962463379E0,3.623443239E1
5.530059709E0,2.761797523E1,-2.109692383E1,-1.019055176E1,3.621712435E1
5.540103708E0,2.753000450E1,-2.130055237E1,-1.001684570E1,3.622087626E1
5.550147709E0,2.716977119E1,-2.152238846E1,-1.007598877E1,3.609619400E1
5.560190708E0,2.679769135E1,-2.233051300E1,-9.989990234E0,3.628454185E1
5.570234708E0,2.675321960E1,-2.253060913E1,-9.399047852E0,3.621747103E1
5.580277708E0,2.656032944E1,-2.264665604E1,-9.504516602E0,3.617537789E1
5.590321708E0,2.642096329E1,-2.277576828E1,-9.337829590E0,3.611091225E1
5.600365709E0,2.541366196E1,-2.347877502E1,-8.653686523E0,3.566501621E1
5.610408708E0,2.505933762E1,-2.344476700E1,-8.636718750E0,3.538672650E1
5.620452709E0,2.483323288E1,-2.364288330E1,-8.405151367E0,3.530328534E1
5.630495708E0,2.444023132E1,-2.359798050E1,-8.582885742E0,3.504076938E1
5.640539709E0,2.358168411E1,-2.462548065E1,-7.748962402E0,3.496507602E1
5.650583709E0,2.358168411E1,-2.462548065E1,-7.748962402E0,3.496507602E1
5.660626709E0,2.344519424E1,-2.482803726E1,-7.680603027E0,3.500143183E1
5.670670709E0,2.325997543E1,-2.490332794E1,-7.818237305E0,3.496179392E1
5.680713709E0,2.329839706E1,-2.522122192E1,-7.281066895E0,3.509899252E1
5.690757709E0,2.321842575E1,-2.513612747E1,-7.502868652E0,3.503160340E1
5.700801709E0,2.328930283E1,-2.515747070E1,-7.445129395E0,3.508161784E1
5.710844709E0,2.302167511E1,-2.526332855E1,-7.108703613E0,3.491084304E1
5.720888709E0,2.190950394E1,-2.567192459E1,-7.307189941E0,3.453214589E1
5.730931709E0,2.169145584E1,-2.577709198E1,-7.003234863E0,3.440963566E1
5.740975709E0,2.139739990E1,-2.578665543E1,-7.067993164E0,3.424553764E1
5.751019708E0,2.111724091E1,-2.588752365E1,-7.165039062E0,3.416781423E1
5.761062709E0,2.090057755E1,-2.619673157E1,-6.566955566E0,3.415007748E1
5.771106708E0,2.082094574E1,-2.625221252E1,-6.538330078E0,3.413854426E1
5.781149709E0,2.077030563E1,-2.645164108E1,-6.180908203E0,3.419500751E1
5.791193709E0,2.067200470E1,-2.668070984E1,-5.878295898E0,3.425998276E1
5.801237708E0,1.970181465E1,-2.615637207E1,-6.277282715E0,3.334248909E1
5.811280709E0,1.966997147E1,-2.635493469E1,-5.836425781E0,3.339991356E1
5.821324708E0,1.972594643E1,-2.660091400E1,-5.963073730E0,3.364936606E1
5.831367709E0,1.975523758E1,-2.670899963E1,-5.791076660E0,3.372204979E1
5.841411708E0,2.057793808E1,-2.700310898E1,-5.625244141E0,3.441311962E1
5.851455708E0,2.056563759E1,-2.707116699E1,-5.707092285E0,3.447266213E1
5.861498708E0,2.071548462E1,-2.758464813E1,-5.087585449E0,3.487015402E1
5.871542708E0,2.082132530E1,-2.781995392E1,-5.007141113E0,3.510767559E1
5.881585708E0,1.995693970E1,-2.715386581E1,-5.323547363E0,3.411674116E1
5.891629708E0,2.010033417E1,-2.754481506E1,-4.685241699E0,3.441935154E1
5.901673709E0,2.027030563E1,-2.784445953E1,-4.803955078E0,3.477466321E1
5.911716708E0,2.041454315E1,-2.828794861E1,-4.207153320E0,3.513775388E1
5.921760709E0,2.024922943E1,-2.850831985E1,-3.863098145E0,3.518066402E1
5.931803708E0,2.037027740E1,-2.875018311E1,-4.431030273E0,3.551274784E1
5.941847709E0,2.018518066E1,-2.913098907E1,-3.837524414E0,3.564803833E1
5.951890708E0,2.017362976E1,-2.932477570E1,-3.482482910E0,3.576374553E1
5.961934709E0,2.014779282E1,-2.963981628E1,-3.416748047E0,3.600175596E1
5.971978709E0,1.980775642E1,-2.954799271E1,-3.055175781E0,3.570385395E1
5.982021709E0,1.996044731E1,-2.967018127E1,-3.424072266E0,3.592302026E1
5.992065709E0,2.000959206E1,-2.998522568E1,-2.920349121E0,3.616664170E1
6.002108708E0,2.017392731E1,-3.009514999E1,-2.997924805E0,3.635509523E1
6.012152709E0,1.989059067E1,-3.023106766E1,-3.255004883E0,3.633384243E1
6.022196709E0,2.013851547E1,-3.064791870E1,-2.823547363E0,3.678079860E1
6.032239709E0,2.035112762E1,-3.089126205E1,-2.496032715E0,3.707652419E1
6.042283709E0,2.055923462E1,-3.123519897E1,-2.113464355E0,3.745379173E1
6.052326709E0,2.072057724E1,-3.161237335E1,-2.532653809E0,3.788269797E1
6.062370709E0,2.048992920E1,-3.182304001E1,-2.947875977E0,3.796357526E1
6.072414709E0,2.043154526E1,-3.211254883E1,-2.282287598E0,3.812968228E1
6.082457709E0,2.046656036E1,-3.238548279E1,-2.084167480E0,3.836721703E1
6.092505584E0,2.012904549E1,-3.221514893E1,-1.894836426E0,3.803399397E1
6.102548583E0,1.996884727E1,-3.250053406E1,-1.189880371E0,3.816353483E1
6.112592584E0,1.993890572E1,-3.276584625E1,-1.490783691E0,3.838467243E1
6.122636584E0,1.987540245E1,-3.302667999E1,-8.624267578E-1,3.855563505E1
6.132679584E0,1.974469376E1,-3.352392578E1,-1.076965332E0,3.892128448E1
6.142723584E0,1.974469376E1,-3.352392578E1,-1.076965332E0,3.892128448E1
6.152766583E0,1.988295746E1,-3.373004532E1,-7.116088867E-1,3.916062234E1
6.162810584E0,1.977782822E1,-3.407798004E1,1.190185547E-2,3.940141310E1
6.172854584E0,1.985742188E1,-3.400234985E1,-3.038940430E-1,3.937726947E1
6.182897584E0,1.976071930E1,-3.429272461E1,3.019409180E-1,3.957989586E1
6.192941584E0,1.987048721E1,-3.436177826E1,8.939208984E-1,3.970349055E1
6.202984584E0,1.996166992E1,-3.462718964E1,8.403930664E-1,3.997770364E1
6.213028584E0,2.020220566E1,-3.556888580E1,1.092407227E0,4.092026520E1
6.223071584E0,2.053132629E1,-3.579447556E1,1.489501953E0,4.129162694E1
6.233115584E0,2.061390686E1,-3.598935699E1,1.883300781E0,4.151763234E1
6.243159584E0,2.052972412E1,-3.619911957E1,2.733337402E0,4.170511915E1
6.253202584E0,2.064526749E1,-3.650403595E1,2.355957031E0,4.200383606E1
6.263246584E0,2.064116669E1,-3.681891251E1,2.970642090E0,4.231447500E1
6.273289584E0,2.054460526E1,-3.710446930E1,3.237792969E0,4.253593481E1
6.283333584E0,2.033367920E1,-3.720312500E1,3.849609375E0,4.257171023E1
6.293377583E0,2.039060974E1,-3.821032715E1,3.831848145E0,4.347975537E1
6.303420584E0,2.023989487E1,-3.830429077E1,4.208435059E0,4.352680739E1
6.313464583E0,2.001939392E1,-3.867043304E1,5.278991699E0,4.386395192E1
6.323507584E0,1.991248322E1,-3.876726532E1,5.976989746E0,4.399013815E1
6.333551583E0,1.995470047E1,-3.952146149E1,5.667480469E0,4.463469865E1
6.343595583E0,1.976595688E1,-3.962242126E1,6.391479492E0,4.473790706E1
6.353638583E0,1.951969910E1,-3.972058105E1,6.418640137E0,4.472071280E1
6.363682583E0,1.925817871E1,-4.000277710E1,6.924560547E0,4.493383093E1
6.373725584E0,1.895289230E1,-4.107550430E1,7.404418945E0,4.583922556E1
6.383769583E0,1.886642075E1,-4.120225525E1,7.522033691E0,4.593635445E1
6.393812584E0,1.889083481E1,-4.142535019E1,8.323791504E0,4.628400137E1
6.403856583E0,1.876712036E1,-4.146296310E1,8.333679199E0,4.626912929E1
6.413900584E0,1.855892181E1,-4.161855698E1,8.043518066E0,4.627349183E1
6.423943583E0,1.863776779E1,-4.176285553E1,8.629669189E0,4.654002235E1
6.433987583E0,1.836950684E1,-4.184643936E1,8.607940674E0,4.650440744E1
6.444030583E0,1.823114395E1,-4.216210938E1,8.898773193E0,4.678895426E1
6.454074583E0,1.831568146E1,-4.240353394E1,9.048614502E0,4.706804969E1
6.464118584E0,1.818740082E1,-4.257986450E1,8.469726562E0,4.706976394E1
6.474161583E0,1.791778946E1,-4.289305115E1,8.557556152E0,4.726619070E1
6.484205584E0,1.741395378E1,-4.334365845E1,8.120605469E0,4.741163093E1
6.494248583E0,1.721002769E1,-4.354841614E1,8.104949951E0,4.752199296E1
6.504292584E0,1.708110046E1,-4.378702545E1,8.051605225E0,4.768538495E1
6.514336584E0,1.693939400E1,-4.405428314E1,7.215515137E0,4.774711081E1
6.524379584E0,1.692523003E1,-4.425601196E1,7.166137695E0,4.792088830E1
6.534423584E0,1.682702637E1,-4.456438446E1,6.631958008E0,4.809486507E1
6.544466584E0,1.707327652E1,-4.505998993E1,5.957580566E0,4.855298374E1
6.554510584E0,1.713731384E1,-4.539100647E1,5.789611816E0,4.886256849E1
6.564553584E0,1.709579468E1,-4.566446686E1,4.924133301E0,4.900772202E1
6.574597584E0,1.735509872E1,-4.587901306E1,4.784973145E0,4.928467570E1
6.584641584E0,1.680859566E1,-4.614843369E1,4.690490723E0,4.933768866E1
6.594684584E0,1.662320328E1,-4.628797531E1,4.245361328E0,4.936527766E1
6.604728584E0,1.624793816E1,-4.661716080E1,3.912292480E0,4.952233039E1
6.614771584E0,1.590055656E1,-4.679235840E1,3.102111816E0,4.951742725E1
6.624815584E0,1.580482101E1,-4.708548737E1,3.111206055E0,4.976459676E1
6.634859583E0,1.580482101E1,-4.708548737E1,3.111206055E0,4.976459676E1
6.644902584E0,1.534257126E1,-4.743712997E1,3.379455566E0,4.997095669E1
6.654946584E0,1.499717712E1,-4.765951538E1,2.987731934E0,5.005268494E1
6.664989584E0,1.486515427E1,-4.791699219E1,3.101745605E0,5.026561228E1
6.675033584E0,1.454760742E1,-4.813613129E1,2.401794434E0,5.034370500E1
6.685076584E0,1.543342781E1,-4.928929520E1,9.726562500E-1,5.165821692E1
6.695120584E0,1.520707703E1,-4.959458160E1,7.905273438E-1,5.187969400E1
6.705164583E0,1.474970245E1,-4.971557999E1,3.580932617E-1,5.185866221E1
6.715207584E0,1.445776558E1,-5.011067963E1,4.718627930E-1,5.215678146E1
6.725251583E0,1.414521217E1,-5.038122559E1,2.458496094E-1,5.232987064E1
6.735294584E0,1.375196266E1,-5.059321594E1,-7.916870117E-1,5.243488099E1
6.745338583E0,1.339663506E1,-5.090151596E1,-9.092407227E-1,5.264276661E1
6.755382583E0,1.313438606E1,-5.115640640E1,-1.653137207E0,5.284148821E1
6.765425583E0,1.283094788E1,-5.131051636E1,-1.994445801E0,5.292806558E1
6.775469583E0,1.266864395E1,-5.145432281E1,-1.732055664E0,5.301925964E1
6.785512583E0,1.237876129E1,-5.173186493E1,-2.896545410E0,5.327109493E1
6.795556583E0,1.205635834E1,-5.193509674E1,-2.903991699E0,5.339516099E1
6.805600584E0,1.179796600E1,-5.210334778E1,-3.971069336E0,5.356976986E1
6.815643583E0,1.130954170E1,-5.219070816E1,-4.706298828E0,5.360900111E1
6.825687584E0,1.075892067E1,-5.237583923E1,-5.090148926E0,5.371119553E1
6.835730583E0,1.046172142E1,-5.249945068E1,-6.120178223E0,5.388039085E1
6.845774584E0,1.338768005E1,-5.238858795E1,-8.429382324E0,5.472521001E1
6.855817583E0,1.317558289E1,-5.247732544E1,-9.058959961E0,5.485918725E1
6.865861584E0,1.300045967E1,-5.247052002E1,-1.001831055E1,5.497757697E1
6.875905584E0,1.285635757E1,-5.252681732E1,-1.080969238E1,5.514709346E1
6.885948583E0,1.268130684E1,-5.251718140E1,-1.179870605E1,5.529990370E1
6.895992584E0,1.228515434E1,-5.238534164E1,-1.250958252E1,5.524163911E1
6.906035583E0,1.192956924E1,-5.234881592E1,-1.291607666E1,5.522262387E1
6.916079584E0,1.174360275E1,-5.219269943E1,-1.403411865E1,5.530774418E1
6.926122583E0,1.172332573E1,-5.214365005E1,-1.455322266E1,5.539127094E1
6.936166584E0,1.158889771E1,-5.181288910E1,-1.531860352E1,5.525882410E1
6.946210584E0,1.148980331E1,-5.153515244E1,-1.636254883E1,5.527766747E1
6.956253584E0,1.122847939E1,-5.129591370E1,-1.680285645E1,5.513334287E1
6.966297584E0,1.116870880E1,-5.094466400E1,-1.829492188E1,5.527027242E1
6.976340584E0,1.116124916E1,-5.075457382E1,-1.915551758E1,5.538532387E1
6.986384584E0,1.101443481E1,-5.021428680E1,-1.962335205E1,5.502606945E1
6.996428584E0,1.091511154E1,-4.975566101E1,-2.054705811E1,5.492674266E1
7.006471584E0,1.079017067E1,-4.955239868E1,-2.083581543E1,5.482699338E1
7.016515584E0,1.077465439E1,-4.902692032E1,-2.176623535E1,5.471289697E1
7.026558584E0,1.108323097E1,-4.856893158E1,-2.205859375E1,5.448266405E1
7.036602584E0,1.118203735E1,-4.824663544E1,-2.230383301E1,5.431608194E1
7.046645584E0,1.156649971E1,-4.781593323E1,-2.320526123E1,5.439330414E1
7.056689584E0,1.192916107E1,-4.750119781E1,-2.315362549E1,5.417341646E1
7.066733583E0,1.248597145E1,-4.715131760E1,-2.404040527E1,5.437910738E1
7.076776584E0,1.323152733E1,-4.692967606E1,-2.418774414E1,5.442898839E1
7.086820584E0,1.384362793E1,-4.652378082E1,-2.414257812E1,5.421228915E1
7.096859834E0,1.431728554E1,-4.638976288E1,-2.462213135E1,5.443568790E1
7.106903833E0,1.486011124E1,-4.612510681E1,-2.460729980E1,5.434949483E1
7.116947833E0,1.048476315E1,-4.872240829E1,-2.636560059E1,5.638216227E1
7.126990834E0,1.048476315E1,-4.872240829E1,-2.636560059E1,5.638216227E1
7.137034833E0,1.101590061E1,-4.853456879E1,-2.640240479E1,5.633863161E1
7.147077834E0,1.156518459E1,-4.843455124E1,-2.635766602E1,5.634168800E1
7.157121833E0,1.186448383E1,-4.811788177E1,-2.672088623E1,5.630366137E1
7.167164834E0,1.216928577E1,-4.781411743E1,-2.654193115E1,5.602459684E1
7.177208833E0,1.259646130E1,-4.768804932E1,-2.645800781E1,5.597184169E1
7.187252834E0,1.318178272E1,-4.731539917E1,-2.715606689E1,5.612448987E1
7.197295833E0,1.196508121E1,-3.728125000E1,-2.796911621E1,4.811783694E1
7.207339833E0,1.255300236E1,-3.701036835E1,-2.828228760E1,4.824140364E1
7.217382833E0,1.307896328E1,-3.677401733E1,-2.837518311E1,4.825493392E1
7.227426833E0,1.373344517E1,-3.661752319E1,-2.807379150E1,4.814133661E1
7.237469833E0,1.436122608E1,-3.641416550E1,-2.816577148E1,4.822392504E1
7.247513833E0,1.482418346E1,-3.628097916E1,-2.792584229E1,4.812399122E1
7.257557834E0,1.433886623E1,-2.984686089E1,-2.873089600E1,4.383950928E1
7.267600833E0,1.495334339E1,-2.993993950E1,-2.893255615E1,4.423906940E1
7.277644834E0,1.571875286E1,-2.981277847E1,-2.861047363E1,4.420905058E1
7.287687833E0,1.646309662E1,-2.959313202E1,-2.857342529E1,4.430832479E1
7.297731834E0,1.705540848E1,-2.955677414E1,-2.827630615E1,4.431748352E1
7.307774833E0,1.779480743E1,-2.947248077E1,-2.823602295E1,4.452589456E1
7.317818834E0,1.840607071E1,-2.216775322E1,-2.909045410E1,4.094444091E1
7.327862834E0,1.928283691E1,-2.220471001E1,-2.880743408E1,4.116728318E1
7.337905833E0,1.989953232E1,-2.202281189E1,-2.843255615E1,4.110238289E1
7.347949834E0,2.084189987E1,-2.186068153E1,-2.855236816E1,4.156334822E1
7.357992833E0,2.327419662E1,-1.813719940E1,-2.821087646E1,4.082278508E1
7.368036834E0,2.385265350E1,-1.810207748E1,-2.808673096E1,4.105482608E1
7.378080834E0,2.449304962E1,-1.810892487E1,-2.765618896E1,4.114252578E1
7.388123834E0,2.481958008E1,-1.792517090E1,-2.700482178E1,4.082381298E1
7.398167834E0,2.512752533E1,-1.791391563E1,-2.695977783E1,4.097719516E1
7.408210834E0,2.599502945E1,-1.596858788E1,-2.689996338E1,4.067364484E1
7.418254834E0,2.630249786E1,-1.594456291E1,-2.705969238E1,4.096678450E1
7.428297834E0,2.656556702E1,-1.586803818E1,-2.642962646E1,4.069458369E1
7.438341834E0,2.652809143E1,-1.562967300E1,-2.597143555E1,4.028078670E1
7.448385834E0,2.723443794E1,-1.317853546E1,-2.613116455E1,3.997782095E1
7.458428834E0,2.728824043E1,-1.325347328E1,-2.586663818E1,3.986709910E1
7.468472834E0,2.743643379E1,-1.314839363E1,-2.606427002E1,4.006225563E1
7.478515834E0,2.740347481E1,-1.295924568E1,-2.611401367E1,4.001042602E1
7.488559834E0,2.693921280E1,-1.403745461E1,-2.556005859E1,3.969997372E1
7.498602834E0,2.691976929E1,-1.376819992E1,-2.592108154E1,3.982637036E1
7.508646834E0,2.666199875E1,-1.358543015E1,-2.602697754E1,3.965891639E1
7.518690833E0,2.650403595E1,-1.347566795E1,-2.634967041E1,3.972861285E1
7.528733834E0,2.634503174E1,-1.440709305E1,-2.677685547E1,4.023213910E1
7.538777833E0,2.622706223E1,-1.415291405E1,-2.685729980E1,4.011830407E1
7.548820834E0,2.618031311E1,-1.378626633E1,-2.752001953E1,4.040818492E1
7.558864834E0,2.623232651E1,-1.357176208E1,-2.759796143E1,4.042245855E1
7.568907834E0,2.578151894E1,-1.509419250E1,-2.810025024E1,4.101396628E1
7.578951834E0,2.544744682E1,-1.471316147E1,-2.874423218E1,4.111302170E1
7.588995833E0,2.511447716E1,-1.451298904E1,-2.883938599E1,4.090322723E1
7.599038834E0,2.492014503E1,-1.420824814E1,-2.936630249E1,4.105201171E1
7.609082833E0,2.462632370E1,-1.671207428E1,-3.036386108E1,4.251721188E1
7.619125834E0,2.462632370E1,-1.671207428E1,-3.036386108E1,4.251721188E1
7.629169833E0,2.427069092E1,-1.643123627E1,-3.018661499E1,4.207473930E1
7.639212834E0,2.393954086E1,-1.598316574E1,-3.080923462E1,4.216363530E1
7.649256833E0,2.353541565E1,-1.741844368E1,-3.143209839E1,4.295689443E1
7.659300833E0,2.310181808E1,-1.696517754E1,-3.189157104E1,4.287870744E1
7.669343833E0,2.272813034E1,-1.662236214E1,-3.267453003E1,4.313346432E1
7.679387833E0,2.223088455E1,-1.607615662E1,-3.266836548E1,4.266001808E1
7.689430833E0,2.173279190E1,-1.556693649E1,-3.335147095E1,4.274300375E1
7.699474833E0,2.110792160E1,-1.514429474E1,-3.341732788E1,4.232743578E1
7.709517834E0,2.021669388E1,-1.996212006E1,-3.468511963E1,4.483590606E1
7.719561833E0,1.944932175E1,-1.943364334E1,-3.535455322E1,4.478713033E1
7.729605834E0,1.896853256E1,-1.895539093E1,-3.553924561E1,4.452134377E1
7.739648833E0,1.832880783E1,-1.837899017E1,-3.635406494E1,4.466934647E1
7.749692834E0,1.757329559E1,-1.783263016E1,-3.654296875E1,4.429686198E1
7.759735833E0,1.686349106E1,-1.737050247E1,-3.655554199E1,4.384540269E1
7.769779833E0,1.519882679E1,-2.271824265E1,-3.834082031E1,4.708653084E1
7.779822833E0,1.439560032E1,-2.211268997E1,-3.842266846E1,4.661014715E1
7.789866833E0,1.381700420E1,-2.144231033E1,-3.879296875E1,4.642818866E1
7.799910834E0,1.356900883E1,-2.078845978E1,-3.911804199E1,4.633032775E1
7.809953833E0,1.306488705E1,-2.018078995E1,-3.899023438E1,4.580604691E1
7.819997834E0,1.266601849E1,-1.948583984E1,-3.924768066E1,4.561256862E1
7.830040833E0,1.044434071E1,-2.113477325E1,-3.966241455E1,4.613967947E1
7.840084834E0,9.987938881E0,-2.035670471E1,-3.968084717E1,4.570255990E1
7.850127833E0,9.586855888E0,-1.957638168E1,-4.029180908E1,4.581017796E1
7.860171834E0,8.980153084E0,-1.881377029E1,-3.986083984E1,4.498319303E1
7.870215834E0,7.335147858E0,-1.971831512E1,-4.066012573E1,4.578058726E1
7.880258834E0,6.786603928E0,-1.909122849E1,-4.053744507E1,4.531906277E1
7.890302834E0,6.280714035E0,-1.837473679E1,-3.987966919E1,4.435613075E1
7.900345834E0,6.018938065E0,-1.769316483E1,-4.008596802E1,4.422850358E1
7.910389834E0,5.539669037E0,-1.728834152E1,-3.972842407E1,4.367977066E1
7.920432833E0,4.070524216E0,-1.647645569E1,-3.946893311E1,4.296323358E1
7.930476834E0,3.534328461E0,-1.589378357E1,-3.943969727E1,4.266841401E1
7.940520834E0,3.050630569E0,-1.542741013E1,-3.864245605E1,4.171990820E1
7.950563834E0,2.327735901E0,-1.485355759E1,-3.866387939E1,4.148423914E1
7.960607834E0,4.156455994E-1,-1.629890060E1,-3.789065552E1,4.124959027E1
7.970650834E0,-1.317920685E-1,-1.591654968E1,-3.759738159E1,4.082789519E1
7.980694834E0,-6.391353607E-1,-1.538674164E1,-3.773049927E1,4.075231143E1
7.990737834E0,-1.148561478E0,-1.512528610E1,-3.714541626E1,4.012325289E1
8.000781834E0,-2.163873672E0,-1.512214661E1,-3.712579346E1,4.014581182E1
8.010824834E0,-2.682378769E0,-1.482343674E1,-3.656341553E1,3.954507286E1
8.020868834E0,-3.090330124E0,-1.457265091E1,-3.541564941E1,3.842109470E1
8.030912834E0,-3.797744751E0,-1.428546524E1,-3.543646240E1,3.839583636E1
8.040955834E0,-4.542754173E0,-1.551215744E1,-3.498934937E1,3.854242095E1
8.050999834E0,-5.158594131E0,-1.531871414E1,-3.478121948E1,3.835371332E1
8.061042834E0,-5.764384270E0,-1.519307327E1,-3.468136597E1,3.829953977E1
8.071086834E0,-6.234607697E0,-1.494933319E1,-3.393307495E1,3.760061797E1
8.081129834E0,-5.694096565E0,-1.631296921E1,-3.373767090E1,3.790469810E1
8.091174209E0,-6.044159889E0,-1.613581085E1,-3.332324219E1,3.751446029E1
8.101218209E0,-6.096513748E0,-1.607249832E1,-3.276934814E1,3.700436272E1
8.111261209E0,-6.096513748E0,-1.607249832E1,-3.276934814E1,3.700436272E1
8.121305209E0,-5.244482994E0,-1.654753494E1,-3.291546631E1,3.721227535E1
8.131348209E0,-5.726922989E0,-1.636585236E1,-3.252752686E1,3.686026009E1
8.141392209E0,-6.145644188E0,-1.640545654E1,-3.276568604E1,3.715505522E1
8.151435209E0,-6.660291672E0,-1.609178925E1,-3.252362061E1,3.689296767E1
8.161479209E0,-5.996750832E0,-1.765324783E1,-3.167895508E1,3.675805183E1
8.171523209E0,-6.710967064E0,-1.741011429E1,-3.180371094E1,3.687309572E1
8.181566209E0,-7.457888603E0,-1.729647446E1,-3.144110107E1,3.665147975E1
8.191610209E0,-7.930368423E0,-1.703012848E1,-3.157684326E1,3.674252373E1
8.201653209E0,-8.207679749E0,-1.822917175E1,-3.140390015E1,3.722732403E1
8.211697209E0,-8.490007401E0,-1.811344528E1,-3.077438354E1,3.670476547E1
8.221740209E0,-8.609111786E0,-1.778821182E1,-3.101614380E1,3.677687401E1
8.231784209E0,-8.973142624E0,-1.752257538E1,-3.080819702E1,3.656094829E1
8.241828209E0,-8.096513748E0,-1.697940826E1,-3.030114746E1,3.566529654E1
8.251871209E0,-8.203009605E0,-1.673457336E1,-3.067492676E1,3.589270739E1
8.261915209E0,-8.489310265E0,-1.649223328E1,-3.064257812E1,3.581940454E1
8.271958209E0,-8.927103043E0,-1.605765152E1,-3.081518555E1,3.587641288E1
8.282002209E0,-9.313393593E0,-1.658064270E1,-3.051379395E1,3.595481377E1
8.292045209E0,-9.725098610E0,-1.641635132E1,-2.993194580E1,3.549641550E1
8.302089209E0,-1.025489807E1,-1.604716873E1,-3.015478516E1,3.566490749E1
8.312132209E0,-1.078457832E1,-1.582961655E1,-2.966516113E1,3.531155158E1
8.322176209E0,-1.123879433E1,-1.560799789E1,-2.956805420E1,3.527307649E1
8.332220208E0,-1.153743076E1,-1.539763260E1,-2.946197510E1,3.518817095E1
8.342263209E0,-1.176922989E1,-1.561349869E1,-2.894454956E1,3.492968741E1
8.352307208E0,-1.201197433E1,-1.562277985E1,-2.887332153E1,3.495750955E1
8.362350209E0,-1.218930435E1,-1.544643021E1,-2.874838257E1,3.483734845E1
8.372394208E0,-1.228649521E1,-1.536696625E1,-2.841085815E1,3.455833441E1
8.382437209E0,-1.251204109E1,-1.537820816E1,-2.900534058E1,3.513332094E1
8.392481209E0,-1.278521538E1,-1.536388779E1,-2.809060669E1,3.447597663E1
8.402525208E0,-1.313341522E1,-1.543474579E1,-2.830355835E1,3.481105267E1
8.412568209E0,-1.357586765E1,-1.537413406E1,-2.820877075E1,3.487696845E1
8.422612208E0,-1.397266293E1,-1.537467575E1,-2.723684692E1,3.425582861E1
8.432655209E0,-1.443107510E1,-1.538378143E1,-2.750271606E1,3.466000650E1
8.442699208E0,-1.489570427E1,-1.549981308E1,-2.675619507E1,3.432229867E1
8.452742209E0,-1.527338791E1,-1.562193298E1,-2.682852173E1,3.459899921E1
8.462786208E0,-1.565262318E1,-1.565505219E1,-2.667147827E1,3.466198241E1
8.472829209E0,-1.583516788E1,-1.580167007E1,-2.642807007E1,3.462496508E1
8.482873208E0,-1.609240723E1,-1.595935059E1,-2.663711548E1,3.497431004E1
8.492917208E0,-1.577886295E1,-1.596563339E1,-2.532070923E1,3.383803011E1
8.502960208E0,-1.618114471E1,-1.617867279E1,-2.489889526E1,3.381617783E1
8.513004208E0,-1.659278297E1,-1.619713593E1,-2.533114624E1,3.434144186E1
8.523047209E0,-1.692010498E1,-1.649249649E1,-2.507485962E1,3.445346104E1
8.533091208E0,-1.747026062E1,-1.646871948E1,-2.520443726E1,3.480937208E1
8.543134209E0,-1.773672104E1,-1.661124039E1,-2.498086548E1,3.485065595E1
8.553178208E0,-1.807752228E1,-1.693285370E1,-2.446511841E1,3.481465733E1
8.563222209E0,-1.849174690E1,-1.705076218E1,-2.479251099E1,3.531772636E1
8.573265208E0,-1.874196243E1,-1.732654572E1,-2.468173218E1,3.550574947E1
8.583309209E0,-1.905971527E1,-1.741416168E1,-2.506015015E1,3.597967341E1
8.593352208E0,-1.911246872E1,-1.692815781E1,-2.363519287E1,3.479182848E1
8.603396208E0,-1.911246872E1,-1.692815781E1,-2.363519287E1,3.479182848E1
8.613439208E0,-1.931893158E1,-1.717018890E1,-2.314550781E1,3.469511545E1
8.623483208E0,-1.963589859E1,-1.734224319E1,-2.363604736E1,3.528433997E1
8.633527209E0,-1.991759872E1,-1.751622009E1,-2.346826172E1,3.541592881E1
8.643570208E0,-2.021281815E1,-1.775362015E1,-2.338635254E1,3.564646590E1
8.653614209E0,-2.077304268E1,-1.762473297E1,-2.281439209E1,3.553374454E1
8.663657208E0,-2.097580528E1,-1.787201309E1,-2.245513916E1,3.554752500E1
8.673701209E0,-2.134714127E1,-1.808020401E1,-2.290625000E1,3.615647254E1
8.683744208E0,-2.147522736E1,-1.836400986E1,-2.302435303E1,3.644918491E1
8.693788209E0,-2.160722923E1,-1.851338196E1,-2.288391113E1,3.651425825E1
8.703831208E0,-2.155773163E1,-1.858793259E1,-2.350610352E1,3.691590353E1
8.713875209E0,-2.200563431E1,-1.800050735E1,-2.223059082E1,3.608968515E1
8.723919209E0,-2.223806190E1,-1.826384735E1,-2.297808838E1,3.682515530E1
8.733962208E0,-2.236134720E1,-1.854933167E1,-2.334271240E1,3.726915314E1
8.744006209E0,-2.260618591E1,-1.896019363E1,-2.309857178E1,3.747095678E1
8.754049208E0,-2.340368271E1,-1.890990829E1,-2.300946045E1,3.787812385E1
8.764093209E0,-2.339029312E1,-1.937040710E1,-2.327447510E1,3.826251004E1
8.774136208E0,-2.353179741E1,-1.960610962E1,-2.345227051E1,3.857659933E1
8.784180209E0,-2.368448257E1,-1.983339691E1,-2.378375244E1,3.898698793E1
8.794223208E0,-2.387900543E1,-2.015705490E1,-2.368041992E1,3.920811205E1
8.804267209E0,-2.402969742E1,-2.022789764E1,-2.422442627E1,3.966632109E1
8.814311209E0,-2.536947632E1,-1.979845428E1,-2.338085938E1,3.977755279E1
8.824354209E0,-2.557092667E1,-2.024118042E1,-2.323718262E1,4.004427963E1
8.834398209E0,-2.550318527E1,-2.040589142E1,-2.386444092E1,4.045150682E1
8.844441209E0,-2.550180817E1,-2.067522812E1,-2.399713135E1,4.066533647E1
8.854485209E0,-2.549210548E1,-2.084188461E1,-2.460040283E1,4.110245024E1
8.864528209E0,-2.580273056E1,-2.114476395E1,-2.455212402E1,4.142087325E1
8.874572209E0,-2.592840576E1,-2.152722549E1,-2.445727539E1,4.163966837E1
8.884616209E0,-2.711833382E1,-2.110817719E1,-2.406695557E1,4.195446965E1
8.894659209E0,-2.732636261E1,-2.140052795E1,-2.362030029E1,4.198370251E1
8.904703209E0,-2.752184677E1,-2.161526108E1,-2.372558594E1,4.227972315E1
8.914746209E0,-2.745782089E1,-2.179966354E1,-2.452124023E1,4.278374085E1
8.924790209E0,-2.734419250E1,-2.199280930E1,-2.434747314E1,4.271051361E1
8.934833209E0,-2.724831200E1,-2.218512344E1,-2.510614014E1,4.318528084E1
8.944877209E0,-2.749754333E1,-2.270937729E1,-2.511102295E1,4.361644392E1
8.954920209E0,-2.746995926E1,-2.296511078E1,-2.506811523E1,4.370818432E1
8.964964209E0,-2.754874802E1,-2.300755692E1,-2.592346191E1,4.427535511E1
8.975008209E0,-2.766329193E1,-2.300074387E1,-2.571246338E1,4.422016183E1
8.985051209E0,-2.769067383E1,-2.302997971E1,-2.615478516E1,4.451096684E1
8.995095209E0,-2.743340683E1,-2.294395447E1,-2.662121582E1,4.458369644E1
9.005138209E0,-2.768181610E1,-2.328112411E1,-2.599285889E1,4.454124376E1
9.015182209E0,-2.747361946E1,-2.322455978E1,-2.664410400E1,4.476704392E1
9.025225209E0,-2.714603806E1,-2.346913528E1,-2.711688232E1,4.497813914E1
9.035269209E0,-2.703638840E1,-2.339357376E1,-2.729632568E1,4.498127373E1
9.045313208E0,-2.697437668E1,-2.327502441E1,-2.813726807E1,4.539878427E1
9.055356209E0,-2.675590515E1,-2.348178482E1,-2.792913818E1,4.524720365E1
9.065400208E0,-2.700066757E1,-2.360038376E1,-2.824414062E1,4.564806286E1
9.075443209E0,-2.696517754E1,-2.359588242E1,-2.840710449E1,4.572581385E1
9.085487208E0,-2.726827812E1,-2.359006119E1,-2.815307617E1,4.574544433E1
9.095529625E0,-2.726827812E1,-2.359006119E1,-2.815307617E1,4.574544433E1
9.105573625E0,-2.746432495E1,-2.358175659E1,-2.839294434E1,4.600595263E1
9.115616625E0,-2.760932732E1,-2.360314560E1,-2.807977295E1,4.591140475E1
9.125660625E0,-2.720865250E1,-2.400928879E1,-2.840484619E1,4.608244792E1
9.135704625E0,-2.755338287E1,-2.407843399E1,-2.843853760E1,4.634339556E1
9.145747625E0,-2.772437286E1,-2.401961517E1,-2.834442139E1,4.635718917E1
9.155791625E0,-2.770623207E1,-2.388339996E1,-2.872851562E1,4.651214572E1
9.165834625E0,-2.762747192E1,-2.398209763E1,-2.875341797E1,4.653146523E1
9.175878625E0,-2.767996216E1,-2.386882401E1,-2.874676514E1,4.650029645E1
9.185921625E0,-2.752215576E1,-2.391085815E1,-2.942218018E1,4.684936373E1
9.195965625E0,-2.750415039E1,-2.382453537E1,-2.889648438E1,4.646604764E1
9.206008625E0,-2.752579308E1,-2.386209869E1,-2.953656006E1,4.689858653E1
9.216052625E0,-2.775909233E1,-2.374851227E1,-2.946435547E1,4.693300848E1
9.226096625E0,-2.803081131E1,-2.367272949E1,-2.891607666E1,4.671470854E1
9.236139625E0,-2.821593857E1,-2.360475540E1,-2.925946045E1,4.700467735E1
9.246183625E0,-2.803181267E1,-2.407359695E1,-2.931451416E1,4.716631565E1
9.256226625E0,-2.783981133E1,-2.431285095E1,-2.961187744E1,4.736067041E1
9.266270625E0,-2.765141296E1,-2.432604980E1,-2.977520752E1,4.735947974E1
9.276313625E0,-2.743684769E1,-2.443488312E1,-2.941589355E1,4.706526232E1
9.286357625E0,-2.715181541E1,-2.450369263E1,-2.965423584E1,4.708530276E1
9.296400625E0,-2.691380882E1,-2.448398972E1,-2.959210205E1,4.689894841E1
9.306444625E0,-2.695710754E1,-2.442481613E1,-2.972729492E1,4.697839241E1
9.316488625E0,-2.690226364E1,-2.440858841E1,-3.031561279E1,4.731328942E1
9.326531625E0,-2.663926697E1,-2.434563446E1,-3.030926514E1,4.712761414E1
9.336575625E0,-2.642477798E1,-2.419607925E1,-3.073486328E1,4.720541244E1
9.346618625E0,-2.636070633E1,-2.420864105E1,-3.076501465E1,4.719566999E1
9.356662625E0,-2.618148422E1,-2.411730194E1,-3.059008789E1,4.693471898E1
9.366705625E0,-2.608948517E1,-2.408860779E1,-3.114007568E1,4.722950958E1
9.376749625E0,-2.594026756E1,-2.409885788E1,-3.098809814E1,4.705225456E1
9.386793625E0,-2.580942345E1,-2.393114853E1,-3.143408203E1,4.719033505E1
9.396836625E0,-2.598070145E1,-2.388936615E1,-3.166015625E1,4.741375493E1
9.406880625E0,-2.583790588E1,-2.381828690E1,-3.122912598E1,4.701240773E1
9.416923625E0,-2.555168152E1,-2.469525909E1,-3.194403076E1,4.778247954E1
9.426967625E0,-2.540393829E1,-2.469928741E1,-3.172357178E1,4.755838397E1
9.437010625E0,-2.532303810E1,-2.473680496E1,-3.194360352E1,4.768185802E1
9.447054625E0,-2.513208199E1,-2.461796570E1,-3.221508789E1,4.770196713E1
9.457097625E0,-2.507519150E1,-2.465392685E1,-3.230444336E1,4.775100416E1
9.467141625E0,-2.503241730E1,-2.479874802E1,-3.237683105E1,4.785247128E1
9.477185625E0,-2.496546936E1,-2.492399597E1,-3.234649658E1,4.786205258E1
9.487228625E0,-2.482159996E1,-2.512805557E1,-3.204803467E1,4.769284566E1
9.497272625E0,-2.459958267E1,-2.522062302E1,-3.241430664E1,4.787386101E1
9.507315625E0,-2.451717949E1,-2.543700409E1,-3.206250000E1,4.770887940E1
9.517359625E0,-2.415562439E1,-2.569866562E1,-3.245837402E1,4.793184378E1
9.527402625E0,-2.377993393E1,-2.595359039E1,-3.265496826E1,4.801480047E1
9.537446625E0,-2.364093781E1,-2.639455032E1,-3.237359619E1,4.799599939E1
9.547489625E0,-2.325243759E1,-2.646446991E1,-3.289514160E1,4.819890416E1
9.557533625E0,-2.306936264E1,-2.669524384E1,-3.247479248E1,4.795251487E1
9.567577625E0,-2.285795975E1,-2.694096375E1,-3.258343506E1,4.806227306E1
9.577620625E0,-2.242603874E1,-2.665927505E1,-3.274462891E1,4.781061475E1
9.587664625E0,-2.242603874E1,-2.665927505E1,-3.274462891E1,4.781061475E1
9.597707625E0,-2.229478836E1,-2.695539093E1,-3.223724365E1,4.756984934E1
9.607751625E0,-2.189539337E1,-2.720219421E1,-3.258660889E1,4.776248213E1
9.617794625E0,-2.171959114E1,-2.758386230E1,-3.267980957E1,4.796436232E1
9.627838625E0,-2.132170296E1,-2.792041779E1,-3.229217529E1,4.771739024E1
9.637881625E0,-2.095868111E1,-2.818958282E1,-3.260021973E1,4.792382727E1
9.647925625E0,-2.045964622E1,-2.847618103E1,-3.252813721E1,4.782854503E1
9.657969625E0,-2.041582680E1,-2.873607635E1,-3.282275391E1,4.816535313E1
9.668012625E0,-2.016957092E1,-2.887437820E1,-3.280035400E1,4.812904041E1
9.678056625E0,-2.001598740E1,-2.914813614E1,-3.247625732E1,4.801000814E1
9.688099625E0,-1.962129402E1,-2.933998108E1,-3.295300293E1,4.828799096E1
9.698143625E0,-1.978153801E1,-2.940749359E1,-3.273284912E1,4.824468195E1
9.708186625E0,-1.951154327E1,-2.953850174E1,-3.240795898E1,4.799478317E1
9.718230625E0,-1.905430031E1,-2.972232437E1,-3.302929688E1,4.834684455E1
9.728274625E0,-1.866894722E1,-2.998548508E1,-3.281304932E1,4.821156615E1
9.738317625E0,-1.837420082E1,-3.047913361E1,-3.278643799E1,4.838945502E1
9.748361625E0,-1.792466927E1,-3.081914520E1,-3.282562256E1,4.846271738E1
9.758404625E0,-1.771042633E1,-3.095383835E1,-3.254150391E1,4.827782913E1
9.768448625E0,-1.736972809E1,-3.120363617E1,-3.306030273E1,4.866577833E1
9.778491625E0,-1.741455841E1,-3.124010468E1,-3.274450684E1,4.849137771E1
9.788535625E0,-1.728998375E1,-3.142210770E1,-3.320080566E1,4.887316121E1
9.798578625E0,-1.689462852E1,-3.155369186E1,-3.307031250E1,4.873099129E1
9.808622625E0,-1.633663559E1,-3.177018738E1,-3.310681152E1,4.870617453E1
9.818666625E0,-1.605890274E1,-3.199546051E1,-3.355749512E1,4.906835364E1
9.828709625E0,-1.562458515E1,-3.213405609E1,-3.332482910E1,4.885969153E1
9.838753625E0,-1.531563187E1,-3.230313873E1,-3.325927734E1,4.882868912E1
9.848796625E0,-1.495970249E1,-3.247288895E1,-3.347998047E1,4.898153027E1
9.858840625E0,-1.445496750E1,-3.277539062E1,-3.329803467E1,4.890737602E1
9.868883625E0,-1.477490997E1,-3.296792984E1,-3.334930420E1,4.916663964E1
9.878927625E0,-1.442140579E1,-3.324643707E1,-3.304052734E1,4.904058493E1
9.888970625E0,-1.402447987E1,-3.349852371E1,-3.295330811E1,4.903832829E1
9.899014625E0,-1.353273678E1,-3.362639236E1,-3.332556152E1,4.923882898E1
9.909058625E0,-1.324826527E1,-3.380175018E1,-3.318579102E1,4.918710780E1
9.919101625E0,-1.284839821E1,-3.400384903E1,-3.330853271E1,4.930315849E1
9.929145625E0,-1.244282913E1,-3.409935760E1,-3.342559814E1,4.934430866E1
9.939188625E0,-1.238928413E1,-3.427515030E1,-3.301812744E1,4.917801368E1
9.949232625E0,-1.245831680E1,-3.435383987E1,-3.333117676E1,4.946072498E1
9.959275625E0,-1.214289951E1,-3.463680267E1,-3.305035400E1,4.939113289E1
9.969319625E0,-1.212255383E1,-3.475649261E1,-3.292492676E1,4.938644442E1
9.979362625E0,-1.192377949E1,-3.500900650E1,-3.336389160E1,4.980919911E1
9.989406625E0,-1.159261799E1,-3.527479553E1,-3.276629639E1,4.952100737E1
9.999450625E0,-1.138315296E1,-3.537022781E1,-3.296997070E1,4.967542808E1
1.000949363E1,-1.108962917E1,-3.554902267E1,-3.273840332E1,4.958342405E1
1.001953763E1,-1.086112499E1,-3.566836548E1,-3.297448730E1,4.977462350E1
1.002958063E1,-1.051158619E1,-3.570293427E1,-3.321099854E1,4.988149339E1
1.003962463E1,-9.947402000E0,-3.569867706E1,-3.317999268E1,4.974191658E1
1.004966763E1,-9.544330597E0,-3.580237961E1,-3.352764893E1,4.997006979E1
1.005971163E1,-9.167268753E0,-3.587635422E1,-3.397479248E1,5.025373750E1
1.006975463E1,-9.271875381E0,-3.620488358E1,-3.390032959E1,5.045783997E1
1.007979863E1,-8.868147850E0,-3.626646805E1,-3.361596680E1,5.023876964E1
1.008984263E1,-8.497000694E0,-3.631584930E1,-3.405334473E1,5.050416041E1
1.009988533E1,-8.188549995E0,-3.633945465E1,-3.403094482E1,5.045506437E1
1.010992933E1,-7.916249275E0,-3.626893616E1,-3.413769531E1,5.043297506E1
1.011997233E1,-7.495689392E0,-3.624117279E1,-3.446191406E1,5.056907638E1
1.013001633E1,-6.933503151E0,-3.613918304E1,-3.457769775E1,5.049486310E1
1.014005933E1,-6.554928780E0,-3.610003662E1,-3.476861572E1,5.054736763E1
1.015010333E1,-6.752801895E0,-3.607046890E1,-3.451232910E1,5.037638256E1
1.016014733E1,-6.437442780E0,-3.607608414E1,-3.444030762E1,5.028975348E1
1.017019033E1,-5.992864609E0,-3.610700226E1,-3.492584229E1,5.059095273E1
1.018023433E1,-5.347594261E0,-3.629347992E1,-3.479644775E1,5.056289376E1
1.019027733E1,-4.977323532E0,-3.659732437E1,-3.490570068E1,5.081875481E1
1.020032133E1,-4.482622147E0,-3.632958603E1,-3.514251709E1,5.074376050E1
1.021036433E1,-4.093486786E0,-3.638249969E1,-3.489105225E1,5.057497845E1
1.022040833E1,-3.714912415E0,-3.627284241E1,-3.554150391E1,5.091874086E1
1.023045133E1,-3.489044189E0,-3.617538071E1,-3.560638428E1,5.087874016E1
1.024049533E1,-3.020488739E0,-3.605342865E1,-3.616534424E1,5.115569561E1
1.025053833E1,-2.819911957E0,-3.585179520E1,-3.663348389E1,5.133532180E1
1.026058233E1,-2.196908951E0,-3.571167374E1,-3.672039795E1,5.126926638E1
1.027062633E1,-1.691944122E0,-3.584669495E1,-3.700189209E1,5.154598172E1
1.028066933E1,-1.021677017E0,-3.565841675E1,-3.708557129E1,5.145780900E1
1.029071333E1,-5.781211853E-1,-3.519195557E1,-3.745739746E1,5.139907183E1
1.030075633E1,-3.435516357E-2,-3.475774002E1,-3.798840332E1,5.149000348E1
1.031080033E1,4.458370209E-1,-3.467907333E1,-3.819439697E1,5.159117035E1
1.032084333E1,9.338359833E-1,-3.416703033E1,-3.871807861E1,5.164637086E1
1.033088733E1,1.387313843E0,-3.393834686E1,-3.896752930E1,5.169336869E1
1.034093133E1,1.824678421E0,-3.356555939E1,-3.871887207E1,5.127501616E1
1.035097433E1,2.351257324E0,-3.320103455E1,-3.939874268E1,5.157613819E1
1.036101833E1,2.633880615E0,-3.312000275E1,-3.951745605E1,5.162849254E1
1.037106133E1,2.972604752E0,-3.270418549E1,-3.954022217E1,5.139872855E1
1.038110533E1,3.170177460E0,-3.229520035E1,-4.002313232E1,5.152553844E1
1.039114833E1,3.518007278E0,-3.205064774E1,-3.963781738E1,5.109576267E1
1.040119233E1,4.095590591E0,-3.165274429E1,-3.998498535E1,5.116120735E1
1.041123533E1,4.708503723E0,-3.135948181E1,-3.985864258E1,5.093425660E1
1.042127933E1,5.177949905E0,-3.107632065E1,-3.963665771E1,5.063213905E1
1.043132233E1,5.921554565E0,-3.064649582E1,-4.006201172E1,5.078619200E1
1.044136633E1,6.752229691E0,-3.080790710E1,-3.995495605E1,5.090302800E1
1.045141033E1,7.615127563E0,-3.047876740E1,-4.000592041E1,5.086667964E1
1.046145333E1,8.426753998E0,-3.009062195E1,-4.010089111E1,5.083834360E1
1.047149733E1,9.120676041E0,-2.985314560E1,-3.939831543E1,5.026553782E1
1.048154033E1,1.030886269E1,-2.968368530E1,-3.968353271E1,5.061794733E1
1.049158433E1,1.087756157E1,-2.954807663E1,-3.895092773E1,5.008577592E1
1.050162733E1,1.135551262E1,-2.940592194E1,-3.895416260E1,5.011070440E1
1.051167133E1,1.171812630E1,-2.928194427E1,-3.874975586E1,4.996288946E1
1.052171533E1,1.229695511E1,-2.931473160E1,-3.792498779E1,4.948609191E1
1.053175833E1,1.258473206E1,-2.927669144E1,-3.774389648E1,4.939738722E1
1.054180233E1,1.299989319E1,-2.930289078E1,-3.724780273E1,4.914321356E1
1.055184533E1,1.349797058E1,-2.935703659E1,-3.670953369E1,4.890419891E1
1.056188933E1,1.382472420E1,-2.949686813E1,-3.658819580E1,4.898861399E1
1.057193233E1,1.441905785E1,-2.939045715E1,-3.629846191E1,4.888032874E1
1.058197633E1,1.504304695E1,-2.935973358E1,-3.540002441E1,4.838852081E1
1.059201933E1,1.569516945E1,-2.918817902E1,-3.535845947E1,4.846141552E1
1.060206333E1,1.630934334E1,-2.905001831E1,-3.452343750E1,4.797672332E1
1.061210633E1,1.654240608E1,-2.889542770E1,-3.359661865E1,4.730041994E1
1.062215033E1,1.680948448E1,-2.899018097E1,-3.359826660E1,4.745348122E1
1.063219433E1,1.700883675E1,-2.882083511E1,-3.274328613E1,4.681948153E1
1.064223733E1,1.723675728E1,-2.874173737E1,-3.177416992E1,4.618215177E1
1.065228133E1,1.716317940E1,-2.867999268E1,-3.188922119E1,4.619566143E1
1.066232433E1,1.718285561E1,-2.865790939E1,-3.101373291E1,4.558923038E1
1.067236833E1,1.745692253E1,-2.849409485E1,-3.104748535E1,4.561363757E1
1.068241133E1,1.778047752E1,-2.833472824E1,-3.008789062E1,4.499203671E1
1.069245533E1,1.781630135E1,-2.823787308E1,-2.950769043E1,4.455897064E1
1.070249933E1,1.786357689E1,-2.796958923E1,-2.937750244E1,4.432203685E1
1.071254233E1,1.803872108E1,-2.767437744E1,-2.876531982E1,4.380308493E1
1.072258633E1,1.789743996E1,-2.754320145E1,-2.895568848E1,4.378787730E1
1.073262933E1,1.765144157E1,-2.726261520E1,-2.861456299E1,4.328529534E1
1.074267333E1,1.814742088E1,-2.675421906E1,-2.725805664E1,4.228615345E1
1.075271633E1,1.799616051E1,-2.668283463E1,-2.741595459E1,4.227848179E1
1.076276033E1,1.812233162E1,-2.664487839E1,-2.707928467E1,4.209104543E1
1.077280333E1,1.816306496E1,-2.650694656E1,-2.699987793E1,4.197032944E1
1.078284733E1,1.824751282E1,-2.589548492E1,-2.673138428E1,4.145014800E1
1.079289133E1,1.839643478E1,-2.585832596E1,-2.650213623E1,4.134543577E1
1.080293433E1,1.849647522E1,-2.548050308E1,-2.672467041E1,4.129871235E1
1.081297833E1,1.859453964E1,-2.545285416E1,-2.646691895E1,4.115947628E1
1.082302133E1,1.852991486E1,-2.510803223E1,-2.631481934E1,4.081961224E1
1.083306533E1,1.841997910E1,-2.488442230E1,-2.667120361E1,4.086420445E1
1.084310833E1,1.833417511E1,-2.473050690E1,-2.623211670E1,4.044581431E1
1.085315233E1,1.848757362E1,-2.424907303E1,-2.625823975E1,4.024056505E1
1.086319533E1,1.836254311E1,-2.413156509E1,-2.606622314E1,3.998704055E1
1.087323933E1,1.838102531E1,-2.400152588E1,-2.557580566E1,3.959870164E1
1.088328233E1,1.819901848E1,-2.392560959E1,-2.554895020E1,3.945108267E1
1.089332633E1,1.830152702E1,-2.398878860E1,-2.509307861E1,3.924373153E1
1.090337033E1,1.835358238E1,-2.387911987E1,-2.536468506E1,3.937554571E1
1.091341333E1,1.860227776E1,-2.341868591E1,-2.518408203E1,3.909881808E1
1.092345733E1,1.860929298E1,-2.327384567E1,-2.456976318E1,3.862189717E1
1.093350033E1,1.878495216E1,-2.309364319E1,-2.456646729E1,3.859665916E1
1.094354433E1,1.898847008E1,-2.314195251E1,-2.414996338E1,3.846209424E1
1.095358733E1,1.919716644E1,-2.297513199E1,-2.355987549E1,3.809797399E1
1.096363133E1,1.938077164E1,-2.289382553E1,-2.398150635E1,3.840383058E1
1.097367433E1,1.929125977E1,-2.299064255E1,-2.358087158E1,3.816778554E1
1.098371833E1,1.916432190E1,-2.300946426E1,-2.359490967E1,3.812383037E1
1.099376233E1,1.895352554E1,-2.299182129E1,-2.335437012E1,3.785877151E1
1.100380533E1,1.905319977E1,-2.314553070E1,-2.264276123E1,3.756906505E1
1.101384933E1,1.910671997E1,-2.346096420E1,-2.260748291E1,3.777011878E1
1.102389233E1,1.894148636E1,-2.367861938E1,-2.168865967E1,3.728075750E1
1.103393633E1,1.903189087E1,-2.389783478E1,-2.132537842E1,3.725709519E1
1.104397933E1,1.897269440E1,-2.397581863E1,-2.088177490E1,3.702501229E1
1.105402333E1,1.897269440E1,-2.397581863E1,-2.088177490E1,3.702501229E1
1.106406633E1,1.890038300E1,-2.399492264E1,-1.999865723E1,3.650927390E1
1.107411033E1,1.869930649E1,-2.415910339E1,-1.994824219E1,3.648641811E1
1.108415433E1,1.828390503E1,-2.424856567E1,-1.927850342E1,3.597158343E1
1.109419888E1,1.812930107E1,-2.451194382E1,-1.851074219E1,3.566727524E1
1.110424288E1,1.791627312E1,-2.455016327E1,-1.842315674E1,3.554034416E1
1.111428588E1,1.749381065E1,-2.458362579E1,-1.813928223E1,3.520542044E1
1.112432988E1,1.745686150E1,-2.449217606E1,-1.817260742E1,3.514046616E1
1.113437288E1,1.726578712E1,-2.430385971E1,-1.798364258E1,3.481661101E1
1.114441688E1,1.715157127E1,-2.441330719E1,-1.734417725E1,3.451096129E1
1.115445988E1,1.714896202E1,-2.422206116E1,-1.715747070E1,3.428081017E1
1.116450388E1,1.732813835E1,-2.432722092E1,-1.679199219E1,3.426439928E1
1.117454788E1,1.746632195E1,-2.437194061E1,-1.645599365E1,3.420326912E1
1.118459088E1,1.754336357E1,-2.447500992E1,-1.625860596E1,3.422189334E1
1.119463488E1,1.771847916E1,-2.472131348E1,-1.541680908E1,3.409935257E1
1.120467788E1,1.772941589E1,-2.478624725E1,-1.543115234E1,3.415861097E1
1.121472188E1,1.760364532E1,-2.484619904E1,-1.439172363E1,3.368001847E1
1.122476488E1,1.745196533E1,-2.513819122E1,-1.395874023E1,3.363548990E1
1.123480888E1,1.744668388E1,-2.506628036E1,-1.383148193E1,3.352633416E1
1.124485188E1,1.722647667E1,-2.516366577E1,-1.368780518E1,3.342630078E1
1.125489588E1,1.711011696E1,-2.505626297E1,-1.353704834E1,3.322384827E1
1.126493888E1,1.704699135E1,-2.500617599E1,-1.321325684E1,3.302270292E1
1.127498288E1,1.696367645E1,-2.502116394E1,-1.236291504E1,3.265986271E1
1.128502688E1,1.697607803E1,-2.484844208E1,-1.267199707E1,3.265289893E1
1.129506988E1,1.701708221E1,-2.467245865E1,-1.220300293E1,3.236084955E1
1.130511388E1,1.710929871E1,-2.448384857E1,-1.242645264E1,3.235125451E1
1.131515688E1,1.687834930E1,-2.390391159E1,-1.198931885E1,3.162308383E1
1.132520088E1,1.705319214E1,-2.384502792E1,-1.169445801E1,3.156195601E1
1.133524388E1,1.691994858E1,-2.352138901E1,-1.195794678E1,3.134538071E1
1.134528788E1,1.667182922E1,-2.344175339E1,-1.191967773E1,3.113750807E1
1.135533088E1,1.635988998E1,-2.340245438E1,-1.178912354E1,3.089181615E1
1.136537488E1,1.606327438E1,-2.323925781E1,-1.205133057E1,3.071362004E1
1.137541888E1,1.595914078E1,-2.334758759E1,-1.165979004E1,3.059010827E1
1.138546188E1,1.574851608E1,-2.351752090E1,-1.207879639E1,3.077315178E1
1.139550588E1,1.573731995E1,-2.358316803E1,-1.200537109E1,3.078892639E1
1.140554888E1,1.549568176E1,-2.308033752E1,-1.150939941E1,3.008794457E1
1.141559288E1,1.568615341E1,-2.322665024E1,-1.227484131E1,3.059745773E1
1.142563588E1,1.563040924E1,-2.333304596E1,-1.209979248E1,3.058015214E1
1.143567988E1,1.555265045E1,-2.334091568E1,-1.269390869E1,3.078666268E1
1.144572288E1,1.552115631E1,-2.324085617E1,-1.325726318E1,3.093216313E1
1.145576688E1,1.556145859E1,-2.344946289E1,-1.310076904E1,3.104297751E1
1.146581088E1,1.566510391E1,-2.349038696E1,-1.356341553E1,3.132347364E1
1.147585388E1,1.594626999E1,-2.369378281E1,-1.369543457E1,3.167402403E1
1.148589788E1,1.616963196E1,-2.389759827E1,-1.332379150E1,3.178168687E1
1.149594088E1,1.639082718E1,-2.423346329E1,-1.397290039E1,3.242162710E1
1.150598488E1,1.624222755E1,-2.406175232E1,-1.406475830E1,3.225825951E1
1.151602788E1,1.651717567E1,-2.444837952E1,-1.433038330E1,3.280091826E1
1.152607188E1,1.663320732E1,-2.487137985E1,-1.436499023E1,3.319039117E1
1.153611488E1,1.641571999E1,-2.533679199E1,-1.402368164E1,3.328802394E1
1.154615888E1,1.640206718E1,-2.513215637E1,-1.432647705E1,3.325509039E1
1.155620188E1,1.665841103E1,-2.559686661E1,-1.471807861E1,3.390168250E1
1.156624588E1,1.669811058E1,-2.617211914E1,-1.431091309E1,3.418492286E1
1.157628988E1,1.691490364E1,-2.651259613E1,-1.418792725E1,3.450114488E1
1.158633288E1,1.687608910E1,-2.639895248E1,-1.443756104E1,3.449855423E1
1.159637688E1,1.714193535E1,-2.696851349E1,-1.410192871E1,3.492865673E1
1.160641988E1,1.739417458E1,-2.739897537E1,-1.437597656E1,3.549549074E1
1.161646388E1,1.747812462E1,-2.792098999E1,-1.385626221E1,3.573601159E1
1.162650688E1,1.764552498E1,-2.821957016E1,-1.364251709E1,3.596980629E1
1.163655088E1,1.770171165E1,-2.861798477E1,-1.413946533E1,3.650019353E1
1.164659388E1,1.767915916E1,-2.901398087E1,-1.376654053E1,3.665898788E1
1.165663788E1,1.774807167E1,-2.952363586E1,-1.380279541E1,3.711005637E1
1.166668188E1,1.744351387E1,-2.970149231E1,-1.369201660E1,3.706650968E1
1.167672488E1,1.746084404E1,-3.000148010E1,-1.279791260E1,3.699670863E1
1.168676888E1,1.764470100E1,-3.048761749E1,-1.283819580E1,3.749199335E1
1.169681188E1,1.794012642E1,-3.072080612E1,-1.246539307E1,3.769618136E1
1.170685588E1,1.798201370E1,-3.086250687E1,-1.301666260E1,3.801684695E1
1.171689888E1,1.816845703E1,-3.118051910E1,-1.291485596E1,3.832898521E1
1.172694288E1,1.806594849E1,-3.150484848E1,-1.221783447E1,3.831722135E1
1.173698588E1,1.795075607E1,-3.181037903E1,-1.225885010E1,3.852803217E1
1.174702988E1,1.800080109E1,-3.220178223E1,-1.186804199E1,3.875350357E1
1.175707288E1,1.766947937E1,-3.269352722E1,-1.143353271E1,3.888190959E1
1.176711688E1,1.747329330E1,-3.302656174E1,-1.147082520E1,3.908515818E1
1.177716088E1,1.725230789E1,-3.332305527E1,-1.113671875E1,3.914198059E1
1.178720388E1,1.709059525E1,-3.348619843E1,-1.114190674E1,3.921168214E1
1.179724788E1,1.700286484E1,-3.380951309E1,-1.077593994E1,3.934846210E1
1.180729088E1,1.704811859E1,-3.418564224E1,-1.036480713E1,3.958188613E1
1.181733487E1,1.697035980E1,-3.431277847E1,-1.101007080E1,3.983191606E1
1.182737788E1,1.706791306E1,-3.445354843E1,-1.077795410E1,3.993150323E1
1.183742188E1,1.703378487E1,-3.451482010E1,-1.112280273E1,4.006419067E1
1.184746488E1,1.688744926E1,-3.473104858E1,-1.125708008E1,4.022627910E1
1.185750888E1,1.692922020E1,-3.505357742E1,-1.084674072E1,4.041043889E1
1.186755188E1,1.683903313E1,-3.516686630E1,-1.123120117E1,4.057587216E1
1.187759588E1,1.644954109E1,-3.553588486E1,-1.099359131E1,4.067241774E1
1.188763988E1,1.626653862E1,-3.571390915E1,-1.062133789E1,4.065582866E1
1.189768288E1,1.596060371E1,-3.601871490E1,-1.081695557E1,4.085456183E1
1.190772688E1,1.558716393E1,-3.615127945E1,-1.022729492E1,4.067520432E1
1.191776988E1,1.566129494E1,-3.653664780E1,-1.057598877E1,4.113458800E1
1.192781388E1,1.557346916E1,-3.678740311E1,-1.019232178E1,4.122777453E1
1.193785688E1,1.531549263E1,-3.696872711E1,-9.907165527E0,4.122381627E1
1.194790088E1,1.531633186E1,-3.716891098E1,-1.054943848E1,4.156210555E1
1.195794388E1,1.509786606E1,-3.726527023E1,-1.046197510E1,4.154634578E1
1.196798788E1,1.492720032E1,-3.727459335E1,-1.086718750E1,4.159702373E1
1.197803088E1,1.465938950E1,-3.742277145E1,-1.093463135E1,4.165246315E1
1.198807488E1,1.453480911E1,-3.767453003E1,-1.057269287E1,4.174221752E1
1.199811888E1,1.447153091E1,-3.793230057E1,-1.110675049E1,4.209090804E1
1.200816188E1,1.429198456E1,-3.811724854E1,-1.070318604E1,4.209208536E1
1.201820588E1,1.395433998E1,-3.825584412E1,-1.073535156E1,4.211271763E1
1.202824888E1,1.394790077E1,-3.841752625E1,-1.118481445E1,4.237393460E1
1.203829288E1,1.394790077E1,-3.841752625E1,-1.118481445E1,4.237393460E1
1.204833588E1,1.368552589E1,-3.861780548E1,-1.091613770E1,4.240036063E1
1.205837988E1,1.355299568E1,-3.863948441E1,-1.136938477E1,4.249654524E1
1.206842288E1,1.357290077E1,-3.867619705E1,-1.145196533E1,4.255842295E1
1.207846688E1,1.342696953E1,-3.870971298E1,-1.148522949E1,4.255156738E1
1.208850988E1,1.345478249E1,-3.864490128E1,-1.192175293E1,4.262144717E1
1.209855221E1,1.353485298E1,-3.881745148E1,-1.183721924E1,4.277974455E1
1.210859621E1,1.358885002E1,-3.879859924E1,-1.240643311E1,4.294074674E1
1.211863921E1,1.353640556E1,-3.884597778E1,-1.255841064E1,4.301113743E1
1.212868321E1,1.357444572E1,-3.879858398E1,-1.198126221E1,4.281525826E1
1.213872621E1,1.367737007E1,-3.897275543E1,-1.253857422E1,4.316435985E1
1.214877021E1,1.336338615E1,-3.905359650E1,-1.235504150E1,4.308608290E1
1.215881321E1,1.308351326E1,-3.898070526E1,-1.247912598E1,4.296978342E1
1.216885721E1,1.272221565E1,-3.899060822E1,-1.311846924E1,4.306061466E1
1.217890021E1,1.247406197E1,-3.907505417E1,-1.324920654E1,4.310456535E1
1.218894421E1,1.223202133E1,-3.910305023E1,-1.372869873E1,4.321050858E1
1.219898821E1,1.219935417E1,-3.900257111E1,-1.369122314E1,4.309842673E1
1.220903121E1,1.227225304E1,-3.908675385E1,-1.391290283E1,4.326605351E1
1.221907521E1,1.218650818E1,-3.906939697E1,-1.472723389E1,4.349505925E1
1.222911821E1,1.221273041E1,-3.890743637E1,-1.473626709E1,4.336008483E1
1.223916221E1,1.236967850E1,-3.871345139E1,-1.544769287E1,4.347840245E1
1.224920521E1,1.249856186E1,-3.861931610E1,-1.576733398E1,4.354623343E1
1.225924921E1,1.250306320E1,-3.853205872E1,-1.585864258E1,4.350336404E1
1.226929221E1,1.233723450E1,-3.839471436E1,-1.657806396E1,4.360267939E1
1.227933621E1,1.223027229E1,-3.819502258E1,-1.652734375E1,4.337732590E1
1.228937921E1,1.207540512E1,-3.812197113E1,-1.672314453E1,4.334470734E1
1.229942321E1,1.178930855E1,-3.804249573E1,-1.753460693E1,4.351645341E1
1.230946721E1,1.174233437E1,-3.776959610E1,-1.768450928E1,4.332628157E1
1.231951021E1,1.165434265E1,-3.771873474E1,-1.871630859E1,4.369012315E1
1.232955421E1,1.154586411E1,-3.768501282E1,-1.873315430E1,4.363941153E1
1.233959721E1,1.133473587E1,-3.737012482E1,-1.867663574E1,4.328763321E1
1.234964121E1,1.120952225E1,-3.706903839E1,-1.953509521E1,4.337495754E1
1.235968421E1,1.119880676E1,-3.688330460E1,-1.962969971E1,4.325640463E1
1.236972821E1,1.090983582E1,-3.646949005E1,-2.024499512E1,4.311505595E1
1.237977121E1,1.050096893E1,-3.624771500E1,-2.088299561E1,4.313080913E1
1.238981521E1,1.003859711E1,-3.612071609E1,-2.070697021E1,4.282824043E1
1.239985821E1,9.567502975E0,-3.599607468E1,-2.139318848E1,4.295256708E1
1.240990221E1,9.033639908E0,-3.593922043E1,-2.127502441E1,4.273009336E1
1.241994521E1,8.512090683E0,-3.571635818E1,-2.129730225E1,4.244630741E1
1.242998921E1,7.957599640E0,-3.576644516E1,-2.173931885E1,4.260469429E1
1.244003321E1,7.438608170E0,-3.573078918E1,-2.171557617E1,4.246867594E1
1.245007621E1,7.031723022E0,-3.557841110E1,-2.240386963E1,4.262865045E1
1.246012021E1,6.900205612E0,-3.554597092E1,-2.232110596E1,4.253658022E1
1.247016321E1,6.808904648E0,-3.538087082E1,-2.222546387E1,4.233365619E1
1.248020721E1,6.718055725E0,-3.522317123E1,-2.296722412E1,4.258283044E1
1.249025021E1,6.522188187E0,-3.497218704E1,-2.273284912E1,4.221818606E1
1.250029421E1,6.459642410E0,-3.493368530E1,-2.305493164E1,4.235114192E1
1.251033721E1,6.193305969E0,-3.488547897E1,-2.328991699E1,4.240016410E1
1.252038121E1,5.734745026E0,-3.496567154E1,-2.308935547E1,4.229188838E1
1.253042421E1,5.723684311E0,-3.480640793E1,-2.304571533E1,4.213492127E1
1.254046821E1,5.340305328E0,-3.461865997E1,-2.353857422E1,4.220230984E1
1.255051221E1,5.014356613E0,-3.465135193E1,-2.343347168E1,4.213060120E1
1.256055521E1,4.620677948E0,-3.468657303E1,-2.377490234E1,4.230549603E1
1.257059921E1,4.531896591E0,-3.462171173E1,-2.417645264E1,4.247001144E1
1.258064221E1,4.529224396E0,-3.460589981E1,-2.396026611E1,4.233410596E1
1.259068621E1,4.622690201E0,-3.444932938E1,-2.415386963E1,4.232652806E1
1.260072921E1,4.635908127E0,-3.436087418E1,-2.394299316E1,4.213583083E1
1.261077321E1,4.854158401E0,-3.434952927E1,-2.387066650E1,4.211011439E1
1.262081621E1,5.047189713E0,-3.436137772E1,-2.450231934E1,4.250343581E1
1.263086021E1,5.429639816E0,-3.392166901E1,-2.416461182E1,4.200106047E1
1.264090321E1,5.873575211E0,-3.375233841E1,-2.468920898E1,4.222885594E1
1.265094721E1,6.561954498E0,-3.386617279E1,-2.518273926E1,4.271003703E1
1.266099021E1,7.130252838E0,-3.385192871E1,-2.505334473E1,4.271374094E1
1.267103421E1,7.625661850E0,-3.408086777E1,-2.581463623E1,4.342869685E1
1.268107821E1,8.268171310E0,-3.404021835E1,-2.563519287E1,4.340808952E1
1.269112121E1,9.137214661E0,-3.405875778E1,-2.585620117E1,4.372677455E1
1.270116521E1,1.004126930E1,-3.409045029E1,-2.595861816E1,4.400949610E1
1.271120821E1,1.070249748E1,-3.428669739E1,-2.575604248E1,4.419835737E1
1.272125221E1,1.126308441E1,-3.446738815E1,-2.610260010E1,4.467889489E1
1.273129521E1,1.183191681E1,-3.473141479E1,-2.585412598E1,4.488542368E1
1.274133921E1,1.236286163E1,-3.497893524E1,-2.589379883E1,4.524218249E1
1.275138221E1,1.290413284E1,-3.511152649E1,-2.623474121E1,4.569023510E1
1.276142621E1,1.341084671E1,-3.551967621E1,-2.626062012E1,4.616403770E1
1.277146921E1,1.323561478E1,-3.625528336E1,-2.598602295E1,4.652849082E1
1.278151321E1,1.401619339E1,-3.667587280E1,-2.601251221E1,4.709802665E1
1.279155721E1,1.481880951E1,-3.708344269E1,-2.550915527E1,4.738666310E1
1.280160021E1,1.552442551E1,-3.750195694E1,-2.562994385E1,4.800311014E1
1.281164421E1,1.619862366E1,-3.795767593E1,-2.541094971E1,4.846542000E1
1.282168721E1,1.479580116E1,-3.871871567E1,-2.492218018E1,4.836496397E1
1.283173121E1,1.556233788E1,-3.924483109E1,-2.472241211E1,4.892382638E1
1.284177421E1,1.633599663E1,-3.990846252E1,-2.442718506E1,4.956044327E1
1.285181821E1,1.701997185E1,-4.039385986E1,-2.461688232E1,5.027259941E1
1.286186121E1,1.553725433E1,-4.141451263E1,-2.315954590E1,4.992927693E1
1.287190521E1,1.587354279E1,-4.223635101E1,-2.251635742E1,5.042682876E1
1.288194821E1,1.648923874E1,-4.320768356E1,-2.266375732E1,5.150189132E1
1.289199221E1,1.685887146E1,-4.415084839E1,-2.174377441E1,5.202221339E1
1.290203521E1,1.397721481E1,-4.530274963E1,-2.085626221E1,5.179464578E1
1.291207921E1,1.423077393E1,-4.639852905E1,-2.015905762E1,5.255212678E1
1.292212221E1,1.467461777E1,-4.759933472E1,-1.853411865E1,5.314653918E1
1.293216621E1,1.460566330E1,-4.857586670E1,-1.777484131E1,5.374835076E1
1.294221021E1,1.131693649E1,-4.976966095E1,-1.744964600E1,5.394054457E1
1.295225321E1,1.102561188E1,-5.098801804E1,-1.661309814E1,5.474794179E1
1.296229721E1,1.062958527E1,-5.195714569E1,-1.572827148E1,5.531646767E1
1.297234021E1,9.812168121E0,-5.294187927E1,-1.448712158E1,5.575838875E1
1.298238421E1,6.028106689E0,-5.342377472E1,-1.576171875E1,5.602561515E1
1.299242721E1,5.344608307E0,-5.418957138E1,-1.473803711E1,5.641173834E1
1.300247121E1,4.654819489E0,-5.481423187E1,-1.383911133E1,5.672555300E1
1.301251421E1,4.107311249E0,-5.526074600E1,-1.351593018E1,5.703771053E1
1.302255821E1,1.987098694E0,-5.474042892E1,-1.832379150E1,5.776005934E1
1.303260121E1,1.334148407E0,-5.538120651E1,-1.712408447E1,5.798355160E1
1.304264521E1,7.589492798E-1,-5.559066010E1,-1.669982910E1,5.804982158E1
1.305268821E1,2.884712219E-1,-5.592823792E1,-1.593011475E1,5.815341407E1
1.306273221E1,-1.029739380E0,-5.539401627E1,-1.536590576E1,5.749494292E1
1.307277621E1,-1.926692963E0,-5.546018219E1,-1.522082520E1,5.754317921E1
1.308281921E1,-2.836997986E0,-5.559910965E1,-1.418408203E1,5.744995852E1
1.309286358E1,-3.827102661E0,-5.556032562E1,-1.367059326E1,5.734528418E1
1.310290658E1,-4.337673187E0,-5.567556763E1,-1.343804932E1,5.743836182E1
1.311295058E1,-5.001628876E0,-5.584113693E1,-1.242602539E1,5.742521199E1
1.312299358E1,-6.089330673E0,-5.580696869E1,-1.188146973E1,5.738176562E1
1.313303758E1,-6.926897049E0,-5.601617432E1,-1.134631348E1,5.757197684E1
1.314308058E1,-7.526317596E0,-5.514740753E1,-7.393798828E0,5.614757586E1
1.315312458E1,-8.458860397E0,-5.518548203E1,-7.160705566E0,5.628734716E1
1.316316758E1,-9.640907288E0,-5.513685989E1,-6.664184570E0,5.636871267E1
1.317321158E1,-1.054517937E1,-5.497856903E1,-6.551025391E0,5.636275183E1
1.318325458E1,-1.147502327E1,-5.485032654E1,-6.440185547E0,5.640665271E1
1.319329858E1,-1.244065857E1,-5.462235260E1,-5.879760742E0,5.632888225E1
1.320334258E1,-1.277766991E1,-5.425654602E1,-1.552639771E1,5.786286080E1
1.321338558E1,-1.349453545E1,-5.391370392E1,-1.515518188E1,5.760615848E1
1.322342958E1,-1.414251518E1,-5.362240982E1,-1.530380249E1,5.752894872E1
1.323347258E1,-1.507127571E1,-5.324034119E1,-1.556069946E1,5.747880174E1
1.324351658E1,-1.566233635E1,-5.282569122E1,-1.568893433E1,5.728878680E1
1.325355958E1,-1.611688423E1,-5.244854355E1,-1.594509888E1,5.713886467E1
1.326360358E1,-1.604382324E1,-5.169618225E1,-2.175982666E1,5.833857712E1
1.327364658E1,-1.639555359E1,-5.136543274E1,-2.170056152E1,5.812173628E1
1.328369058E1,-1.701807594E1,-5.086452484E1,-2.219567871E1,5.804707529E1
1.329373358E1,-1.746113205E1,-5.031344223E1,-2.218029785E1,5.769141370E1
1.330377758E1,-1.773850441E1,-4.979589081E1,-2.267205811E1,5.751788851E1
1.331382058E1,-1.809389496E1,-4.936297607E1,-2.299450684E1,5.738327096E1
1.332386458E1,-1.837174988E1,-4.894053268E1,-2.287194824E1,5.705981904E1
1.333390758E1,-1.846267509E1,-4.850145721E1,-2.325805664E1,5.687001778E1
1.334395158E1,-1.879594803E1,-4.810523987E1,-2.327569580E1,5.664944642E1
1.335399558E1,-1.770940018E1,-4.626207733E1,-2.724291992E1,5.653299337E1
1.336403858E1,-1.814428520E1,-4.589501190E1,-2.740417480E1,5.644958813E1
1.337408258E1,-1.858730698E1,-4.552936554E1,-2.707025146E1,5.613563593E1
1.338412558E1,-1.875307465E1,-4.508699036E1,-2.742346191E1,5.600500666E1
1.339416958E1,-1.907555580E1,-4.463284302E1,-2.714019775E1,5.561077089E1
1.340421258E1,-1.925466537E1,-4.437599945E1,-2.717724609E1,5.548490039E1
1.341425658E1,-1.908270264E1,-4.379301453E1,-2.783996582E1,5.529051780E1
1.342429958E1,-1.921731186E1,-4.342235184E1,-2.797216797E1,5.511123202E1
1.343434358E1,-1.950029564E1,-4.298648453E1,-2.863513184E1,5.520933035E1
1.344438658E1,-1.946387100E1,-4.256124878E1,-2.917431641E1,5.514927842E1
1.345443058E1,-1.699571991E1,-3.843056488E1,-2.982220459E1,5.152792155E1
1.346447358E1,-1.738700867E1,-3.805809021E1,-3.033886719E1,5.168339349E1
1.347451758E1,-1.747256851E1,-3.768685150E1,-3.059930420E1,5.159367058E1
1.348456058E1,-1.763320541E1,-3.738419342E1,-3.083996582E1,5.157141982E1
1.349460458E1,-1.763103485E1,-3.708547974E1,-3.132562256E1,5.164766041E1
1.350464858E1,-1.762091064E1,-3.677679062E1,-3.120025635E1,5.134671184E1
1.351469158E1,-1.762091064E1,-3.677679062E1,-3.120025635E1,5.134671184E1
1.352473558E1,-1.777361488E1,-3.651520538E1,-3.179449463E1,5.157665653E1
1.353477858E1,-1.586410141E1,-3.293667603E1,-3.134960938E1,4.815903185E1
1.354482258E1,-1.594256020E1,-3.267669678E1,-3.158056641E1,4.815873662E1
1.355486558E1,-1.604989243E1,-3.239733124E1,-3.246569824E1,4.859225947E1
1.356490958E1,-1.618985176E1,-3.199353027E1,-3.260906982E1,4.846698582E1
1.357495258E1,-1.611213112E1,-3.161614037E1,-3.343103027E1,4.875258851E1
1.358499658E1,-1.623457146E1,-3.130254936E1,-3.366674805E1,4.875305971E1
1.359503958E1,-1.626210594E1,-3.113843727E1,-3.357958984E1,4.859678199E1
1.360508358E1,-1.643898773E1,-3.070128632E1,-3.413470459E1,4.876461172E1
1.361512658E1,-1.509332943E1,-2.666070938E1,-3.285134888E1,4.492007503E1
1.362517058E1,-1.513226700E1,-2.623739243E1,-3.381832886E1,4.539896070E1
1.363521358E1,-1.519845295E1,-2.586258125E1,-3.444375610E1,4.567535895E1
1.364525758E1,-1.529160690E1,-2.555219269E1,-3.434597778E1,4.545760643E1
1.365530058E1,-1.529026127E1,-2.538066101E1,-3.521365356E1,4.602142371E1
1.366534458E1,-1.539383125E1,-2.500501633E1,-3.552835083E1,4.609213159E1
1.367538858E1,-1.542391968E1,-2.474165726E1,-3.577926636E1,4.615412011E1
1.368543158E1,-1.556511211E1,-2.433992195E1,-3.661886597E1,4.664381910E1
1.369547558E1,-1.310705471E1,-2.040268135E1,-3.489022827E1,4.248990843E1
1.370551858E1,-1.292608738E1,-2.003985405E1,-3.594558716E1,4.313658217E1
1.371556258E1,-1.283985901E1,-1.948067474E1,-3.679055786E1,4.356493792E1
1.372560558E1,-1.247760868E1,-1.920087051E1,-3.703402710E1,4.354174216E1
1.373564958E1,-1.224132347E1,-1.886928177E1,-3.807162476E1,4.421932164E1
1.374569258E1,-1.192258072E1,-1.861610413E1,-3.852871704E1,4.442037033E1
1.375573658E1,-9.253611565E0,-1.976804733E1,-3.675418091E1,4.274663538E1
1.376577958E1,-8.923881531E0,-1.955008316E1,-3.723489380E1,4.299161231E1
1.377582358E1,-8.452911377E0,-1.935428238E1,-3.739749146E1,4.294895021E1
1.378586658E1,-7.943511963E0,-1.920759201E1,-3.803787231E1,4.334640358E1
1.379591058E1,-7.355756760E0,-1.911786652E1,-3.846475220E1,4.357909062E1
1.380595358E1,-6.844142914E0,-1.893248749E1,-3.883853149E1,4.374600443E1
1.381599758E1,-6.562932968E0,-1.867794418E1,-3.978030396E1,4.443433662E1
1.382604058E1,-4.872322083E0,-1.843935013E1,-3.672430420E1,4.138144118E1
1.383608458E1,-4.613294601E0,-1.823937607E1,-3.707727051E1,4.157741352E1
1.384612858E1,-4.423032761E0,-1.815876389E1,-3.720928955E1,4.163934622E1
1.385617158E1,-4.086179733E0,-1.827750015E1,-3.723535156E1,4.168015454E1
1.386621558E1,-2.631830215E0,-1.868526840E1,-3.434576416E1,3.918797394E1
1.387625858E1,-2.034784317E0,-1.860993195E1,-3.431237793E1,3.908719987E1
1.388630258E1,-1.635154724E0,-1.870724487E1,-3.475439453E1,3.950319836E1
1.389634558E1,-1.555059433E0,-1.879381180E1,-3.501239014E1,3.976799008E1
1.390638958E1,-3.624706268E-1,-1.885325241E1,-3.171405029E1,3.689657840E1
1.391643258E1,-3.201179504E-1,-1.891004181E1,-3.260131836E1,3.769002674E1
1.392647658E1,1.069393158E-1,-1.899263763E1,-3.233374023E1,3.749936637E1
1.393651958E1,3.747920990E-1,-1.887695694E1,-3.228381348E1,3.739952653E1
1.394656358E1,1.022165298E0,-1.900060272E1,-3.042468262E1,3.588494166E1
1.395660658E1,1.486034393E0,-1.903009415E1,-3.034564209E1,3.584983648E1
1.396665058E1,1.843263626E0,-1.891812897E1,-3.079156494E1,3.618582175E1
1.397669358E1,2.245635986E0,-1.889972305E1,-3.072705078E1,3.614407368E1
1.398673758E1,3.425510406E0,-2.092728043E1,-2.813543701E1,3.523191740E1
1.399678058E1,3.602705002E0,-2.096580124E1,-2.878527832E1,3.579296793E1
1.400682458E1,3.602705002E0,-2.096580124E1,-2.878527832E1,3.579296793E1
1.401686758E1,3.868038177E0,-2.107956314E1,-2.830773926E1,3.550546160E1
1.402691158E1,4.493717194E0,-2.211447144E1,-2.779760742E1,3.580433381E1
1.403695558E1,4.822351456E0,-2.219927597E1,-2.779827881E1,3.589996145E1
1.404699858E1,5.034648895E0,-2.228125381E1,-2.739398193E1,3.566836424E1
1.405704258E1,5.273014069E0,-2.227525711E1,-2.783105469E1,3.603552916E1
1.406708558E1,5.257488251E0,-2.245909882E1,-2.773895264E1,3.607633290E1
1.407712958E1,4.968959808E0,-2.247156906E1,-2.720263672E1,3.563208417E1
1.408717258E1,5.322189331E0,-2.287724686E1,-2.666290283E1,3.553314664E1
1.409721596E1,5.188066483E0,-2.288813400E1,-2.640447998E1,3.532675013E1
1.410725896E1,5.499160767E0,-2.295317841E1,-2.661749268E1,3.557499240E1
1.411730296E1,5.814514160E0,-2.291281128E1,-2.631878662E1,3.537632011E1
1.412734596E1,5.315969467E0,-2.339389801E1,-2.546166992E1,3.498329074E1
1.413738996E1,5.267919540E0,-2.324310684E1,-2.594635010E1,3.523075468E1
1.414743296E1,5.425462723E0,-2.302864456E1,-2.572448730E1,3.495001235E1
1.415747696E1,5.479841232E0,-2.280749130E1,-2.605731201E1,3.505986065E1
1.416751996E1,5.565200806E0,-2.262917709E1,-2.616662598E1,3.503916995E1
1.417756396E1,5.711078644E0,-2.250129700E1,-2.572741699E1,3.465291865E1
1.418760696E1,6.347671509E0,-2.279425430E1,-2.525866699E1,3.461027623E1
1.419765096E1,6.597276688E0,-2.280886078E1,-2.512304688E1,3.456784162E1
1.420769396E1,6.665292740E0,-2.264171600E1,-2.509014893E1,3.444690123E1
1.421773796E1,6.725204468E0,-2.239810562E1,-2.547778320E1,3.458353579E1
1.422778096E1,6.719232559E0,-2.224110413E1,-2.520770264E1,3.428181838E1
1.423782496E1,7.022918701E0,-2.208264160E1,-2.518566895E1,3.422400280E1
1.424786896E1,6.993911743E0,-2.229963303E1,-2.432208252E1,3.373058156E1
1.425791196E1,7.257081985E0,-2.213610458E1,-2.424029541E1,3.361940343E1
1.426795596E1,7.286245346E0,-2.204302597E1,-2.440795898E1,3.368579563E1
1.427799896E1,7.677848816E0,-2.196646500E1,-2.431280518E1,3.365393651E1
1.428804296E1,7.730903625E0,-2.178831482E1,-2.451196289E1,3.369471558E1
1.429808596E1,7.714183807E0,-2.154220200E1,-2.499615479E1,3.388779799E1
1.430812996E1,7.659887314E0,-2.152799225E1,-2.482989502E1,3.374391813E1
1.431817296E1,7.890979767E0,-2.150048828E1,-2.406835938E1,3.322385410E1
1.432821696E1,8.206054688E0,-2.136177063E1,-2.394158936E1,3.311894139E1
1.433825996E1,8.622531891E0,-2.118374634E1,-2.406427002E1,3.319922072E1
1.434830396E1,9.113681793E0,-2.086117172E1,-2.449511719E1,3.344037152E1
1.435834696E1,9.429410934E0,-2.073761749E1,-2.423693848E1,3.326246769E1
1.436839096E1,9.696971893E0,-2.045001221E1,-2.447863770E1,3.333823580E1
1.437843396E1,1.019503021E1,-2.169219971E1,-2.448046875E1,3.426052421E1
1.438847796E1,1.016232681E1,-2.147808456E1,-2.443890381E1,3.408578915E1
1.439852096E1,1.011120987E1,-2.106624985E1,-2.513977051E1,3.432246362E1
1.440856496E1,9.934307098E0,-2.119540405E1,-2.528924561E1,3.445985423E1
1.441860796E1,9.978425980E0,-2.106238556E1,-2.586260986E1,3.481476209E1
1.442865196E1,1.016371727E1,-2.111123276E1,-2.573797607E1,3.480558446E1
1.443869496E1,1.058877945E1,-2.155517960E1,-2.563861084E1,3.512956566E1
1.444873896E1,1.076092339E1,-2.160032654E1,-2.582537842E1,3.534574584E1
1.445878196E1,1.108312225E1,-2.173446274E1,-2.527465820E1,3.512877477E1
1.446882596E1,1.133321381E1,-2.169737244E1,-2.525463867E1,3.517121664E1
1.447886996E1,1.110874367E1,-2.164253235E1,-2.578649902E1,3.545062657E1
1.448891296E1,1.102258873E1,-2.156221390E1,-2.559222412E1,3.523334310E1
1.449895696E1,1.102258873E1,-2.156221390E1,-2.559222412E1,3.523334310E1
1.450899996E1,1.101922417E1,-2.143214798E1,-2.590686035E1,3.538256183E1
1.451904396E1,1.110199165E1,-2.148100662E1,-2.583648682E1,3.538660644E1
1.452908696E1,1.124543953E1,-2.141613007E1,-2.566802979E1,3.526979289E1
1.453913096E1,1.142581558E1,-2.142441940E1,-2.603546143E1,3.560056545E1
1.454917396E1,1.107211494E1,-2.146694946E1,-2.588043213E1,3.540082507E1
1.455921796E1,1.083999634E1,-2.131465912E1,-2.571075439E1,3.511215040E1
1.456926096E1,1.054921722E1,-2.135013962E1,-2.576019287E1,3.508136232E1
1.457930496E1,1.032145119E1,-2.147834778E1,-2.548071289E1,3.488722556E1
1.458934796E1,1.001434517E1,-2.165201950E1,-2.565277100E1,3.503086807E1
1.459939196E1,9.567358017E0,-2.171941376E1,-2.539355469E1,3.475773141E1
1.460943496E1,9.214397430E0,-2.199563599E1,-2.539575195E1,3.483758516E1
1.461947896E1,8.946872711E0,-2.222247696E1,-2.572399902E1,3.515123240E1
1.462952196E1,8.668283463E0,-2.245392227E1,-2.496343994E1,3.467695340E1
1.463956596E1,8.481531143E0,-2.374863052E1,-2.698046875E1,3.693073945E1
1.464960896E1,8.433834076E0,-2.379119110E1,-2.682128906E1,3.683112649E1
1.465965296E1,7.590948105E0,-2.391478729E1,-2.699932861E1,3.685787962E1
1.466969596E1,7.108873367E0,-2.390841675E1,-2.753991699E1,3.715636554E1
1.467973996E1,7.097585678E0,-2.402927780E1,-2.696282959E1,3.680728316E1
1.468978296E1,6.714443207E0,-2.413336563E1,-2.730010986E1,3.705130339E1
1.469982696E1,6.201723099E0,-2.419215775E1,-2.776074219E1,3.734140694E1
1.470986996E1,5.682220459E0,-2.434035110E1,-2.768060303E1,3.729552393E1
1.471991396E1,5.934572220E0,-2.577331161E1,-2.901696777E1,3.926152261E1
1.472995696E1,5.628967285E0,-2.585212326E1,-2.936199951E1,3.952397456E1
1.474000096E1,5.414916992E0,-2.586908340E1,-2.971618652E1,3.976911545E1
1.475004396E1,4.944482803E0,-2.575427246E1,-2.978100586E1,3.968171834E1
1.476008796E1,4.597370148E0,-2.583051682E1,-2.974792480E1,3.966472540E1
1.477013196E1,3.911779404E0,-2.579337692E1,-3.027514648E1,3.996479458E1
1.478017496E1,3.606554031E0,-2.592709351E1,-3.018621826E1,3.995533985E1
1.479021896E1,3.291011810E0,-2.718101501E1,-3.070037842E1,4.113576997E1
1.480026196E1,2.777454376E0,-2.730800247E1,-3.147320557E1,4.176127297E1
1.481030596E1,1.989976883E0,-2.750748825E1,-3.138909912E1,4.178393784E1
1.482034896E1,1.457857132E0,-2.737047195E1,-3.193395996E1,4.208379595E1
1.483039296E1,9.615211487E-1,-2.810137939E1,-3.244311523E1,4.293212984E1
1.484043596E1,2.683086395E-1,-2.800892639E1,-3.247406006E1,4.288515505E1
1.485047996E1,-2.879486084E-1,-2.793656921E1,-3.328875732E1,4.345890217E1
1.486052296E1,-8.384323120E-1,-2.771271896E1,-3.351605225E1,4.349739670E1
1.487056696E1,-1.529302597E0,-2.857137299E1,-3.420196533E1,4.459188887E1
1.488060996E1,-2.053543091E0,-2.814531708E1,-3.467724609E1,4.470891756E1
1.489065396E1,-2.582154274E0,-2.780891418E1,-3.457147217E1,4.444310876E1
1.490069696E1,-2.828804970E0,-2.740010071E1,-3.518865967E1,4.468791140E1
1.491074096E1,-3.628077507E0,-2.797759628E1,-3.516802979E1,4.508546505E1
1.492078396E1,-4.199501991E0,-2.754570770E1,-3.494860840E1,4.469683500E1
1.493082796E1,-4.858484268E0,-2.680508423E1,-3.547100830E1,4.472482353E1
1.494087096E1,-5.703518867E0,-2.623207092E1,-3.503045654E1,4.413371226E1
1.495091496E1,-7.835618019E0,-2.576976776E1,-3.559942627E1,4.464075482E1
1.496095796E1,-8.963239670E0,-2.519774246E1,-3.506671143E1,4.410147549E1
1.497100196E1,-1.020872498E1,-2.496022797E1,-3.439050293E1,4.370283443E1
1.498104496E1,-1.086928463E1,-2.430782700E1,-3.441473389E1,4.351305218E1
1.499108896E1,-1.130289173E1,-2.438493729E1,-3.426782227E1,4.355070804E1
1.500113196E1,-1.189982796E1,-2.379853439E1,-3.361987305E1,4.287507444E1
1.501117596E1,-1.238385105E1,-2.319791031E1,-3.345715332E1,4.255448176E1
1.502121896E1,-1.265656281E1,-2.267893219E1,-3.297979736E1,4.197844187E1
1.503126296E1,-1.350464725E1,-2.260007477E1,-3.200848389E1,4.144492632E1
1.504130596E1,-1.403915501E1,-2.210490417E1,-3.179650879E1,4.119153594E1
1.505134996E1,-1.443529701E1,-2.191251373E1,-3.091137695E1,4.054687760E1
1.506139296E1,-1.490607643E1,-2.163852310E1,-3.041101074E1,4.019012778E1
1.507143696E1,-1.508331490E1,-2.193894577E1,-2.998754883E1,4.010083309E1
1.508147996E1,-1.554351521E1,-2.201412582E1,-2.924127197E1,3.976524346E1
1.509152396E1,-1.591600895E1,-2.210110855E1,-2.870867920E1,3.957229588E1
1.510156821E1,-1.636250496E1,-2.239216995E1,-2.828576660E1,3.961345019E1
1.511161221E1,-1.624127197E1,-2.325482178E1,-2.727435303E1,3.935042546E1
1.512165621E1,-1.701875877E1,-2.371756744E1,-2.709710693E1,3.982981747E1
1.513169921E1,-1.767403793E1,-2.435162354E1,-2.668377686E1,4.021687622E1
1.514174321E1,-1.851808357E1,-2.488988495E1,-2.659783936E1,4.086405328E1
1.515178621E1,-1.790993500E1,-2.700950623E1,-2.676031494E1,4.202848622E1
1.516183021E1,-1.856182098E1,-2.767165756E1,-2.658764648E1,4.262821573E1
1.517187321E1,-1.897679901E1,-2.826371002E1,-2.720874023E1,4.358063504E1
1.518191721E1,-1.934784889E1,-2.911160278E1,-2.727740479E1,4.433826209E1
1.519196021E1,-1.852688599E1,-3.034090042E1,-2.707348633E1,4.468544959E1
1.520200421E1,-1.856665802E1,-3.092409515E1,-2.822882080E1,4.580269397E1
1.521204721E1,-1.860558510E1,-3.151475525E1,-2.871881104E1,4.652007849E1
1.522209121E1,-1.860396767E1,-3.201554871E1,-3.006677246E1,4.769815277E1
1.523213421E1,-1.843265724E1,-3.309432220E1,-3.081170654E1,4.882989121E1
1.524217821E1,-1.836177063E1,-3.339673996E1,-3.148474121E1,4.943466182E1
1.525222121E1,-1.825946426E1,-3.359029770E1,-3.319860840E1,5.063461004E1
1.526226521E1,-1.796007919E1,-3.365721130E1,-3.408471680E1,5.115799289E1
1.527230821E1,-1.764824295E1,-3.375233841E1,-3.546356201E1,5.204176263E1
1.528235221E1,-1.692509270E1,-3.429871750E1,-3.606036377E1,5.256624982E1
1.529239521E1,-1.629005432E1,-3.441140747E1,-3.659436035E1,5.280774606E1
1.530243921E1,-1.553709030E1,-3.416054535E1,-3.811419678E1,5.348865328E1
1.531248221E1,-1.474659920E1,-3.381422043E1,-3.865093994E1,5.342994338E1
1.532252621E1,-1.411564445E1,-3.238308334E1,-3.953363037E1,5.301719943E1
1.533256921E1,-1.344888592E1,-3.160282135E1,-4.095581055E1,5.345081166E1
1.534261321E1,-1.253899193E1,-3.092936325E1,-4.188671875E1,5.355697002E1
1.535265621E1,-1.143511963E1,-3.026984406E1,-4.312213135E1,5.391236994E1
1.536270021E1,-1.229285812E1,-2.995420074E1,-4.575415039E1,5.605185796E1
1.537274321E1,-1.075050068E1,-2.930559921E1,-4.586846924E1,5.548250067E1
1.538278721E1,-9.325839043E0,-2.848554993E1,-4.628631592E1,5.514363852E1
1.539283021E1,-7.783618927E0,-2.803823471E1,-4.625543213E1,5.464697915E1
1.540287421E1,-6.109322548E0,-2.714823532E1,-4.885980225E1,5.622838054E1
1.541291721E1,-5.422439575E0,-2.665001678E1,-4.936444092E1,5.636021888E1
1.542296121E1,-4.811538696E0,-2.620513535E1,-4.912194824E1,5.588224962E1
1.543300421E1,-4.247532845E0,-2.571050644E1,-4.982360840E1,5.622689419E1
1.544304821E1,-3.616325378E0,-2.524901962E1,-4.959399414E1,5.576876416E1
1.545309121E1,-2.871675491E0,-2.492026901E1,-4.963995361E1,5.561826429E1
1.546313521E1,-2.749044418E0,-2.363235092E1,-5.074353027E1,5.604418899E1
1.547317821E1,-1.529117584E0,-2.327512360E1,-5.067889404E1,5.578906596E1
1.548322221E1,-1.529117584E0,-2.327512360E1,-5.067889404E1,5.578906596E1
1.549326521E1,-4.152622223E-1,-2.267070389E1,-5.095190430E1,5.576943436E1
1.550330921E1,1.056049347E0,-2.306553268E1,-5.230963135E1,5.717894341E1
1.551335221E1,1.927881241E0,-2.269396591E1,-5.195886230E1,5.673143914E1
1.552339621E1,2.703975677E0,-2.235833359E1,-5.225006104E1,5.689706006E1
1.553343921E1,3.113138199E0,-2.196521759E1,-5.221679688E1,5.673408402E1
1.554348321E1,3.576215744E0,-2.146664429E1,-5.261987305E1,5.694257788E1
1.555352621E1,4.033702850E0,-2.105558014E1,-5.301318359E1,5.718396496E1
1.556357021E1,5.583896637E0,-2.059293365E1,-5.375634766E1,5.783592077E1
1.557361321E1,6.060009003E0,-2.012778091E1,-5.409619141E1,5.803661946E1
1.558365721E1,6.652971268E0,-1.977344131E1,-5.362683105E1,5.754205433E1
1.559370021E1,6.926767349E0,-1.934573364E1,-5.361138916E1,5.741444560E1
1.560374421E1,7.330938339E0,-1.878853226E1,-5.403717041E1,5.767813613E1
1.561378721E1,7.675577164E0,-1.827375793E1,-5.355877686E1,5.710855708E1
1.562383121E1,8.131895065E0,-1.777975845E1,-5.373883057E1,5.718487071E1
1.563387521E1,8.650856018E0,-1.721406174E1,-5.341485596E1,5.678299101E1
1.564391821E1,9.118974686E0,-1.679756927E1,-5.248858643E1,5.586023396E1
1.565396221E1,9.522180557E0,-1.621614075E1,-5.228826904E1,5.556706059E1
1.566400521E1,9.804431915E0,-1.597620010E1,-5.156390381E1,5.486530808E1
1.567404921E1,9.987449646E0,-1.561674881E1,-5.103387451E1,5.429630136E1
1.568409221E1,5.403358459E0,-1.258959579E1,-5.133050537E1,5.312734688E1
1.569413621E1,5.490266800E0,-1.246522141E1,-5.004235840E1,5.186291940E1
1.570417921E1,5.470911026E0,-1.252320862E1,-4.970758057E1,5.155196589E1
1.571422321E1,5.368009567E0,-1.278319550E1,-4.868627930E1,5.062192613E1
1.572426621E1,4.974260330E0,-1.284204865E1,-4.784106445E1,4.978382194E1
1.573431021E1,4.877336502E0,-1.289448547E1,-4.730090332E1,4.926897220E1
1.574435321E1,4.647871017E0,-1.303568268E1,-4.621435547E1,4.824208100E1
1.575439721E1,4.351383209E0,-1.320747375E1,-4.554174805E1,4.761746228E1
1.576444021E1,4.119558334E0,-1.341021729E1,-4.484240723E1,4.698559539E1
1.577448421E1,3.928916931E0,-1.360540771E1,-4.368334961E1,4.592143879E1
1.578452721E1,3.448629379E0,-1.373231888E1,-4.370507812E1,4.594130473E1
1.579457121E1,3.233678818E0,-1.390557480E1,-4.319720459E1,4.549527639E1
1.580461421E1,2.897811890E0,-1.398696899E1,-4.291528320E1,4.523001379E1
1.581465821E1,2.666938782E0,-1.396599960E1,-4.251892090E1,4.483325040E1
1.582470121E1,2.307895660E0,-1.411940384E1,-4.184204102E1,4.422036119E1
1.583474521E1,-3.128761292E0,-1.561896896E1,-4.242791748E1,4.531963725E1
1.584478821E1,-3.536293030E0,-1.563050842E1,-4.186083984E1,4.482352144E1
1.585483221E1,-3.922843933E0,-1.573386002E1,-4.152105713E1,4.457511908E1
1.586487521E1,-4.325201035E0,-1.568787003E1,-4.176202393E1,4.482056751E1
1.587491921E1,-4.668296814E0,-1.569931793E1,-4.127258301E1,4.440369001E1
1.588496221E1,-4.885845184E0,-1.573067474E1,-4.157043457E1,4.471494875E1
1.589500621E1,-5.026597977E0,-1.581925201E1,-4.139117432E1,4.459534430E1
1.590504921E1,-5.393655777E0,-1.566847610E1,-4.079644775E1,4.403342839E1
1.591509321E1,-5.646112442E0,-1.555987167E1,-4.117736816E1,4.437976838E1
1.592513621E1,-5.825235367E0,-1.566201401E1,-4.058770752E1,4.389298408E1
1.593518021E1,-5.976097107E0,-1.571328735E1,-4.076306152E1,4.409363130E1
1.594522321E1,-6.156652451E0,-1.565561676E1,-4.093048096E1,4.425276236E1
1.595526721E1,-5.255594254E0,-1.569512939E1,-3.448858643E1,3.825468535E1
1.596531021E1,-5.365222931E0,-1.547325516E1,-3.484338379E1,3.850024203E1
1.597535421E1,-5.365222931E0,-1.547325516E1,-3.484338379E1,3.850024203E1
1.598539721E1,-5.603807449E0,-1.538345337E1,-3.470312500E1,3.837134582E1
1.599544121E1,-5.701511383E0,-1.529054260E1,-3.442138672E1,3.809382875E1
1.600548421E1,-5.733270645E0,-1.546472549E1,-3.488623047E1,3.858856311E1
1.601552821E1,-5.847059250E0,-1.517401505E1,-3.433673096E1,3.799276151E1
1.602557121E1,-5.862710953E0,-1.509448242E1,-3.483264160E1,3.841259820E1
1.603561521E1,-6.242172241E0,-1.481755066E1,-3.451330566E1,3.807483145E1
1.604565821E1,-6.299575806E0,-1.488237381E1,-3.445355225E1,3.805544597E1
1.605570221E1,-6.457363129E0,-1.467127991E1,-3.313378906E1,3.680749883E1
1.606574521E1,-6.588151932E0,-1.448514557E1,-3.294488525E1,3.658672782E1
1.607578921E1,-6.700433731E0,-1.440626526E1,-3.316656494E1,3.677577084E1
1.608583221E1,-6.853502274E0,-1.416332626E1,-3.330047607E1,3.683058527E1
1.609587658E1,-7.086231232E0,-1.408114624E1,-3.296746826E1,3.654240436E1
1.610591958E1,-7.204187393E0,-1.395082474E1,-3.336114502E1,3.687128726E1
1.611596358E1,-7.187850952E0,-1.383675385E1,-3.285583496E1,3.636793710E1
1.612600658E1,-7.108558655E0,-1.368970490E1,-3.297265625E1,3.640241320E1
1.613605058E1,-7.256389618E0,-1.352860641E1,-3.315325928E1,3.653514722E1
1.614609358E1,-7.340042114E0,-1.349892426E1,-3.296484375E1,3.637001647E1
1.615613758E1,-7.408683777E0,-1.348723221E1,-3.324377441E1,3.663253425E1
1.616618058E1,-7.662595749E0,-1.357141876E1,-3.312042236E1,3.660411395E1
1.617622458E1,-8.259134293E0,-1.331426620E1,-3.382843018E1,3.728063401E1
1.618626758E1,-8.166530609E0,-1.325259399E1,-3.430975342E1,3.767602221E1
1.619631158E1,-8.317745209E0,-1.327552795E1,-3.413110352E1,3.755471681E1
1.620635458E1,-8.314062119E0,-1.309807587E1,-3.428259277E1,3.762950156E1
1.621639858E1,-8.313320160E0,-1.291089249E1,-3.424829102E1,3.753329022E1
1.622644158E1,-8.259237289E0,-1.284274292E1,-3.461010742E1,3.782870051E1
1.623648558E1,-7.987211227E0,-1.280266953E1,-3.464562988E1,3.778919899E1
1.624652858E1,-7.685499191E0,-1.270460129E1,-3.431030273E1,3.738543387E1
1.625657258E1,-7.398860931E0,-1.275651932E1,-3.468255615E1,3.768755271E1
1.626661558E1,-7.256097794E0,-1.265159225E1,-3.532928467E1,3.822135656E1
1.627665958E1,-6.642868042E0,-1.272282028E1,-3.516381836E1,3.798015236E1
1.628670258E1,-6.314147949E0,-1.266205215E1,-3.597869873E1,3.866086899E1
1.629674658E1,-6.000699997E0,-1.247142410E1,-3.595367432E1,3.852546582E1
1.630678958E1,-5.565103531E0,-1.253341293E1,-3.615032959E1,3.866397738E1
1.631683358E1,-5.057758331E0,-1.240285873E1,-3.717260742E1,3.951220782E1
1.632687658E1,-4.648748398E0,-1.228445435E1,-3.727087402E1,3.951754965E1
1.633692058E1,-4.182580948E0,-1.234372711E1,-3.824291992E1,4.040275370E1
1.634696358E1,5.245494843E-1,-1.201222992E1,-2.888330078E1,3.128600140E1
1.635700758E1,6.059265137E-1,-1.207599640E1,-2.918499756E1,3.159051944E1
1.636705058E1,8.500823975E-1,-1.240890503E1,-3.048223877E1,3.292218772E1
1.637709458E1,1.024026871E0,-1.272048950E1,-3.060815430E1,3.316200527E1
1.638713758E1,4.686107635E-1,-1.257661438E1,-3.186755371E1,3.426268823E1
1.639718158E1,6.114444733E-1,-1.308715057E1,-3.337573242E1,3.585508178E1
1.640722458E1,5.877037048E-1,-1.368576050E1,-3.332653809E1,3.603197992E1
1.641726858E1,2.876453400E-1,-1.446681595E1,-3.464312744E1,3.754354515E1
1.642731158E1,-3.462804794E0,-1.265711975E1,-3.710076904E1,3.935302734E1
1.643735558E1,-3.887697220E0,-1.357192993E1,-3.716650391E1,3.975752110E1
1.644739858E1,-4.321979523E0,-1.457677460E1,-3.780236816E1,4.074531756E1
1.645744258E1,-4.620138168E0,-1.547901535E1,-3.751306152E1,4.084330273E1
1.646748558E1,-6.224576950E0,-1.406580734E1,-4.132592773E1,4.409563014E1
1.647752958E1,-6.463689804E0,-1.488257217E1,-4.180194092E1,4.484052302E1
1.648757258E1,-6.518306732E0,-1.552834320E1,-4.165411377E1,4.492975583E1
1.649761658E1,-6.577461243E0,-1.604520416E1,-4.107885742E1,4.458905808E1
1.650765958E1,-8.038293839E0,-1.518778610E1,-3.858532715E1,4.223873206E1
1.651770358E1,-8.186956406E0,-1.558217621E1,-3.830969238E1,4.215996918E1
1.652774658E1,-8.365060806E0,-1.587043381E1,-3.825201416E1,4.224998815E1
1.653779058E1,-8.590528488E0,-1.607262421E1,-3.848730469E1,4.258402342E1
1.654783358E1,-1.009575081E1,-1.492674637E1,-3.424407959E1,3.869610999E1
1.655787758E1,-1.037408066E1,-1.541786957E1,-3.462664795E1,3.929805338E1
1.656792058E1,-1.060266876E1,-1.598405075E1,-3.414727783E1,3.916558498E1
1.657796458E1,-1.100625420E1,-1.647487640E1,-3.398840332E1,3.934171761E1
1.658800758E1,-1.255700493E1,-1.467537308E1,-3.401678467E1,3.911759945E1
1.659805158E1,-1.314312744E1,-1.541012573E1,-3.313702393E1,3.883653085E1
1.660809458E1,-1.372836304E1,-1.630149460E1,-3.330145264E1,3.953724100E1
1.661813858E1,-1.426365852E1,-1.708429337E1,-3.293414307E1,3.974899765E1
1.662818158E1,-1.540979385E1,-1.699040604E1,-3.098522949E1,3.855152514E1
1.663822558E1,-1.599413300E1,-1.776152802E1,-3.060345459E1,3.883111640E1
1.664826858E1,-1.643565369E1,-1.853525543E1,-2.898498535E1,3.812893628E1
1.665831258E1,-1.675588608E1,-1.911146927E1,-2.766931152E1,3.757124933E1
1.666835558E1,-1.684851456E1,-1.967072296E1,-2.619769287E1,3.683923040E1
1.667839958E1,-1.692275238E1,-2.012040710E1,-2.466296387E1,3.604819159E1
1.668844258E1,-1.594147301E1,-2.100071716E1,-2.295294189E1,3.495709119E1
1.669848658E1,-1.565283394E1,-2.100172806E1,-2.165960693E1,3.398856226E1
1.670852958E1,-1.438048553E1,-2.133220673E1,-1.967913818E1,3.239027458E1
1.671857358E1,-1.408552742E1,-2.110317612E1,-1.927575684E1,3.186378707E1
1.672861658E1,-1.274684906E1,-2.116162491E1,-1.731207275E1,3.016627907E1
1.673866058E1,-1.210793114E1,-2.074644470E1,-1.708184814E1,2.947552375E1
1.674870358E1,-1.160560608E1,-2.041775513E1,-1.667492676E1,2.880326369E1
1.675874758E1,-1.136240959E1,-2.032553864E1,-1.593212891E1,2.821461685E1
1.676879058E1,-1.093355370E1,-2.021559143E1,-1.596472168E1,2.798365722E1
1.677883458E1,-1.003852654E1,-2.082120132E1,-1.237792969E1,2.622036580E1
1.678887758E1,-9.634014130E0,-2.093133163E1,-1.236907959E1,2.615203629E1
1.679892158E1,-9.385765076E0,-2.115586853E1,-1.239654541E1,2.625524133E1
1.680896458E1,-9.124670029E0,-2.122720718E1,-1.229473877E1,2.617278222E1
1.681900858E1,-8.284303665E0,-2.142523956E1,-1.188610840E1,2.586407065E1
1.682905158E1,-7.537595749E0,-2.172669220E1,-1.171276855E1,2.580801137E1
1.683909458E1,-7.203416824E0,-2.222236252E1,-1.167712402E1,2.611661991E1
1.684913858E1,-7.024221420E0,-2.246016312E1,-1.231304932E1,2.655955190E1
1.685918158E1,-8.266651154E0,-2.289384079E1,-1.291271973E1,2.755365308E1
1.686922558E1,-8.701698303E0,-2.337161636E1,-1.322454834E1,2.822836665E1
1.687926858E1,-8.783086777E0,-2.406855774E1,-1.308966064E1,2.877111921E1
1.688931258E1,-8.643711090E0,-2.479743958E1,-1.213250732E1,2.892791878E1
1.689935558E1,-8.294408798E0,-2.439543152E1,-1.587939453E1,3.026696990E1
1.690939958E1,-7.734756470E0,-2.521636200E1,-1.508935547E1,3.038716865E1
1.691944258E1,-7.566993713E0,-2.605469513E1,-1.462298584E1,3.082106823E1
1.692948658E1,-6.713787079E0,-2.654710388E1,-1.418261719E1,3.083780621E1
1.693952958E1,-7.065944672E0,-2.748525238E1,-1.221710205E1,3.089699427E1
1.694957358E1,-8.568187714E0,-2.803516769E1,-1.257446289E1,3.189830067E1
1.695961658E1,-8.568187714E0,-2.803516769E1,-1.257446289E1,3.189830067E1
1.696966058E1,-8.810058594E0,-2.858301735E1,-1.163964844E1,3.209497514E1
1.697970358E1,-8.434206009E0,-2.926722527E1,-1.267340088E1,3.298971651E1
1.698974758E1,-8.757530212E0,-2.957174492E1,-1.256011963E1,3.330073630E1
1.699979058E1,-8.737182617E0,-2.997085190E1,-1.149780273E1,3.326845039E1
1.700983458E1,-8.802585602E0,-3.006466103E1,-1.132342529E1,3.331049859E1
1.701987758E1,-8.837444305E0,-3.004187202E1,-1.149774170E1,3.335884532E1
1.702992158E1,-8.774387360E0,-2.997959137E1,-1.053570557E1,3.296614724E1
1.703996458E1,-8.430871964E0,-2.996303368E1,-1.070642090E1,3.291641593E1
1.705000858E1,-8.242162704E0,-2.992222214E1,-1.012414551E1,3.264614749E1
1.706005158E1,-7.773574829E0,-2.975964355E1,-9.761169434E0,3.226988192E1
1.707009558E1,-7.610311508E0,-2.962159538E1,-9.814147949E0,3.211967083E1
1.708013858E1,-7.619035721E0,-2.930783272E1,-9.062316895E0,3.160892835E1
1.709018258E1,-7.552858353E0,-2.904375648E1,-9.638854980E0,3.151972375E1
1.710022446E1,-6.711168289E0,-2.882209396E1,-9.177917480E0,3.098365778E1
1.711026846E1,-6.601966858E0,-2.872546196E1,-9.198974609E0,3.087651640E1
1.712031146E1,-6.555309296E0,-2.848772812E1,-9.396972656E0,3.070546903E1
1.713035546E1,-6.469066620E0,-2.841706467E1,-8.885192871E0,3.046842693E1
1.714039846E1,-5.389326096E0,-2.798561478E1,-8.757385254E0,2.981495039E1
1.715044246E1,-5.237436295E0,-2.793654251E1,-8.445434570E0,2.965141669E1
1.716048546E1,-5.100307465E0,-2.780151749E1,-7.755126953E0,2.931005808E1
1.717052946E1,-4.965612411E0,-2.769713211E1,-7.764892578E0,2.919044348E1
1.718057246E1,-5.108049393E0,-2.777624130E1,-6.468017578E0,2.897321178E1
1.719061646E1,-5.072446823E0,-2.765979385E1,-6.515319824E0,2.886595408E1
1.720065946E1,-4.861656189E0,-2.751842117E1,-6.401000977E0,2.866831035E1
1.721070346E1,-4.898040771E0,-2.738989639E1,-6.029968262E0,2.847029584E1
1.722074646E1,-3.943656921E0,-2.706609726E1,-6.223876953E0,2.805107298E1
1.723079046E1,-4.077766418E0,-2.711191177E1,-5.902343750E0,2.804499244E1
1.724083346E1,-4.042678833E0,-2.691128159E1,-6.079528809E0,2.788406354E1
1.725087746E1,-4.177295685E0,-2.666759109E1,-6.385681152E0,2.773782864E1
1.726092046E1,-4.125585556E0,-2.661313629E1,-6.445678711E0,2.769162786E1
1.727096446E1,-3.696998596E0,-2.654967499E1,-6.979919434E0,2.769968079E1
1.728100746E1,-3.504261017E0,-2.651938629E1,-7.323242188E0,2.773423103E1
1.729105146E1,-3.325870514E0,-2.655428696E1,-6.974975586E0,2.765577435E1
1.730109446E1,-3.302072525E0,-2.676222610E1,-7.513122559E0,2.799227464E1
1.731113846E1,-1.810726166E0,-2.658544540E1,-7.417785645E0,2.766022741E1
1.732118146E1,-1.607225418E0,-2.662446594E1,-7.686523438E0,2.775838617E1
1.733122446E1,-1.506549835E0,-2.678869247E1,-8.244018555E0,2.806897894E1
1.734126846E1,-1.434331894E0,-2.691993332E1,-8.246032715E0,2.819108323E1
1.735131146E1,-1.569133759E0,-2.699657059E1,-8.813049316E0,2.844199083E1
1.736135546E1,-1.427713394E0,-2.719325638E1,-8.857971191E0,2.863520930E1
1.737139846E1,-7.109355927E-1,-2.711161041E1,-9.270568848E0,2.866161711E1
1.738144246E1,-9.552364349E-1,-2.721233368E1,-1.031756592E1,2.911830605E1
1.739148546E1,-1.146533966E0,-2.731219482E1,-1.066821289E1,2.934418669E1
1.740152946E1,-9.037036896E-1,-2.761777115E1,-1.128106689E1,2.984661512E1
1.741157246E1,-1.013870239E-1,-2.816889954E1,-1.144317627E1,3.040466187E1
1.742161646E1,4.368648529E-1,-2.878787422E1,-1.069470215E1,3.071333924E1
1.743165946E1,5.103149414E-1,-2.962447929E1,-1.089654541E1,3.156904966E1
1.744170346E1,8.026676178E-1,-3.050459862E1,-1.044921875E1,3.225462734E1
1.745174646E1,-2.700653076E-1,-3.023466682E1,-1.136413574E1,3.230095346E1
1.746179046E1,-4.841880798E-1,-3.118201256E1,-1.121710205E1,3.314175197E1
1.747183346E1,-7.326450348E-1,-3.200503540E1,-1.114581299E1,3.389820359E1
1.748187746E1,-1.056587219E0,-3.278604126E1,-1.012829590E1,3.433108294E1
1.749192046E1,1.192474365E-1,-3.371321487E1,-1.336505127E1,3.626595749E1
1.750196446E1,-7.285881042E-2,-3.457085800E1,-1.275421143E1,3.684860161E1
1.751200746E1,-4.284553528E-1,-3.519557953E1,-1.188641357E1,3.715103256E1
1.752205146E1,-4.848728180E-1,-3.585205078E1,-1.169500732E1,3.771442487E1
1.753209446E1,-4.634113312E-1,-3.655664062E1,-1.067767334E1,3.808694569E1
1.754213846E1,-4.271316528E-1,-3.726398468E1,-1.045074463E1,3.870407032E1
1.755218146E1,-4.730777740E-1,-3.772833252E1,-9.778442383E0,3.897779897E1
1.756222546E1,-1.729202271E-2,-3.829817963E1,-8.642578125E0,3.926124066E1
1.757226846E1,-1.194606781E0,-3.949052048E1,-9.439941406E0,4.062069407E1
1.758231246E1,-4.599571228E-1,-3.984442520E1,-8.605712891E0,4.076577087E1
1.759235546E1,2.875308990E-1,-4.014731598E1,-7.565307617E0,4.085490832E1
1.760239946E1,1.471054077E0,-4.021473312E1,-6.836425781E0,4.081820033E1
1.761244246E1,7.190010071E0,-4.142791748E1,-1.078393555E1,4.340808516E1
1.762248646E1,8.209772110E0,-4.117623138E1,-9.831298828E0,4.312234717E1
1.763252946E1,1.008203125E1,-4.150539398E1,-9.199645996E0,4.369185931E1
1.764257346E1,1.042243958E1,-4.128236389E1,-8.308776855E0,4.338083203E1
1.765261646E1,1.055115509E1,-4.132266617E1,-7.845336914E0,4.336402800E1
1.766266046E1,1.012374878E1,-4.112721252E1,-6.682922363E0,4.287889167E1
1.767270346E1,9.484481812E0,-4.109420013E1,-6.420532227E0,4.266042562E1
1.768274646E1,9.465263367E0,-4.082489777E1,-5.962219238E0,4.232979502E1
1.769279046E1,9.195495605E0,-4.061273956E1,-5.032165527E0,4.194370566E1
1.770283346E1,9.109428406E0,-4.049503708E1,-4.706970215E0,4.177302099E1
1.771287746E1,1.002172661E1,-4.104577637E1,-1.918762207E0,4.229506366E1
1.772292046E1,1.004822731E1,-4.084193420E1,-1.352416992E0,4.208158140E1
1.773296446E1,1.002605629E1,-4.060438538E1,-8.070068359E-1,4.183167671E1
1.774300746E1,1.012344933E1,-4.058722687E1,3.675537109E-1,4.183231176E1
1.775305146E1,1.027896309E1,-4.049493027E1,8.267822266E-1,4.178731899E1
1.776309446E1,1.026707458E1,-4.080074310E1,2.362304688E0,4.213898363E1
1.777313846E1,1.003300285E1,-4.083021545E1,2.856201172E0,4.214173140E1
1.778318146E1,9.529209137E0,-4.082544708E1,2.831298828E0,4.201831992E1
1.779322546E1,8.917081833E0,-4.086750412E1,3.219970703E0,4.195277646E1
1.780326846E1,8.416627884E0,-4.067835999E1,3.275390625E0,4.166889463E1
1.781331246E1,7.932043076E0,-4.058335876E1,3.423889160E0,4.149276242E1
1.782335546E1,7.442903519E0,-4.056230545E1,3.850036621E0,4.141883893E1
1.783339946E1,7.097225189E0,-4.048173523E1,3.509033203E0,4.124869460E1
1.784344246E1,6.588943481E0,-4.104003143E1,2.487609863E0,4.163996349E1
1.785348646E1,5.924573898E0,-4.080429077E1,2.355468750E0,4.129938201E1
1.786352946E1,5.352752686E0,-4.079113007E1,2.426452637E0,4.121232735E1
1.787357346E1,5.054046631E0,-4.066557312E1,3.055175781E0,4.109216864E1
1.788361646E1,4.778373718E0,-4.059394836E1,2.800903320E0,4.097006906E1
1.789366046E1,4.297693253E0,-4.058724976E1,3.261840820E0,4.094428673E1
1.790370346E1,3.986568451E0,-4.087096024E1,2.284484863E0,4.112842070E1
1.791374746E1,3.525774002E0,-4.066144943E1,1.907775879E0,4.085858736E1
1.792379046E1,3.113561630E0,-4.071508789E1,1.782165527E0,4.087283648E1
1.793383446E1,2.877138138E0,-4.066259766E1,1.332214355E0,4.078602171E1
1.794387746E1,2.877138138E0,-4.066259766E1,1.332214355E0,4.078602171E1
1.795392046E1,2.734025955E0,-4.054745865E1,1.114257812E0,4.065480133E1
1.796396446E1,2.738727570E0,-4.060439682E1,8.104858398E-1,4.070472401E1
1.797400746E1,2.863777161E0,-4.057901001E1,3.882446289E-1,4.068178962E1
1.798405146E1,2.967592239E0,-4.064208603E1,-2.233886719E-1,4.075089770E1
1.799409446E1,2.982772827E0,-4.071473694E1,-8.591918945E-1,4.083289052E1
1.800413846E1,2.737379074E0,-4.089668655E1,-1.701477051E0,4.102349619E1
1.801418146E1,2.590362549E0,-4.111733246E1,-1.586608887E0,4.122938678E1
1.802422546E1,5.791336060E0,-4.044207382E1,-5.339172363E0,4.120203478E1
1.803426846E1,5.435272217E0,-4.073528290E1,-5.093139648E0,4.141069341E1
1.804431246E1,5.350906372E0,-4.119997787E1,-5.395080566E0,4.189483584E1
1.805435546E1,5.279159546E0,-4.164159393E1,-5.869995117E0,4.238335420E1
1.806439946E1,4.917692184E0,-4.213499451E1,-6.061401367E0,4.285186163E1
1.807444246E1,4.601701736E0,-4.254438019E1,-6.680175781E0,4.331079188E1
1.808448646E1,5.812101364E0,-4.309329987E1,-9.779174805E0,4.456955548E1
1.809452946E1,5.459293365E0,-4.371829987E1,-9.824218750E0,4.513988149E1
1.810457296E1,5.210716248E0,-4.444116211E1,-1.001196289E1,4.585202127E1
1.811461596E1,5.140035629E0,-4.526568985E1,-9.797729492E0,4.659826335E1
1.812465996E1,5.019643784E0,-4.607605743E1,-9.988647461E0,4.741279332E1
1.813470296E1,5.071517944E0,-4.703133392E1,-9.897216797E0,4.832826880E1
1.814474696E1,3.924468994E0,-4.784533691E1,-1.069787598E1,4.918355692E1
1.815478996E1,3.963422775E0,-4.889940643E1,-1.058435059E1,5.018853601E1
1.816483396E1,3.699600220E0,-5.003437042E1,-9.730407715E0,5.110583234E1
1.817487696E1,3.218515396E0,-5.103444290E1,-8.442260742E0,5.182803267E1
1.818492096E1,1.932453156E0,-5.225262451E1,-9.880371094E0,5.321365310E1
1.819496396E1,1.726394653E0,-5.331197357E1,-8.432495117E0,5.400235123E1
1.820500696E1,1.316995621E0,-5.421344757E1,-7.428894043E0,5.473591912E1
1.821505096E1,1.197408676E0,-5.515327072E1,-5.750732422E0,5.546519613E1
1.822509396E1,1.048570633E0,-5.579240036E1,-4.010559082E0,5.594618863E1
1.823513796E1,9.239368439E-1,-5.627963257E1,-2.490234375E0,5.634227515E1
1.824518096E1,9.217910767E-1,-5.661429977E1,-2.681884766E-1,5.662243869E1
1.825522496E1,-4.094512939E0,-5.675822449E1,1.795257568E0,5.693403229E1
1.826526796E1,-4.150281906E0,-5.665723419E1,4.287536621E0,5.697060643E1
1.827531196E1,-4.061317444E0,-5.631219864E1,7.018676758E0,5.689305615E1
1.828535496E1,-4.234657288E0,-5.567370987E1,9.192474365E0,5.658618098E1
1.829539896E1,-4.618927002E0,-5.482386780E1,1.177291870E1,5.626359908E1
1.830544196E1,-4.870529175E0,-5.365902710E1,1.376321411E1,5.560970515E1
1.831548596E1,-4.982723236E0,-5.213987350E1,1.527688599E1,5.455984957E1
1.832552896E1,-4.965881348E0,-5.045278931E1,1.710467529E1,5.350433481E1
1.833557296E1,-1.057470131E1,-4.617316055E1,-3.948089600E0,4.753285679E1
1.834561596E1,-1.049817276E1,-4.412356949E1,-2.740356445E0,4.543798597E1
1.835565996E1,-1.023022652E1,-4.184547424E1,-1.315155029E0,4.309792201E1
1.836570296E1,-9.967739105E0,-3.937164307E1,-3.255615234E-1,4.061512146E1
1.837574696E1,-9.538011551E0,-3.714182281E1,8.274841309E-1,3.835587825E1
1.838578996E1,-8.967945099E0,-3.461014557E1,1.204223633E0,3.577340311E1
1.839583396E1,-9.918787003E0,-2.504858971E1,-5.725561523E1,6.327732341E1
1.840587696E1,-9.384082794E0,-2.276631355E1,-5.656732178E1,6.169463458E1
1.841592096E1,-8.890239716E0,-2.077691650E1,-5.734463501E1,6.163703259E1
1.842596396E1,-8.317665100E0,-1.895551682E1,-5.753790283E1,6.114822510E1
1.843600696E1,-8.842868805E0,-9.505226135E0,-2.735391235E1,3.027841102E1
1.844605096E1,-8.215869904E0,-7.664585114E0,-2.796728516E1,3.013993069E1
1.845609396E1,-7.826393127E0,-6.188911438E0,-2.966055298E1,3.129382459E1
1.846613796E1,-7.420179367E0,-4.919013977E0,-3.124893188E1,3.249232993E1
1.847618096E1,-3.826366425E0,-4.962861633E1,-3.524563599E1,6.099094601E1
1.848622496E1,-3.339149475E0,-4.845539856E1,-3.698010254E1,6.104591348E1
1.849626796E1,-2.950510025E0,-5.104137421E1,-3.925659180E1,6.445934680E1
1.850631196E1,-2.579105377E0,-4.990012360E1,-4.110144043E1,6.469932399E1
1.851635496E1,-2.133007050E0,-4.864376450E1,-4.203921509E1,6.432776344E1
1.852639896E1,-1.890485764E0,-4.734030151E1,-4.357470703E1,6.436950502E1
1.853644196E1,-2.859827042E0,-6.012736511E1,-5.202807617E1,7.956380682E1
1.854648596E1,-2.773870468E0,-5.896281433E1,-5.315042114E1,7.943094547E1
1.855652896E1,-2.913211823E0,-5.772821426E1,-5.532705688E1,8.001322859E1
1.856657296E1,-2.924739838E0,-5.639282608E1,-5.672427368E1,8.003966617E1
1.857661596E1,-6.015100479E0,-6.604118347E1,-6.234194946E1,9.101724019E1
1.858665996E1,-6.155666351E0,-6.444078827E1,-6.418624878E1,9.116129636E1
1.859670296E1,-6.200935364E0,-6.310923004E1,-6.593008423E1,9.147678679E1
1.860674696E1,-6.136905670E0,-6.188127518E1,-6.804428101E1,9.217905405E1
1.861678996E1,-1.557370567E1,-7.348491669E1,-7.069906616E1,1.031548896E2
1.862683296E1,-1.560998917E1,-7.270457458E1,-7.283938599E1,1.040922815E2
1.863687696E1,-1.953178024E1,-7.674057007E1,-7.191085815E1,1.069662426E2
1.864691996E1,-1.916543770E1,-7.637430573E1,-7.387942505E1,1.079746175E2
1.865696396E1,-2.249075890E1,-7.846984863E1,-7.108505249E1,1.082424873E2
1.866700696E1,-2.155083084E1,-7.866792297E1,-7.314993286E1,1.095627359E2
1.867705096E1,-2.388996124E1,-7.832936859E1,-6.913250732E1,1.071705361E2
1.868709396E1,-2.290838432E1,-7.883761597E1,-7.115429688E1,1.086420624E2
1.869713796E1,-2.486245537E1,-7.773797607E1,-6.837176514E1,1.064708076E2
1.870718096E1,-2.415730476E1,-7.837492371E1,-6.924371338E1,1.073354363E2
1.871722496E1,-2.336502075E1,-7.904225159E1,-7.064117432E1,1.085531079E2
1.872726796E1,-2.550194168E1,-7.713562012E1,-6.863192749E1,1.063512783E2
1.873731196E1,-2.463803101E1,-7.768897247E1,-6.934970093E1,1.070139712E2
1.874735496E1,-2.511826324E1,-7.674520111E1,-6.811169434E1,1.056406927E2
1.875739896E1,-2.407734680E1,-7.725366211E1,-6.827947998E1,1.058769773E2
1.876744196E1,-2.308856201E1,-7.674173737E1,-6.677523804E1,1.043135100E2
1.877748596E1,-2.233678436E1,-7.700302887E1,-6.682357788E1,1.043733153E2
1.878752896E1,-2.143298721E1,-7.604418945E1,-6.569940186E1,1.027545770E2
1.879757296E1,-2.069911194E1,-7.627912903E1,-6.635369873E1,1.031977330E2
1.880761596E1,-2.022525024E1,-7.588993073E1,-6.653759766E1,1.029349029E2
1.881765896E1,-1.948567963E1,-7.571945953E1,-6.745727539E1,1.032647678E2
1.882770296E1,-1.886978149E1,-7.235949707E1,-6.464273071E1,9.884658873E1
1.883774596E1,-1.821536255E1,-7.218537140E1,-6.502877808E1,9.884973068E1
1.884778996E1,-1.748048019E1,-7.170124817E1,-6.586343384E1,9.891727905E1
1.885783296E1,-1.680755997E1,-7.137147522E1,-6.599758911E1,9.865122055E1
1.886787696E1,-1.431971359E1,-6.412648010E1,-6.462930298E1,9.216401929E1
1.887791996E1,-1.322480011E1,-6.376832199E1,-6.492953491E1,9.196270294E1
1.888796396E1,-1.215672302E1,-6.241918182E1,-6.428952026E1,9.042722262E1
1.889800696E1,-1.110216904E1,-6.210398865E1,-6.477243042E1,9.041919766E1
1.890805096E1,-9.687709808E0,-6.123163986E1,-6.459704590E1,8.953180318E1
1.891809396E1,-9.043804169E0,-6.114697266E1,-6.513806152E1,8.979816099E1
1.892813796E1,-9.043804169E0,-6.114697266E1,-6.513806152E1,8.979816099E1
1.893818096E1,-8.688426971E0,-6.115936661E1,-6.573522949E1,9.020574973E1
1.894822496E1,-8.386421204E0,-6.115494919E1,-6.581060791E1,9.022913046E1
1.895826796E1,-8.106006622E0,-6.140876389E1,-6.673211670E1,9.104899244E1
1.896831196E1,-7.612865448E0,-6.143292999E1,-6.731695557E1,9.145235434E1
1.897835496E1,-7.302757263E0,-6.141596603E1,-6.796423340E1,9.189335215E1
1.898839896E1,-6.663982391E0,-6.119442368E1,-6.846014404E1,9.206496333E1
1.899844196E1,-6.004104614E0,-6.122502899E1,-6.870294189E1,9.222064667E1
1.900848496E1,-6.666118622E0,-6.567922974E1,-6.800354004E1,9.477700045E1
1.901852896E1,-5.967357635E0,-6.568476868E1,-6.806591797E1,9.477904506E1
1.902857196E1,-5.571372986E0,-6.566815948E1,-6.836920166E1,9.496154539E1
1.903861596E1,-4.907566071E0,-6.574493408E1,-6.970324707E1,9.594281221E1
1.904865896E1,-4.300701141E0,-6.573342133E1,-6.980859375E1,9.598238625E1
1.905870296E1,-3.836132050E0,-6.576310730E1,-7.047680664E1,9.647011177E1
1.906874596E1,-3.195476532E0,-6.577215576E1,-7.100292969E1,9.683802749E1
1.907878996E1,-2.786457062E0,-6.576662445E1,-7.149401855E1,9.718234368E1
1.908883296E1,-1.870761871E0,-6.793418121E1,-6.976800537E1,9.739675200E1
1.909887796E1,-1.355831146E0,-6.797315979E1,-6.970788574E1,9.737236808E1
1.910892096E1,-9.078674316E-1,-6.797377777E1,-7.025354004E1,9.775898207E1
1.911896496E1,-4.579658508E-1,-6.795981598E1,-7.101184082E1,9.829256257E1
1.912900796E1,1.054954529E-1,-6.799703979E1,-7.108020020E1,9.836667835E1
1.913905196E1,7.721023560E-1,-6.831346893E1,-7.180462646E1,9.911221197E1
1.914909496E1,2.749591827E0,-6.592439270E1,-7.001705933E1,9.620797475E1
1.915913896E1,3.175060272E0,-6.631358337E1,-7.025643921E1,9.666198631E1
1.916918196E1,3.785625458E0,-6.638394165E1,-7.087326050E1,9.718115930E1
1.917922496E1,4.408546448E0,-6.682926941E1,-7.065768433E1,9.735550773E1
1.918926896E1,5.158771515E0,-6.666098022E1,-7.136837769E1,9.779439934E1
1.919931196E1,5.528720856E0,-6.723556519E1,-7.151864624E1,9.831635032E1
1.920935596E1,6.333454132E0,-6.685324097E1,-7.166549683E1,9.821105795E1
1.921939896E1,7.011142731E0,-6.736334229E1,-7.189077759E1,9.876871928E1
1.922944296E1,7.642673492E0,-6.717729187E1,-7.193270874E1,9.871936785E1
1.923948596E1,8.367595673E0,-6.755618286E1,-7.218075562E1,9.921651063E1
1.924952996E1,9.140384674E0,-6.754740906E1,-7.270486450E1,9.966040550E1
1.925957296E1,9.689365387E0,-6.764955139E1,-7.246408081E1,9.960616754E1
1.926961696E1,1.066773605E1,-6.768022156E1,-7.268026733E1,9.988410405E1
1.927965996E1,1.146554184E1,-6.782633972E1,-7.285354614E1,1.001973562E2
1.928970396E1,1.211231613E1,-6.820005798E1,-7.243460083E1,1.002233880E2
1.929974696E1,1.278910446E1,-6.831010437E1,-7.298654175E1,1.007812821E2
1.930979096E1,1.351753616E1,-6.871368408E1,-7.296829224E1,1.011368668E2
1.931983396E1,1.419892502E1,-6.895652008E1,-7.343460083E1,1.017312721E2
1.932987696E1,1.481803513E1,-6.943447113E1,-7.358670044E1,1.022532270E2
1.933992096E1,9.330219269E0,-7.121003723E1,-7.849542236E1,1.063929214E2
1.934996396E1,9.791233063E0,-7.163069153E1,-7.902813721E1,1.071086863E2
1.936000796E1,1.015450668E1,-7.196430206E1,-7.894262695E1,1.073029036E2
1.937005096E1,1.049998856E1,-7.254176331E1,-7.977648926E1,1.083367224E2
1.938009496E1,1.097082901E1,-7.282862854E1,-8.043377686E1,1.090594365E2
1.939013796E1,1.129050064E1,-7.312428284E1,-8.063018799E1,1.094342879E2
1.940018196E1,1.156677628E1,-7.299401855E1,-8.175646973E1,1.102090622E2
1.941022496E1,1.162454605E1,-7.282618713E1,-8.194537354E1,1.102444005E2
1.942026896E1,2.457818985E1,-7.200001526E1,-7.693420410E1,1.081987124E2
1.943031196E1,2.497372055E1,-7.150865173E1,-7.749792480E1,1.083655957E2
1.944035596E1,2.560533524E1,-7.093740845E1,-7.792034912E1,1.084404441E2
1.945039896E1,2.630893326E1,-7.052572632E1,-7.773419189E1,1.082064815E2
1.946044296E1,2.470923996E1,-7.019447327E1,-7.734277344E1,1.073299363E2
1.947048596E1,2.537896347E1,-6.994682312E1,-7.770904541E1,1.075887800E2
1.948052996E1,2.589100266E1,-7.022390747E1,-7.678033447E1,1.072238824E2
1.949057296E1,2.636823654E1,-7.024513245E1,-7.719384766E1,1.076501400E2
1.950061596E1,2.665487289E1,-7.057658386E1,-7.749737549E1,1.081544250E2
1.951065996E1,2.690960312E1,-7.061860657E1,-7.802307129E1,1.086218854E2
1.952070296E1,2.723765945E1,-7.080001831E1,-7.808245850E1,1.088641493E2
1.953074696E1,2.754599380E1,-7.054802704E1,-7.777319336E1,1.085563241E2
1.954078996E1,2.787617874E1,-7.050127411E1,-7.798077393E1,1.087589633E2
1.955083396E1,2.856038284E1,-6.990060425E1,-7.758483887E1,1.082644779E2
1.956087696E1,2.061406708E1,-6.924432373E1,-7.581115723E1,1.047236730E2
1.957092096E1,2.148379517E1,-6.836007690E1,-7.598718262E1,1.044447485E2
1.958096396E1,2.210239410E1,-6.857724762E1,-7.472277832E1,1.038019668E2
1.959100796E1,2.284069061E1,-6.763197327E1,-7.523181152E1,1.037092398E2
1.960105096E1,2.379574203E1,-6.745326996E1,-7.458068848E1,1.033366346E2
1.961109496E1,2.413697433E1,-6.655191040E1,-7.468511963E1,1.029058667E2
1.962113796E1,2.436946487E1,-6.721737671E1,-7.464697266E1,1.033644865E2
1.963118196E1,2.513325119E1,-6.678643036E1,-7.524407959E1,1.037004296E2
1.964122496E1,2.519169235E1,-6.737581635E1,-7.518743896E1,1.040541829E2
1.965126796E1,2.589416122E1,-6.742063904E1,-7.556726074E1,1.045297137E2
1.966131196E1,2.620226669E1,-6.774440002E1,-7.562884521E1,1.048598338E2
1.967135496E1,2.691115952E1,-6.807658386E1,-7.564526367E1,1.052655580E2
1.968139896E1,2.743161392E1,-6.829463196E1,-7.543334961E1,1.053889958E2
1.969144196E1,2.810159683E1,-6.843286896E1,-7.537530518E1,1.056134174E2
1.970148596E1,2.871770859E1,-6.819325256E1,-7.566033936E1,1.058277536E2
1.971152896E1,2.957332230E1,-6.828297424E1,-7.544683838E1,1.059687283E2
1.972157296E1,3.031283951E1,-6.799349976E1,-7.648303223E1,1.067316189E2
1.973161596E1,3.090089035E1,-6.765270996E1,-7.670141602E1,1.068403548E2
1.974165996E1,3.164791489E1,-6.702798462E1,-7.671838379E1,1.066773249E2
1.975170296E1,3.253905106E1,-6.665248871E1,-7.725872803E1,1.070992771E2
1.976174696E1,3.330758286E1,-6.602666473E1,-7.733044434E1,1.069995942E2
1.977178996E1,3.176969528E1,-7.167189026E1,-7.437969971E1,1.080671695E2
1.978183296E1,3.277331924E1,-7.101713562E1,-7.460827637E1,1.080921778E2
1.979187696E1,3.362692642E1,-7.072456360E1,-7.410711670E1,1.078174328E2
1.980191996E1,3.442244339E1,-7.024455261E1,-7.496972656E1,1.083497193E2
1.981196396E1,3.519276047E1,-7.014241028E1,-7.490356445E1,1.084851698E2
1.982200696E1,3.575230026E1,-6.987777710E1,-7.523577881E1,1.087269659E2
1.983205096E1,3.631493759E1,-7.000178528E1,-7.577478027E1,1.093656343E2
1.984209396E1,3.710258865E1,-6.992279053E1,-7.563861084E1,1.094851505E2
1.985213796E1,3.754120255E1,-7.003903198E1,-7.601135254E1,1.099660566E2
1.986218096E1,3.810182571E1,-6.969387054E1,-7.594873047E1,1.098962892E2
1.987222496E1,3.700885773E1,-6.811747742E1,-7.292895508E1,1.064343872E2
1.988226796E1,3.750804901E1,-6.770542908E1,-7.319488525E1,1.065287290E2
1.989231196E1,3.750804901E1,-6.770542908E1,-7.319488525E1,1.065287290E2
1.990235496E1,3.830191040E1,-6.716567993E1,-7.248931885E1,1.059856889E2
1.991239896E1,3.830191040E1,-6.716567993E1,-7.248931885E1,1.059856889E2
1.992244196E1,3.858108521E1,-6.717319489E1,-7.226153564E1,1.059361495E2
1.993248496E1,3.875309753E1,-6.702541351E1,-7.181439209E1,1.056007364E2
1.994252896E1,3.892240906E1,-6.714048004E1,-7.217529297E1,1.059814649E2
1.995257196E1,3.908419800E1,-6.682521057E1,-7.220483398E1,1.058618031E2
1.996261596E1,3.910987854E1,-6.717435455E1,-7.231146240E1,1.061646085E2
1.997265896E1,3.895210266E1,-6.633291626E1,-7.291345215E1,1.059891201E2
1.998270296E1,3.913938141E1,-6.729909515E1,-7.248211670E1,1.063706568E2
1.999274596E1,3.897219086E1,-6.598599243E1,-7.317053223E1,1.059571123E2
2.000278996E1,3.924548340E1,-6.715313721E1,-7.270343018E1,1.064684956E2
2.001283296E1,3.313761139E1,-6.213054276E1,-7.350555420E1,1.017908254E2
2.002287696E1,3.314817047E1,-6.317911530E1,-7.328009033E1,1.022759671E2
2.003291996E1,3.306972504E1,-6.162374115E1,-7.348236084E1,1.014433317E2
2.004296396E1,3.265550232E1,-6.187303925E1,-7.295367432E1,1.010786496E2
2.005300696E1,3.288497925E1,-6.097917175E1,-7.321136475E1,1.007957597E2
2.006305096E1,3.262965393E1,-6.061280441E1,-7.258685303E1,1.000372811E2
2.007309396E1,3.272584534E1,-6.037747574E1,-7.283355713E1,1.001056820E2
2.008313696E1,3.269123077E1,-6.006306458E1,-7.269268799E1,9.980238065E1
2.009318096E1,3.262944031E1,-6.013591385E1,-7.252819824E1,9.970630898E1
2.010322333E1,3.271956635E1,-5.981837082E1,-7.312213135E1,9.997826565E1
2.011326733E1,3.292900848E1,-5.993453598E1,-7.314019775E1,1.001296995E2
2.012331033E1,3.292666626E1,-5.972255707E1,-7.376129150E1,1.004573407E2
2.013335433E1,3.278222656E1,-5.798359680E1,-7.376605225E1,9.938914599E1
2.014339733E1,3.299473572E1,-5.774911499E1,-7.371789551E1,9.928716425E1
2.015344133E1,3.311281586E1,-5.765187073E1,-7.413842773E1,9.958264527E1
2.016348433E1,3.328632355E1,-5.725884628E1,-7.413232422E1,9.940903534E1
2.017352833E1,3.338745117E1,-5.685502625E1,-7.424444580E1,9.929478152E1
2.018357133E1,3.365235138E1,-5.617172241E1,-7.434191895E1,9.906797699E1
2.019361433E1,3.372024536E1,-5.586278534E1,-7.397674561E1,9.864210371E1
2.020365833E1,3.387371826E1,-5.499380493E1,-7.412188721E1,9.831480831E1
2.021370133E1,3.411874390E1,-5.471601105E1,-7.404016113E1,9.818287025E1
2.022374533E1,3.217592621E1,-5.234110260E1,-7.486566162E1,9.684910190E1
2.023378833E1,3.232694244E1,-5.199295044E1,-7.560089111E1,9.728202732E1
2.024383233E1,3.236821747E1,-5.142975616E1,-7.597113037E1,9.728480853E1
2.025387533E1,3.258364868E1,-5.111791992E1,-7.665307617E1,9.772630140E1
2.026391933E1,3.299583435E1,-5.024562073E1,-7.662756348E1,9.739163707E1
2.027396233E1,3.329010010E1,-4.999307251E1,-7.609631348E1,9.694424680E1
2.028400633E1,3.356974792E1,-4.933449554E1,-7.607830811E1,9.668882764E1
2.029404933E1,3.381152344E1,-4.906535339E1,-7.600500488E1,9.657840746E1
2.030409333E1,3.398654938E1,-4.846876526E1,-7.600177002E1,9.633574513E1
2.031413633E1,3.394599152E1,-4.826035309E1,-7.590521240E1,9.614048726E1
2.032417933E1,3.366936493E1,-4.779241943E1,-7.547967529E1,9.547210521E1
2.033422333E1,3.397875977E1,-4.784349060E1,-7.556262207E1,9.567270019E1
2.034426633E1,3.381732178E1,-4.745336914E1,-7.538629150E1,9.528130164E1
2.035431033E1,3.408535004E1,-4.793802643E1,-7.551245117E1,9.571831458E1
2.036435333E1,3.366899872E1,-4.728992462E1,-7.566412354E1,9.536769912E1
2.037439733E1,3.398313141E1,-4.831771851E1,-7.513604736E1,9.557657012E1
2.038444033E1,3.384445190E1,-4.715544128E1,-7.557952881E1,9.529610560E1
2.039448433E1,3.391827393E1,-4.851540375E1,-7.525897217E1,9.575023028E1
2.040452733E1,3.391827393E1,-4.851540375E1,-7.525897217E1,9.575023028E1
2.041457133E1,3.377264404E1,-4.695238495E1,-7.500213623E1,9.471239822E1
2.042461433E1,3.378392792E1,-4.856180573E1,-7.513427734E1,9.562825102E1
2.043465833E1,3.400099945E1,-4.758781433E1,-7.518853760E1,9.525746282E1
2.044470133E1,3.400409698E1,-4.874052429E1,-7.522222900E1,9.586605790E1
2.045474433E1,3.437055206E1,-4.848777771E1,-7.540222168E1,9.600986653E1
2.046478833E1,3.436286926E1,-4.880203247E1,-7.467114258E1,9.559406201E1
2.047483133E1,3.450086975E1,-4.890104675E1,-7.489392090E1,9.586825217E1
2.048487533E1,3.437757111E1,-4.883742523E1,-7.498840332E1,9.586538547E1
2.049491833E1,3.437517548E1,-4.884057617E1,-7.489703369E1,9.579467744E1
2.050496233E1,3.424639130E1,-4.864630127E1,-7.512817383E1,9.583068635E1
2.051500533E1,3.435903168E1,-4.889685059E1,-7.497930908E1,9.588191615E1
2.052504933E1,3.416352844E1,-4.846729279E1,-7.559417725E1,9.607655687E1
2.053509233E1,3.410903931E1,-4.830746460E1,-7.581433105E1,9.615014556E1
2.054513633E1,2.948796082E1,-4.599468994E1,-7.613345337E1,9.370887929E1
2.055517933E1,2.929354858E1,-4.596567535E1,-7.673812866E1,9.412595652E1
2.056522233E1,2.900475311E1,-4.567198944E1,-7.660781860E1,9.378680181E1
2.057526633E1,2.892500305E1,-4.572407532E1,-7.698916626E1,9.409930173E1
2.058530933E1,2.889480591E1,-4.555876160E1,-7.724307251E1,9.421784766E1
2.059535333E1,2.886766815E1,-4.571714020E1,-7.703787231E1,9.411818604E1
2.060539633E1,2.866349792E1,-4.547727966E1,-7.739114380E1,9.422933841E1
2.061544033E1,2.865599823E1,-4.559423065E1,-7.724618530E1,9.416460719E1
2.062548333E1,2.861257172E1,-4.530067444E1,-7.717953491E1,9.395483476E1
2.063552733E1,2.861737823E1,-4.535566711E1,-7.764321899E1,9.436397794E1
2.064557033E1,2.862461853E1,-4.519344330E1,-7.761557007E1,9.426554418E1
2.065561433E1,2.850722504E1,-4.512071228E1,-7.822482300E1,9.469774807E1
2.066565733E1,2.828920746E1,-4.465705872E1,-7.820870972E1,9.439880522E1
2.067570133E1,2.961225891E1,-4.485131073E1,-7.739880371E1,9.422898051E1
2.068574433E1,2.960872650E1,-4.433330536E1,-7.793139648E1,9.442150818E1
2.069578733E1,2.960842896E1,-4.432399750E1,-7.776043701E1,9.427598519E1
2.070583133E1,2.951723480E1,-4.395204163E1,-7.832684326E1,9.454175527E1
2.071587433E1,2.946156311E1,-4.397908783E1,-7.842742920E1,9.462032297E1
2.072591833E1,2.958489990E1,-4.379054260E1,-7.784924316E1,9.409241513E1
2.073596133E1,2.971170807E1,-4.376963806E1,-7.836450195E1,9.454925689E1
2.074600533E1,2.944120026E1,-4.325292969E1,-7.839324951E1,9.425020832E1
2.075604833E1,2.961701202E1,-4.329842377E1,-7.840820312E1,9.433857758E1
2.076609233E1,2.908690643E1,-4.177555847E1,-7.902368164E1,9.399993442E1
2.077613533E1,2.921557617E1,-4.219638824E1,-7.910791016E1,9.429817878E1
2.078617933E1,2.888600922E1,-4.026918793E1,-7.984558105E1,9.397513415E1
2.079622233E1,3.314888763E1,-4.109001160E1,-8.101660156E1,9.670019407E1
2.080626533E1,3.276199341E1,-3.918986511E1,-8.106372070E1,9.581503303E1
2.081630933E1,3.292020416E1,-4.013661957E1,-8.155059814E1,9.667051324E1
2.082635233E1,3.284530640E1,-3.861450958E1,-8.166253662E1,9.611797121E1
2.083639633E1,3.259658051E1,-3.890669250E1,-8.168084717E1,9.616667082E1
2.084643933E1,3.270913696E1,-3.815325928E1,-8.198132324E1,9.615870317E1
2.085648333E1,3.254482269E1,-3.789982605E1,-8.173254395E1,9.579024501E1
2.086652633E1,3.253511047E1,-3.744931030E1,-8.250604248E1,9.627165368E1
2.087657033E1,3.241955566E1,-3.711325836E1,-8.270416260E1,9.627253007E1
2.088661333E1,3.241955566E1,-3.711325836E1,-8.270416260E1,9.627253007E1
2.089665733E1,3.222295380E1,-3.694899750E1,-8.312658691E1,9.650687343E1
2.090670033E1,3.203282166E1,-3.623492432E1,-8.427709961E1,9.716841525E1
2.091674333E1,3.166307068E1,-3.588606262E1,-8.480920410E1,9.738049412E1
2.092678733E1,3.104694366E1,-3.499868011E1,-8.543750000E1,9.740835040E1
2.093683033E1,3.053041840E1,-3.444654083E1,-8.551702881E1,9.711762373E1
2.094687433E1,2.985445404E1,-3.360202026E1,-8.522808838E1,9.635461193E1
2.095691733E1,2.893002319E1,-3.308557129E1,-8.570721436E1,9.631888632E1
2.096696133E1,2.798835754E1,-3.246245575E1,-8.582464600E1,9.593241919E1
2.097700433E1,2.700370026E1,-3.201765442E1,-8.648272705E1,9.609158184E1
2.098704833E1,2.564532471E1,-3.143764496E1,-8.704321289E1,9.603399976E1
2.099709133E1,-1.220630646E1,-3.925058746E1,-8.780715942E1,9.695204887E1
2.100713533E1,-1.351837921E1,-3.858819580E1,-8.835202026E1,9.735437800E1
2.101717833E1,-1.502801514E1,-3.826567841E1,-8.797799683E1,9.710937807E1
2.102722133E1,-1.631111145E1,-3.755805969E1,-8.784243774E1,9.691725374E1
2.103726533E1,-1.778121185E1,-3.702851105E1,-8.825570679E1,9.734655570E1
2.104730833E1,-1.923596954E1,-3.618563080E1,-8.747610474E1,9.659964441E1
2.105735233E1,-2.236904907E1,-6.510073090E1,-8.678283691E1,1.107688598E2
2.106739533E1,-2.389482117E1,-6.396229553E1,-8.635308838E1,1.100863007E2
2.107743933E1,-2.527744293E1,-6.297171021E1,-8.568658447E1,1.093003942E2
2.108748233E1,-2.650081635E1,-6.160615540E1,-8.582623291E1,1.089208607E2
2.109752633E1,-2.168536377E1,-3.880575562E1,-8.463964844E1,9.560340872E1
2.110756963E1,-2.312421417E1,-3.760607910E1,-8.438482666E1,9.523521112E1
2.111761363E1,-2.424558258E1,-3.663568878E1,-8.416802979E1,9.494355800E1
2.112765663E1,-2.527035522E1,-3.567153931E1,-8.317980957E1,9.396770876E1
2.113769963E1,-2.651070404E1,-3.492258453E1,-8.339727783E1,9.422054070E1
2.114774363E1,-2.775561523E1,-3.401795959E1,-8.288317871E1,9.379348093E1
2.115778663E1,-2.910614777E1,-3.345008850E1,-8.246844482E1,9.363290367E1
2.116783063E1,-3.024330902E1,-3.240536499E1,-8.214636230E1,9.334232834E1
2.117787363E1,-3.098265839E1,-3.234201050E1,-8.119000244E1,9.272403820E1
2.118791763E1,-2.554472351E1,-1.136965942E1,-7.766275024E1,8.254274547E1
2.119796063E1,-2.620152283E1,-1.178232574E1,-7.698898315E1,8.217448829E1
2.120800463E1,-2.748077393E1,-1.048011017E1,-7.591427612E1,8.141254795E1
2.121804763E1,-2.834126282E1,-1.077352905E1,-7.592245483E1,8.175276909E1
2.122809063E1,-2.937741089E1,-9.726051331E0,-7.506838989E1,8.119662250E1
2.123813463E1,-3.012139893E1,-9.868194580E0,-7.540518188E1,8.179621869E1
2.124817763E1,-3.075926208E1,-9.355026245E0,-7.535507202E1,8.192701386E1
2.125822163E1,-3.155368042E1,-9.535469055E0,-7.487503052E1,8.180971894E1
2.126826463E1,-1.429220581E1,1.165422058E1,-6.244293213E1,6.510919887E1
2.127830863E1,-1.497360229E1,1.165414429E1,-6.250994873E1,6.532626987E1
2.128835163E1,-1.564212799E1,1.154644775E1,-6.283599854E1,6.577506622E1
2.129839563E1,-1.629598999E1,1.167970276E1,-6.318939209E1,6.629384601E1
2.130843863E1,-1.451716614E1,1.833168793E1,-5.948840332E1,6.391923830E1
2.131848263E1,-1.515027237E1,1.862268829E1,-6.009509277E1,6.471286926E1
2.132852563E1,-1.597936249E1,1.879228210E1,-6.023626709E1,6.509145693E1
2.133856863E1,-1.635712814E1,1.904543304E1,-6.030340576E1,6.532063156E1
2.134861263E1,-6.579204559E0,2.703752136E1,-5.672186279E1,6.317976901E1
2.135865563E1,-6.956195831E0,2.728067780E1,-5.697192383E1,6.354859673E1
2.136869963E1,-4.253093719E0,2.854026794E1,-5.712011719E1,6.399487079E1
2.137874263E1,-4.253093719E0,2.854026794E1,-5.712011719E1,6.399487079E1
2.138878663E1,-2.975063324E0,3.140555573E1,-5.711663818E1,6.524929340E1
2.139882963E1,-3.808147430E0,3.146804810E1,-5.756573486E1,6.571570488E1
2.140887363E1,-4.721736908E0,3.171907806E1,-5.893884277E1,6.709830028E1
2.141891663E1,-5.883392334E0,3.193396759E1,-5.991986084E1,6.815263982E1
2.142895963E1,-2.380329132E0,4.066487122E1,-6.033959961E1,7.280223210E1
2.143900363E1,-3.446792603E0,4.063791656E1,-6.136834717E1,7.368442628E1
2.144904663E1,-4.224170685E0,4.071731567E1,-6.172808838E1,7.406821389E1
2.145909063E1,-4.762485504E0,4.073694611E1,-6.298028564E1,7.515781015E1
2.146913363E1,-4.551952362E0,4.571112442E1,-6.196588135E1,7.713622766E1
2.147917763E1,-5.046188354E0,4.530198288E1,-6.253613281E1,7.738540933E1
2.148922063E1,-5.643501282E0,4.512080765E1,-6.389508057E1,7.842396133E1
2.149926463E1,-6.589321136E0,4.478266525E1,-6.468261719E1,7.894774998E1
2.150930763E1,-7.885257721E0,5.081552124E1,-6.519665527E1,8.303612676E1
2.151935063E1,-8.982799530E0,5.056914520E1,-6.604193115E1,8.366281016E1
2.152939463E1,-1.019297791E1,5.044187927E1,-6.594976807E1,8.365196884E1
2.153943763E1,-1.142665863E1,5.036821747E1,-6.701245117E1,8.460611367E1
2.154948163E1,-1.260403824E1,5.036286163E1,-6.735778809E1,8.504323152E1
2.155952463E1,-1.340284348E1,5.019975281E1,-6.779553223E1,8.541595627E1
2.156956863E1,-1.453906631E1,5.042109680E1,-6.830035400E1,8.613135207E1
2.157961163E1,-1.525193024E1,5.021214294E1,-6.844110107E1,8.624421715E1
2.158965563E1,-1.290729904E1,6.347488403E1,-7.028607178E1,9.558133268E1
2.159969863E1,-1.363922882E1,6.313657379E1,-7.031927490E1,9.548327569E1
2.160974263E1,-1.522060776E1,6.407145691E1,-7.030108643E1,9.632788404E1
2.161978563E1,-1.605086899E1,6.397364807E1,-7.086700439E1,9.681110657E1
2.162982863E1,-1.773442078E1,6.485926056E1,-7.083825684E1,9.766929913E1
2.163987263E1,-1.902234268E1,6.501078796E1,-7.079132080E1,9.797787084E1
2.164991563E1,-2.039718628E1,6.558883667E1,-7.110260010E1,9.886111695E1
2.165995963E1,-2.153347397E1,6.574034882E1,-7.072222900E1,9.892986222E1
2.167000263E1,-2.240047836E1,6.595669556E1,-7.111230469E1,9.954409574E1
2.168004663E1,-2.338129044E1,6.587765503E1,-7.058880615E1,9.934450024E1
2.169008963E1,-2.407227898E1,6.574415588E1,-7.061187744E1,9.943744709E1
2.170013363E1,-1.872126007E1,7.757765198E1,-7.691522217E1,1.108364970E2
2.171017663E1,-1.944925499E1,7.747924805E1,-7.628430176E1,1.104563357E2
2.172021963E1,-2.021401787E1,7.757885742E1,-7.617370605E1,1.105871563E2
2.173026363E1,-2.094552422E1,7.738520050E1,-7.537866211E1,1.100414783E2
2.174030663E1,-2.147342491E1,7.737026978E1,-7.469989014E1,1.096692309E2
2.175035063E1,-2.187544823E1,7.728626251E1,-7.510308838E1,1.099644283E2
2.176039363E1,-2.201190758E1,7.688059998E1,-7.428924561E1,1.091514670E2
2.177043763E1,-2.211200523E1,7.656385803E1,-7.431604004E1,1.089671461E2
2.178048063E1,-2.220091438E1,7.629003906E1,-7.389819336E1,1.085080349E2
2.179052463E1,-2.216526413E1,7.583224487E1,-7.291937256E1,1.075130838E2
2.180056763E1,-2.197300529E1,7.556536865E1,-7.271325684E1,1.071454881E2
2.181061063E1,-2.188279915E1,7.488428497E1,-7.202398682E1,1.061789419E2
2.182065463E1,-1.681109047E1,7.086318970E1,-6.963500977E1,1.007632820E2
2.183069763E1,-1.635015678E1,7.015423584E1,-6.884393311E1,9.964151524E1
2.184074163E1,-1.565617371E1,6.935066223E1,-6.780584717E1,9.824593140E1
2.185078463E1,-1.471233368E1,6.830879211E1,-6.704870605E1,9.684045036E1
2.186082863E1,-1.364198303E1,6.746711731E1,-6.570812988E1,9.516025405E1
2.187087163E1,-1.364198303E1,6.746711731E1,-6.570812988E1,9.516025405E1
2.188091563E1,1.430015564E-1,6.023439026E1,-8.381594849E1,1.032148993E2
2.189095863E1,1.315559387E0,5.904016876E1,-8.318673706E1,1.020171821E2
2.190100163E1,3.066230774E0,5.778698730E1,-8.137063599E1,9.984947708E1
2.191104563E1,4.525596619E0,5.660221863E1,-8.025534058E1,9.831180941E1
2.192108863E1,1.662115097E1,5.232289886E1,-1.013711853E2,1.152825469E2
2.193113263E1,1.837031555E1,5.081329346E1,-9.919754028E1,1.129584494E2
2.194117563E1,2.026447296E1,4.920938873E1,-9.836044312E1,1.118346528E2
2.195121963E1,2.198426437E1,4.768544006E1,-9.628054810E1,1.096683775E2
2.196126263E1,3.739860153E1,4.139111710E1,-1.068251953E2,1.205134944E2
2.197130563E1,3.933783340E1,4.012020493E1,-1.053020020E2,1.193549647E2
2.198134963E1,4.425272369E1,3.721322250E1,-1.043178101E2,1.192700003E2
2.199139263E1,4.556146622E1,3.608433151E1,-1.029360352E2,1.182106320E2
2.200143663E1,5.020135880E1,3.348042679E1,-1.008509521E2,1.175245930E2
2.201147963E1,5.151971436E1,3.249806595E1,-9.879302979E1,1.160623453E2
2.202152363E1,5.530148315E1,3.018371582E1,-9.502856445E1,1.140163971E2
2.203156662E1,5.660152435E1,2.921498108E1,-9.278710938E1,1.125464142E2
2.204161063E1,6.007217407E1,2.693787766E1,-8.624432373E1,1.085006854E2
2.205165363E1,6.127690887E1,2.600378799E1,-8.422650146E1,1.073552984E2
2.206169663E1,6.465326691E1,2.459606934E1,-7.824621582E1,1.044388905E2
2.207174063E1,6.551416016E1,2.364852142E1,-7.627355957E1,1.032909175E2
2.208178363E1,6.768569946E1,2.248513031E1,-7.061691284E1,1.003677407E2
2.209182763E1,6.824055481E1,2.146896362E1,-6.909671021E1,9.945876070E1
2.210187083E1,6.961692047E1,2.035713959E1,-6.493936157E1,9.735527428E1
2.211191483E1,6.996550751E1,1.952560425E1,-6.280038452E1,9.602244403E1
2.212195783E1,7.169841003E1,1.832543945E1,-5.966625977E1,9.506075051E1
2.213200183E1,7.214833832E1,1.742330170E1,-5.777099609E1,9.405552697E1
2.214204483E1,7.255541992E1,1.665413666E1,-5.582464600E1,9.304859122E1
2.215208783E1,7.401895142E1,1.526407623E1,-5.264895630E1,9.210705614E1
2.216213183E1,7.413017273E1,1.443245697E1,-5.098141479E1,9.111905935E1
2.217217483E1,7.458798218E1,1.314341736E1,-4.744839478E1,8.937262820E1
2.218221883E1,7.454907990E1,1.256224060E1,-4.587313843E1,8.842918088E1
2.219226183E1,7.462963104E1,1.184983826E1,-4.429483032E1,8.759013923E1
2.220230583E1,7.453885651E1,1.127794647E1,-4.366409302E1,8.711937916E1
2.221234883E1,7.477659607E1,8.994449615E0,-3.628936768E1,8.360237826E1
2.222239283E1,7.508174896E1,8.389739990E0,-3.533508301E1,8.340398585E1
2.223243583E1,7.483916473E1,7.856925964E0,-3.434075928E1,8.271589697E1
2.224247883E1,7.465307617E1,7.371635437E0,-3.299969482E1,8.195366160E1
2.225252283E1,7.561376953E1,5.610149384E0,-2.981100464E1,8.147154053E1
2.226256583E1,7.569599915E1,5.109123230E0,-2.850259399E1,8.104557540E1
2.227260983E1,7.564039612E1,4.582096100E0,-2.756387329E1,8.063642006E1
2.228265283E1,7.579450989E1,4.248142242E0,-2.693527222E1,8.055037760E1
2.229269683E1,7.560269928E1,3.297172546E0,-2.432760620E1,7.948881625E1
2.230273983E1,7.561258698E1,2.790260315E0,-2.367904663E1,7.928269743E1
2.231278383E1,7.555281830E1,2.468231201E0,-2.279196167E1,7.895437945E1
2.232282683E1,7.547402191E1,2.035747528E0,-2.161459351E1,7.853446953E1
2.233286983E1,7.566340637E1,1.396308899E0,-1.887118530E1,7.799373293E1
2.234291383E1,7.542601776E1,9.083480835E-1,-1.776980591E1,7.749629187E1
2.235295683E1,7.550367737E1,5.112953186E-1,-1.741088867E1,7.748681025E1
2.236300083E1,7.550367737E1,5.112953186E-1,-1.741088867E1,7.748681025E1
2.237304383E1,7.481785583E1,-5.817565918E-1,-1.586672974E1,7.648400555E1
2.238308783E1,7.461025238E1,-9.156417847E-1,-1.466815186E1,7.604395334E1
2.239313083E1,7.440982819E1,-1.155338287E0,-1.439379883E1,7.579801305E1
2.240317383E1,7.445653534E1,-1.473163605E0,-1.362747192E1,7.570768691E1
2.241321783E1,7.431485748E1,-1.719902039E0,-1.274462891E1,7.541937199E1
2.242326083E1,7.435063171E1,-1.905147552E0,-1.277676392E1,7.546450636E1
2.243330483E1,7.510525513E1,-1.813823700E0,-1.025823975E1,7.582427571E1
2.244334783E1,7.505001831E1,-1.849948883E0,-1.009442139E1,7.574843168E1
2.245339183E1,7.516830444E1,-1.897979736E0,-9.223815918E0,7.575589152E1
2.246343483E1,7.502269745E1,-2.058448792E0,-8.210540771E0,7.549871074E1
2.247347883E1,7.452661133E1,-2.224159241E0,-7.472991943E0,7.493335899E1
2.248352183E1,7.451828003E1,-2.349113464E0,-6.543945312E0,7.484193753E1
2.249356483E1,7.441125488E1,-2.450717926E0,-5.972808838E0,7.469079807E1
2.250360883E1,7.434687042E1,-2.483413696E0,-5.521789551E0,7.459299327E1
2.251365183E1,7.443489838E1,-2.377601624E0,-3.817749023E0,7.457065303E1
2.252369583E1,7.421921539E1,-2.578437805E0,-3.517028809E0,7.434722434E1
2.253373883E1,7.401662445E1,-2.815319061E0,-2.808135986E0,7.412335896E1
2.254378283E1,7.397875214E1,-2.957263947E0,-2.153472900E0,7.406914758E1
2.255382583E1,7.377717590E1,-3.205566406E0,-2.135650635E0,7.387765795E1
2.256386883E1,7.369621277E1,-3.407623291E0,-1.421386719E0,7.378864420E1
2.257391283E1,7.312902832E1,-3.952980042E0,-6.516723633E-1,7.323868862E1
2.258395583E1,7.285694122E1,-4.137329102E0,-6.536865234E-2,7.297434926E1
2.259399983E1,7.280335999E1,-4.241275787E0,9.897155762E-1,7.293351207E1
2.260404283E1,7.257054138E1,-4.490653992E0,1.126373291E0,7.271807318E1
2.261408683E1,7.234203339E1,-4.823143005E0,1.785949707E0,7.252463112E1
2.262412983E1,7.225476074E1,-4.957138062E0,2.235412598E0,7.245909699E1
2.263417283E1,7.212670898E1,-5.131034851E0,2.477111816E0,7.235140462E1
2.264421683E1,7.176998901E1,-5.679016113E0,4.194427490E0,7.211640430E1
2.265425983E1,7.164524078E1,-5.948429108E0,4.372680664E0,7.202461157E1
2.266430383E1,7.150517273E1,-6.055767059E0,5.410919189E0,7.196485315E1
2.267434683E1,7.123222351E1,-6.204406738E0,5.933471680E0,7.174768578E1
2.268439083E1,7.101614380E1,-6.369899750E0,5.938629150E0,7.154813498E1
2.269443383E1,7.062713623E1,-6.733333588E0,6.498260498E0,7.124435095E1
2.270447783E1,7.049095154E1,-6.773410797E0,7.954772949E0,7.126101147E1
2.271452083E1,7.010494995E1,-7.032546997E0,8.438079834E0,7.096028408E1
2.272456383E1,6.989121246E1,-7.304347992E0,8.974243164E0,7.084258691E1
2.273460783E1,6.952197266E1,-7.402030945E0,8.839141846E0,7.047144934E1
2.274465083E1,6.908029175E1,-7.500614166E0,9.708465576E0,7.016124446E1
2.275469483E1,6.890428925E1,-7.456493378E0,1.000274658E1,7.002467643E1
2.276473783E1,6.866659546E1,-7.526855469E0,1.007904053E1,6.980932562E1
2.277478183E1,6.825495148E1,-7.509254456E0,1.111950684E1,6.956127325E1
2.278482483E1,6.837501526E1,-7.384624481E0,1.293460083E1,6.997842017E1
2.279486783E1,6.821300507E1,-7.516319275E0,1.365823364E1,6.997182620E1
2.280491183E1,6.798629761E1,-7.666870117E0,1.408160400E1,6.985133593E1
2.281495483E1,6.772760010E1,-7.786064148E0,1.411111450E1,6.961877737E1
2.282499883E1,6.753387451E1,-8.055271149E0,1.432315063E1,6.950441888E1
2.283504183E1,6.701847839E1,-8.237678528E0,1.421997070E1,6.900393728E1
2.284508583E1,6.578831482E1,-8.663967133E0,1.466711426E1,6.795800861E1
2.285512883E1,6.578831482E1,-8.663967133E0,1.466711426E1,6.795800861E1
2.286517283E1,6.539215088E1,-8.924888611E0,1.530657959E1,6.775011743E1
2.287521583E1,6.492478180E1,-9.034889221E0,1.510733032E1,6.726877392E1
2.288525883E1,6.477911377E1,-9.165214539E0,1.538955688E1,6.720991891E1
2.289530283E1,6.442321014E1,-9.195724487E0,1.550982666E1,6.689892433E1
2.290534583E1,6.444499207E1,-9.239654541E0,1.539584351E1,6.689962792E1
2.291538983E1,6.413561249E1,-9.416587830E0,1.591961670E1,6.674940533E1
2.292543283E1,6.388275909E1,-9.470874786E0,1.555654907E1,6.642823645E1
2.293547683E1,6.368537140E1,-9.590431213E0,1.593011475E1,6.634434005E1
2.294551983E1,6.366055298E1,-9.709873199E0,1.632901001E1,6.643481174E1
2.295556283E1,6.338761139E1,-9.799682617E0,1.594195557E1,6.609212513E1
2.296560683E1,6.286655426E1,-1.175349808E1,1.632308960E1,6.600599682E1
2.297564983E1,6.263908386E1,-1.177931976E1,1.593374634E1,6.569848913E1
2.298569383E1,6.251185989E1,-1.184204483E1,1.586828613E1,6.557262507E1
2.299573683E1,6.225415421E1,-1.187892532E1,1.616564941E1,6.540655016E1
2.300578083E1,6.231265259E1,-1.187982559E1,1.572161865E1,6.535415994E1
2.301582383E1,6.215314102E1,-1.184175491E1,1.617321777E1,6.530553630E1
2.302586683E1,6.212739182E1,-1.180407715E1,1.579055786E1,6.518044775E1
2.303591083E1,6.205664062E1,-1.175666809E1,1.579202271E1,6.510479146E1
2.304595383E1,6.059478760E1,-1.425601959E1,1.500384521E1,6.403184950E1
2.305599783E1,6.066138077E1,-1.421100616E1,1.468914795E1,6.401192764E1
2.306604083E1,6.064030457E1,-1.425723648E1,1.473855591E1,6.401359512E1
2.307608483E1,6.071448517E1,-1.431189728E1,1.491787720E1,6.413752547E1
2.308612783E1,6.050533295E1,-1.424092484E1,1.472998047E1,6.388013447E1
2.309617083E1,6.038228607E1,-1.415559006E1,1.507000732E1,6.382402621E1
2.310621413E1,6.034542465E1,-1.422836685E1,1.468438721E1,6.371536649E1
2.311625713E1,6.034593582E1,-1.410725784E1,1.442990112E1,6.363072167E1
2.312630113E1,6.030124664E1,-1.401338577E1,1.491052246E1,6.367840299E1
2.313634413E1,6.037588882E1,-1.384719467E1,1.436422729E1,6.358713531E1
2.314638813E1,6.028500366E1,-1.394061279E1,1.481759644E1,6.362533706E1
2.315643113E1,5.926235580E1,-1.590079880E1,1.290814209E1,6.270153387E1
2.316647413E1,5.930437851E1,-1.600382233E1,1.262344360E1,6.270951258E1
2.317651812E1,5.941722488E1,-1.618401718E1,1.251547241E1,6.284079944E1
2.318656113E1,5.938182831E1,-1.634499359E1,1.177206421E1,6.270519791E1
2.319660513E1,5.930488205E1,-1.657658005E1,1.207763672E1,6.275126572E1
2.320664813E1,5.938650894E1,-1.670451736E1,1.208032227E1,6.286280721E1
2.321669213E1,5.876516342E1,-1.680276108E1,1.147222900E1,6.218753292E1
2.322673513E1,5.875899124E1,-1.703852844E1,1.140704346E1,6.223384243E1
2.323677913E1,5.881558990E1,-1.721535873E1,1.076635742E1,6.222183414E1
2.324682213E1,5.896512604E1,-1.743001556E1,1.088385010E1,6.244317196E1
2.325686513E1,5.797764587E1,-1.839799500E1,1.016070557E1,6.166955147E1
2.326690913E1,5.794913864E1,-1.877316666E1,9.191070557E0,6.160365438E1
2.327695213E1,5.781597900E1,-1.929340363E1,9.085662842E0,6.162363281E1
2.328699613E1,5.741882324E1,-1.975448990E1,8.499084473E0,6.131391009E1
2.329703913E1,5.655443192E1,-2.090756989E1,6.949432373E0,6.069452082E1
2.330708313E1,5.641281891E1,-2.138030243E1,6.965118408E0,6.072920503E1
2.331712613E1,5.570722580E1,-2.176265335E1,6.111663818E0,6.011872023E1
2.332716913E1,5.552423096E1,-2.235159683E1,6.049865723E0,6.015924683E1
2.333721313E1,5.521600342E1,-2.276393509E1,5.422149658E0,5.997002152E1
2.334725613E1,5.521600342E1,-2.276393509E1,5.422149658E0,5.997002152E1
2.335730013E1,5.508252716E1,-2.329900742E1,4.337615967E0,5.996451832E1
2.336734313E1,5.496861649E1,-2.383977127E1,4.069091797E0,6.005365102E1
2.337738713E1,5.513740540E1,-2.410383224E1,3.606536865E0,6.028378978E1
2.338743013E1,5.502924347E1,-2.466793060E1,3.135803223E0,6.038673446E1
2.339747313E1,5.487874603E1,-2.535426712E1,2.948608398E0,6.052445720E1
2.340751713E1,5.456640625E1,-2.599924850E1,2.133636475E0,6.048145185E1
2.341756013E1,5.345886993E1,-2.622923279E1,1.849304199E0,5.957552646E1
2.342760413E1,5.307267380E1,-2.686480713E1,1.021362305E0,5.949344289E1
2.343764713E1,5.266107178E1,-2.745104980E1,2.038574219E-1,5.938678451E1
2.344769113E1,5.222201920E1,-2.815802002E1,-2.954101562E-1,5.933043610E1
2.345773413E1,5.204883194E1,-2.859877014E1,-1.164611816E0,5.939972122E1
2.346777713E1,5.180759811E1,-2.928045654E1,-1.834533691E0,5.953770126E1
2.347782113E1,5.139715195E1,-2.962570572E1,-2.333770752E0,5.936999371E1
2.348786413E1,5.111036301E1,-3.038702393E1,-3.522094727E0,5.956547306E1
2.349790813E1,5.109451675E1,-3.113716888E1,-4.062652588E0,5.997231090E1
2.350795113E1,5.080392075E1,-3.165858841E1,-5.485076904E0,6.011148519E1
2.351799513E1,5.061243057E1,-3.240352249E1,-6.498992920E0,6.044702894E1
2.352803813E1,5.043925476E1,-3.296626282E1,-7.347900391E0,6.070324987E1
2.353808113E1,5.029125214E1,-3.320802307E1,-8.302185059E0,6.083509772E1
2.354812513E1,5.007696533E1,-3.370754242E1,-9.202056885E0,6.106208909E1
2.355816813E1,5.011774826E1,-3.414898682E1,-1.026385498E1,6.150844422E1
2.356821213E1,4.996636963E1,-3.452264404E1,-1.131549072E1,6.177775794E1
2.357825513E1,4.978170776E1,-3.471796417E1,-1.175036621E1,6.181930581E1
2.358829913E1,4.948292160E1,-3.482973480E1,-1.322332764E1,6.193969931E1
2.359834213E1,4.928049469E1,-3.557615662E1,-1.460708618E1,6.251077542E1
2.360838513E1,4.892996216E1,-3.571399689E1,-1.592837524E1,6.263660199E1
2.361842913E1,4.879391479E1,-3.574480438E1,-1.768276978E1,6.301759681E1
2.362847213E1,4.877025986E1,-3.633338928E1,-1.861575317E1,6.360188432E1
2.363851613E1,4.892321396E1,-3.620336533E1,-2.022915649E1,6.413566323E1
2.364855913E1,4.872349548E1,-3.646741486E1,-2.075131226E1,6.429983141E1
2.365860313E1,4.868862152E1,-3.645106888E1,-2.157553101E1,6.453499691E1
2.366864613E1,4.861351776E1,-3.613821411E1,-2.322683716E1,6.487473000E1
2.367868912E1,4.847231674E1,-3.598162460E1,-2.408261108E1,6.499396092E1
2.368873313E1,4.841645432E1,-3.628358459E1,-2.481420898E1,6.539416279E1
2.369877613E1,4.835786438E1,-3.617958832E1,-2.547296143E1,6.554629983E1
2.370882013E1,4.813005066E1,-3.606902313E1,-2.593499756E1,6.549885728E1
2.371886313E1,4.770482254E1,-3.589580536E1,-2.734332275E1,6.566518282E1
2.372890613E1,4.761156845E1,-3.629655838E1,-2.792834473E1,6.606280375E1
2.373895013E1,4.712079239E1,-3.597611237E1,-2.878588867E1,6.590354408E1
2.374899313E1,4.672243881E1,-3.572478485E1,-2.956567383E1,6.582837997E1
2.375903713E1,4.634822464E1,-3.554283905E1,-3.002783203E1,6.567436358E1
2.376908013E1,4.589733124E1,-3.502641296E1,-3.118530273E1,6.561964436E1
2.377912413E1,4.561002350E1,-3.481980133E1,-3.169488525E1,6.555347862E1
2.378916713E1,4.527030563E1,-3.445229340E1,-3.199182129E1,6.526743232E1
2.379921013E1,4.492787933E1,-3.415041351E1,-3.280908203E1,6.527787488E1
2.380925413E1,4.430012894E1,-3.409906769E1,-3.355935669E1,6.520336082E1
2.381929713E1,4.374172592E1,-3.381578827E1,-3.427987671E1,6.505348623E1
2.382934113E1,4.374172592E1,-3.381578827E1,-3.427987671E1,6.505348623E1
2.383938413E1,4.329545975E1,-3.354020309E1,-3.492214966E1,6.495381894E1
2.384942813E1,4.240697098E1,-3.299589539E1,-3.519506836E1,6.423218147E1
2.385947113E1,4.193826294E1,-3.269683075E1,-3.591625977E1,6.417069701E1
2.386951413E1,4.148685837E1,-3.247052765E1,-3.600360107E1,6.381029598E1
2.387955813E1,4.129163361E1,-3.212392807E1,-3.637829590E1,6.372068874E1
2.388960113E1,4.093586349E1,-3.192549896E1,-3.723828125E1,6.388796439E1
2.389964513E1,4.079672241E1,-3.159489059E1,-3.714062500E1,6.357700604E1
2.390968813E1,4.049044418E1,-3.126383209E1,-3.772259521E1,6.356018767E1
2.391973213E1,4.056959152E1,-3.114316177E1,-3.790283203E1,6.365856547E1
2.392977513E1,4.031153107E1,-3.090304947E1,-3.789526367E1,6.337246257E1
2.393981813E1,3.998262024E1,-3.050010300E1,-3.845263672E1,6.330459284E1
2.394986213E1,3.974744415E1,-2.953616714E1,-3.810449219E1,6.248357233E1
2.395990513E1,3.959514618E1,-2.934870911E1,-3.875012207E1,6.269524932E1
2.396994913E1,3.924580383E1,-2.913856125E1,-3.947558594E1,6.283001476E1
2.397999213E1,3.934883881E1,-2.898622513E1,-3.907202148E1,6.257120125E1
2.399003613E1,3.899776459E1,-2.894873810E1,-3.952624512E1,6.261931917E1
2.400007913E1,3.884316635E1,-2.876304626E1,-3.973791504E1,6.257160933E1
2.401012213E1,3.860254669E1,-2.849610138E1,-4.019952393E1,6.259541620E1
2.402016613E1,3.848258591E1,-2.827546692E1,-4.065637207E1,6.271644152E1
2.403020913E1,3.840722275E1,-2.818201065E1,-4.065869141E1,6.262962295E1
2.404025313E1,3.842084885E1,-2.794754791E1,-4.125305176E1,6.292091337E1
2.405029613E1,3.833379364E1,-2.774064636E1,-4.092736816E1,6.256254998E1
2.406034013E1,3.822138977E1,-2.752128983E1,-4.103497314E1,6.246731186E1
2.407038313E1,3.832678604E1,-2.732080460E1,-4.164074707E1,6.284362107E1
2.408042613E1,3.846438217E1,-2.719463348E1,-4.169683838E1,6.291011935E1
2.409047013E1,3.850088120E1,-2.691134644E1,-4.208282471E1,6.306744449E1
2.410051313E1,3.873374557E1,-2.673506546E1,-4.233605957E1,6.330409711E1
2.411055746E1,3.884095764E1,-2.666704559E1,-4.185028076E1,6.301743656E1
2.412060046E1,3.877206802E1,-2.626083374E1,-4.182324219E1,6.278605127E1
2.413064346E1,3.860617065E1,-2.622713089E1,-4.164825439E1,6.255298475E1
2.414068746E1,3.846207809E1,-2.625608444E1,-4.195037842E1,6.267812753E1
2.415073046E1,3.830779266E1,-2.639091492E1,-4.222540283E1,6.282477229E1
2.416077446E1,3.811347961E1,-2.649107361E1,-4.180340576E1,6.246550282E1
2.417081746E1,3.802089691E1,-2.657965088E1,-4.180340576E1,6.244670669E1
2.418086146E1,3.817044830E1,-2.669989777E1,-4.166302490E1,6.249540230E1
2.419090446E1,3.837524414E1,-2.679332733E1,-4.125054932E1,6.238709459E1
2.420094746E1,3.845751190E1,-2.625895309E1,-4.088125610E1,6.196603860E1
2.421099146E1,3.886257553E1,-2.635338974E1,-4.055111694E1,6.204187306E1
2.422103446E1,3.928290939E1,-2.640288544E1,-4.045858765E1,6.226681816E1
2.423107846E1,3.962870789E1,-2.647551346E1,-4.016134644E1,6.232432149E1
2.424112146E1,3.988505936E1,-2.669362259E1,-3.948239136E1,6.214681548E1
2.425116546E1,3.982877350E1,-2.700119019E1,-3.950131226E1,6.225551493E1
2.426120846E1,3.990007019E1,-2.723312378E1,-3.910049438E1,6.214907315E1
2.427125146E1,3.998773575E1,-2.735309982E1,-3.896188354E1,6.217104993E1
2.428129546E1,3.901615143E1,-2.889787292E1,-3.918008423E1,6.238931104E1
2.429133846E1,3.928503036E1,-2.902746201E1,-3.867599487E1,6.230360937E1
2.430138246E1,3.939947510E1,-2.908452988E1,-3.904183960E1,6.262981523E1
2.431142546E1,3.965098953E1,-2.917251968E1,-3.864199829E1,6.258147416E1
2.432146846E1,3.965098953E1,-2.917251968E1,-3.864199829E1,6.258147416E1
2.433151246E1,4.011180496E1,-2.920868683E1,-3.850735474E1,6.280860333E1
2.434155546E1,4.048428726E1,-2.903104019E1,-3.871115112E1,6.308987265E1
2.435159946E1,4.071439362E1,-2.905130386E1,-3.853060913E1,6.313674005E1
2.436164246E1,4.009016037E1,-2.996114731E1,-3.822976685E1,6.297941235E1
2.437168646E1,4.023497391E1,-2.987117386E1,-3.827981567E1,6.305937235E1
2.438172946E1,4.035621643E1,-2.995182419E1,-3.780624390E1,6.288917279E1
2.439177246E1,4.043709183E1,-2.994446564E1,-3.835055542E1,6.326606135E1
2.440181646E1,4.076466751E1,-2.997645950E1,-3.825411987E1,6.343283006E1
2.441185946E1,4.091625595E1,-2.992931747E1,-3.829336548E1,6.353177068E1
2.442190346E1,4.118657303E1,-2.979151154E1,-3.867697144E1,6.387312484E1
2.443194646E1,4.150016403E1,-2.975756454E1,-3.842788696E1,6.390992692E1
2.444199046E1,4.102253723E1,-3.010181427E1,-3.829623413E1,6.368335208E1
2.445203346E1,4.112495804E1,-3.006708527E1,-3.816592407E1,6.365476848E1
2.446207646E1,4.112892151E1,-2.997375870E1,-3.827084351E1,6.367630531E1
2.447212046E1,4.142244720E1,-2.987914658E1,-3.863357544E1,6.404010996E1
2.448216346E1,4.135182190E1,-2.973173904E1,-3.835806274E1,6.375963032E1
2.449220746E1,4.144399261E1,-2.945866013E1,-3.886630249E1,6.400005195E1
2.450225046E1,4.151090622E1,-2.926435852E1,-3.913900757E1,6.412035502E1
2.451229346E1,4.173254013E1,-2.933688354E1,-3.851327515E1,6.391815082E1
2.452233746E1,4.136052322E1,-2.943172073E1,-3.840170288E1,6.365225723E1
2.453238046E1,4.157262802E1,-2.938476944E1,-3.827706909E1,6.369365819E1
2.454242446E1,4.161518860E1,-2.924564362E1,-3.869381714E1,6.390886541E1
2.455246746E1,4.165266037E1,-2.919107819E1,-3.881765747E1,6.398338607E1
2.456251146E1,4.187944031E1,-2.917910767E1,-3.865835571E1,6.402949563E1
2.457255446E1,4.201800537E1,-2.892771149E1,-3.922445679E1,6.434969524E1
2.458259746E1,4.189589691E1,-2.877550507E1,-3.901321411E1,6.407282376E1
2.459264146E1,4.205018616E1,-2.857801819E1,-3.913491821E1,6.415966882E1
2.460268446E1,4.210439301E1,-2.840444183E1,-3.977420044E1,6.451030342E1
2.461272846E1,4.200505066E1,-2.829162979E1,-3.955520630E1,6.426083521E1
2.462277146E1,4.172936630E1,-2.834741974E1,-4.006716919E1,6.442277753E1
2.463281446E1,4.121960831E1,-2.844943619E1,-3.964019775E1,6.387309141E1
2.464285846E1,4.077085495E1,-2.857106018E1,-3.925762939E1,6.340133720E1
2.465290146E1,4.063788605E1,-2.842592239E1,-3.999029541E1,6.370788470E1
2.466294546E1,4.077798080E1,-2.837595749E1,-3.987219238E1,6.370110209E1
2.467298846E1,4.115460205E1,-2.807596588E1,-3.991735840E1,6.383851997E1
2.468303246E1,4.165607834E1,-2.786057663E1,-4.020721436E1,6.424998583E1
2.469307546E1,4.247264481E1,-2.758986282E1,-3.977770996E1,6.440025075E1
2.470311846E1,4.323880768E1,-2.716339493E1,-4.006933594E1,6.490759737E1
2.471316246E1,4.393695068E1,-2.674623871E1,-3.957824707E1,6.490188411E1
2.472320546E1,4.449252701E1,-2.639929962E1,-3.952667236E1,6.510657270E1
2.473324946E1,4.446756744E1,-2.689078140E1,-4.011221313E1,6.564654082E1
2.474329246E1,4.478870392E1,-2.681816483E1,-3.998220825E1,6.575575214E1
2.475333646E1,4.484173203E1,-2.674788666E1,-4.022323608E1,6.591008339E1
2.476337946E1,4.476565552E1,-2.674330902E1,-4.028439331E1,6.589386038E1
2.477342246E1,4.462951660E1,-2.670886230E1,-3.967556763E1,6.541641800E1
2.478346646E1,4.473292923E1,-2.669348145E1,-4.000442505E1,6.568052171E1
2.479350946E1,4.497838974E1,-2.670050049E1,-4.001821899E1,6.585916885E1
2.480355346E1,4.531728363E1,-2.666694641E1,-4.007992554E1,6.611492008E1
2.481359646E1,4.531728363E1,-2.666694641E1,-4.007992554E1,6.611492008E1
2.482363946E1,4.538605499E1,-2.676903152E1,-4.019717407E1,6.627433772E1
2.483368346E1,4.548531342E1,-2.673466492E1,-3.964859009E1,6.599747526E1
2.484372646E1,4.572008514E1,-2.661755753E1,-3.969094849E1,6.613767418E1
2.485377046E1,4.545059204E1,-2.671257401E1,-3.934307861E1,6.578142414E1
2.486381346E1,4.578988647E1,-2.646733856E1,-3.903234863E1,6.573247260E1
2.487385646E1,4.616870499E1,-2.633124924E1,-3.937438965E1,6.614549544E1
2.488390046E1,4.643187714E1,-2.631347656E1,-3.906109619E1,6.613688456E1
2.489394346E1,4.686575317E1,-2.616766739E1,-3.964953613E1,6.673253594E1
2.490398746E1,4.696131516E1,-2.594622803E1,-3.944201660E1,6.659012347E1
2.491403046E1,4.680635834E1,-2.622165680E1,-3.879260254E1,6.620631751E1
2.492407446E1,4.679591370E1,-2.604496002E1,-3.890850830E1,6.619720160E1
2.493411746E1,4.682339859E1,-2.612930679E1,-3.870739746E1,6.613194347E1
2.494416046E1,4.684230042E1,-2.612369919E1,-3.902093506E1,6.632708452E1
2.495420446E1,4.724085236E1,-2.630423737E1,-3.900335693E1,6.666987991E1
2.496424746E1,4.753841400E1,-2.661544037E1,-3.853204346E1,6.673080881E1
2.497429146E1,4.757000732E1,-2.675510025E1,-3.815118408E1,6.659019322E1
2.498433446E1,4.756291962E1,-2.704861069E1,-3.713964844E1,6.613026651E1
2.499437746E1,4.726096344E1,-2.729417801E1,-3.609259033E1,6.543123028E1
2.500442146E1,4.735471725E1,-2.752291489E1,-3.614501953E1,6.562349066E1
2.501446446E1,4.762067795E1,-2.786724472E1,-3.547039795E1,6.559315076E1
2.502450846E1,4.769997406E1,-2.802061081E1,-3.510247803E1,6.551813580E1
2.503455146E1,4.745449066E1,-2.805464935E1,-3.452203369E1,6.504431447E1
2.504459546E1,4.742747498E1,-2.834238815E1,-3.351721191E1,6.462244071E1
2.505463846E1,4.768379974E1,-2.859459305E1,-3.336932373E1,6.484525639E1
2.506468146E1,4.764056396E1,-2.869263840E1,-3.271807861E1,6.452413115E1
2.507472546E1,4.761505127E1,-2.877117157E1,-3.288494873E1,6.462502049E1
2.508476846E1,4.760811615E1,-2.884642029E1,-3.302471924E1,6.472465348E1
2.509481246E1,4.759132004E1,-2.882849503E1,-3.246215820E1,6.441900018E1
2.510485563E1,4.744231415E1,-2.902380371E1,-3.272488403E1,6.452962412E1
2.511489863E1,4.744504166E1,-2.911764145E1,-3.228799438E1,6.435358267E1
2.512494263E1,4.755241013E1,-2.913869476E1,-3.210116577E1,6.434889343E1
2.513498563E1,4.785435104E1,-2.912843323E1,-3.242294312E1,6.472829193E1
2.514502963E1,4.785589600E1,-2.915664673E1,-3.187808228E1,6.447099316E1
2.515507263E1,4.805859756E1,-2.907984543E1,-3.182015991E1,6.455841376E1
2.516511663E1,4.828488541E1,-2.911514664E1,-3.151785278E1,6.459486796E1
2.517515963E1,4.847837067E1,-2.915216446E1,-3.068612671E1,6.435557076E1
2.518520263E1,4.860615158E1,-2.899674606E1,-3.105642700E1,6.455904981E1
2.519524663E1,4.876539993E1,-2.921393967E1,-3.053933716E1,6.453037746E1
2.520528963E1,4.846776581E1,-2.914397049E1,-3.064480591E1,6.432417483E1
2.521533363E1,4.862133408E1,-2.908002853E1,-3.070895386E1,6.444161725E1
2.522537663E1,4.869024658E1,-2.912408447E1,-3.028878784E1,6.431456349E1
2.523541963E1,4.889957809E1,-2.910552216E1,-3.046914673E1,6.454974098E1
2.524546363E1,4.893449783E1,-2.904075623E1,-2.988296509E1,6.427240623E1
2.525550663E1,4.907888794E1,-2.900876617E1,-2.956192017E1,6.421956774E1
2.526555063E1,4.931887436E1,-2.888991165E1,-2.987283325E1,6.449313552E1
2.527559363E1,4.951109314E1,-2.894317245E1,-2.946926880E1,6.447862731E1
2.528563663E1,4.969578934E1,-2.897029495E1,-2.979763794E1,6.478308957E1
2.529568063E1,4.958320618E1,-2.882476425E1,-2.976547241E1,6.461690736E1
2.530572363E1,4.958320618E1,-2.882476425E1,-2.976547241E1,6.461690736E1
2.531576763E1,4.946445847E1,-2.879664230E1,-2.937686157E1,6.433489920E1
2.532581063E1,4.944012833E1,-2.858896255E1,-3.010952759E1,6.456189836E1