"Time (s)","Magnetic Field x (µT)","Magnetic Field y (µT)","Magnetic Field z (µT)","Absolute field (µT)"
-3.463332541E-4,1.249159431E1,-3.522463226E1,-1.056744385E1,3.883922651E1
9.696666617E-3,1.256228065E1,-3.520275879E1,-1.103540039E1,3.897210776E1
1.974066673E-2,1.265381622E1,-3.514373779E1,-1.114013672E1,3.897825057E1
2.978366660E-2,1.281800842E1,-3.497551727E1,-1.171295166E1,3.904844920E1
3.982666647E-2,1.280299759E1,-3.470378494E1,-1.262805176E1,3.908627800E1
4.986966681E-2,1.257144547E1,-3.465708923E1,-1.283477783E1,3.903699011E1
5.991266668E-2,1.221038628E1,-3.438886642E1,-1.383453369E1,3.902668304E1
6.995566655E-2,1.181598854E1,-3.405569077E1,-1.440838623E1,3.882021706E1
7.999866642E-2,1.171850777E1,-3.388173676E1,-1.447277832E1,3.866208507E1
9.004166676E-2,1.171850777E1,-3.388173676E1,-1.447277832E1,3.866208507E1
1.000846666E-1,1.163978195E1,-3.371243286E1,-1.555694580E1,3.891055404E1
1.101276665E-1,1.130712891E1,-3.358331299E1,-1.585150146E1,3.881958493E1
1.201706668E-1,1.066992188E1,-3.329248810E1,-1.684777832E1,3.880830621E1
1.302136667E-1,1.009005356E1,-3.322084045E1,-1.762078857E1,3.893488938E1
1.402566666E-1,9.373725891E0,-3.319476700E1,-1.775634766E1,3.879493750E1
1.503006667E-1,8.632055283E0,-3.317252731E1,-1.868560791E1,3.903947860E1
1.603436666E-1,8.107530594E0,-3.308251572E1,-1.857867432E1,3.879886645E1
1.703866664E-1,7.833160400E0,-3.308623123E1,-1.834844971E1,3.863576977E1
1.804296668E-1,7.322383881E0,-3.285603333E1,-1.891888428E1,3.861425143E1
1.904726666E-1,6.825286865E0,-3.273255920E1,-1.911816406E1,3.851634939E1
2.005156665E-1,6.108964920E0,-3.242988586E1,-1.989300537E1,3.853243585E1
2.105586668E-1,5.539003372E0,-3.210241318E1,-2.058532715E1,3.853571310E1
2.206016667E-1,5.244148254E0,-3.183927917E1,-2.060076904E1,3.828357970E1
2.306446666E-1,5.039743423E0,-3.147180176E1,-2.163500977E1,3.852203223E1
2.406876665E-1,4.554353714E0,-3.104857635E1,-2.192736816E1,3.828270766E1
2.507306668E-1,4.200010300E0,-3.062800217E1,-2.284136963E1,3.843751774E1
2.607736667E-1,3.471023560E0,-3.022382355E1,-2.307592773E1,3.818410605E1
2.708166665E-1,2.917013168E0,-3.000813293E1,-2.309387207E1,3.797794011E1
2.808606667E-1,2.770872116E0,-2.986508560E1,-2.382159424E1,3.830234226E1
2.909036665E-1,2.714345932E0,-2.988956070E1,-2.349707031E1,3.811647709E1
3.009466669E-1,2.583694458E0,-2.994597626E1,-2.319506836E1,3.796640841E1
3.109896667E-1,2.482290268E0,-3.006504822E1,-2.344927979E1,3.820912995E1
3.210326666E-1,2.441541672E0,-3.015983200E1,-2.297216797E1,3.799075010E1
3.310756665E-1,2.267557144E0,-3.038891602E1,-2.279595947E1,3.805632405E1
3.411186668E-1,2.221761703E0,-3.065697861E1,-2.232928467E1,3.799188750E1
3.511616667E-1,2.273790359E0,-3.101918793E1,-2.165350342E1,3.789768268E1
3.612046666E-1,1.977914810E0,-3.115007782E1,-2.192773438E1,3.814531465E1
3.712476664E-1,2.078525543E0,-3.134246826E1,-2.179266357E1,3.823075687E1
3.812906668E-1,1.913084030E0,-3.131985092E1,-2.203155518E1,3.834034919E1
3.913330417E-1,1.733854294E0,-3.138013840E1,-2.243395996E1,3.861349370E1
4.013760416E-1,1.430191040E0,-3.138208389E1,-2.191473389E1,3.830321393E1
4.114200417E-1,1.113985062E0,-3.131079865E1,-2.218634033E1,3.839063391E1
4.214630416E-1,7.307643890E-1,-3.126581955E1,-2.190875244E1,3.818479962E1
4.315060414E-1,6.725864410E-1,-3.140428162E1,-2.201489258E1,3.835800792E1
4.415490418E-1,4.338226318E-1,-3.147011566E1,-2.219281006E1,3.851074136E1
4.515920416E-1,3.463039398E-1,-3.176814270E1,-2.188586426E1,3.857882672E1
4.616350415E-1,5.092258453E-1,-3.170057678E1,-2.206665039E1,3.862800718E1
4.716780419E-1,1.619548798E-1,-3.179415512E1,-2.167877197E1,3.848199168E1
4.817210417E-1,-3.956813812E-1,-3.187808609E1,-2.134472656E1,3.836621285E1
4.917640416E-1,-7.235221863E-1,-3.167271423E1,-2.211682129E1,3.863726304E1
5.018070415E-1,-8.745422363E-1,-3.155137634E1,-2.219952393E1,3.858850912E1
5.118500418E-1,-9.465675354E-1,-3.118330765E1,-2.263635254E1,3.854476777E1
5.218930417E-1,-1.220325470E0,-3.093287659E1,-2.309362793E1,3.862185520E1
5.319370418E-1,-1.654516220E0,-3.057353973E1,-2.307293701E1,3.833848169E1
5.419800417E-1,-1.959918976E0,-3.027527237E1,-2.385400391E1,3.859335308E1
5.520230415E-1,-2.219266891E0,-3.011824799E1,-2.415716553E1,3.867302230E1
5.620660414E-1,-2.515441895E0,-2.967082977E1,-2.432147217E1,3.844762146E1
5.721090417E-1,-2.813404083E0,-2.948193359E1,-2.501977539E1,3.876968934E1
5.821520416E-1,-2.813404083E0,-2.948193359E1,-2.501977539E1,3.876968934E1
5.921950415E-1,-2.840606689E0,-2.927578735E1,-2.500207520E1,3.860368552E1
6.022380418E-1,-3.028747559E0,-2.891336060E1,-2.536163330E1,3.857937501E1
6.122810417E-1,-3.055900574E0,-2.860267639E1,-2.568267822E1,3.856230784E1
6.223240416E-1,-3.070165634E0,-2.837556458E1,-2.578363037E1,3.846289351E1
6.323670414E-1,-3.042049408E0,-2.805625916E1,-2.628021240E1,3.856238201E1
6.424100418E-1,-2.858831406E0,-2.771091080E1,-2.629687500E1,3.830917813E1
6.524540414E-1,-2.900825500E0,-2.732960129E1,-2.681121826E1,3.839483455E1
6.624970417E-1,-2.901424408E0,-2.704457474E1,-2.679541016E1,3.818142600E1
6.725400416E-1,-3.239379883E0,-2.702323151E1,-2.677905273E1,3.818201525E1
6.825830415E-1,-3.842966080E0,-2.695815277E1,-2.694653320E1,3.830960768E1
6.926260418E-1,-4.332353592E0,-2.713932419E1,-2.646075439E1,3.815080246E1
7.026690417E-1,-4.594017029E0,-2.733381271E1,-2.613171387E1,3.809342174E1
7.127120416E-1,-4.785943985E0,-2.748752975E1,-2.633831787E1,3.836895281E1
7.227550414E-1,-4.794351578E0,-2.778466034E1,-2.569171143E1,3.814494977E1
7.327980418E-1,-4.888612747E0,-2.805442810E1,-2.585565186E1,3.846380381E1
7.428410416E-1,-5.016128540E0,-2.823542404E1,-2.538104248E1,3.829618824E1
7.528840415E-1,-5.124382019E0,-2.848638153E1,-2.480010986E1,3.811533383E1
7.629270419E-1,-5.283466339E0,-2.864324570E1,-2.486737061E1,3.829799814E1
7.729710415E-1,-5.277088165E0,-2.882970810E1,-2.433721924E1,3.809593113E1
7.830140418E-1,-5.629320145E0,-2.889558411E1,-2.419970703E1,3.810865842E1
7.930570417E-1,-5.932048798E0,-2.901483536E1,-2.405773926E1,3.815527083E1
8.031000416E-1,-6.243436813E0,-2.906333923E1,-2.369134521E1,3.801234048E1
8.131430415E-1,-6.476894379E0,-2.920585251E1,-2.377343750E1,3.821136365E1
8.231860418E-1,-6.745954514E0,-2.923993683E1,-2.342388916E1,3.806783933E1
8.332290417E-1,-7.014436722E0,-2.915808868E1,-2.334619141E1,3.800580365E1
8.432720415E-1,-7.082454681E0,-2.921098709E1,-2.361755371E1,3.822606146E1
8.533150414E-1,-7.212939262E0,-2.903493500E1,-2.336187744E1,3.795828316E1
8.633580417E-1,-7.091402054E0,-2.900791931E1,-2.400036621E1,3.831142054E1
8.734010416E-1,-7.218378067E0,-2.888028336E1,-2.369970703E1,3.805064864E1
8.834450417E-1,-7.084991455E0,-2.877268600E1,-2.349310303E1,3.781521458E1
8.934880416E-1,-7.253493309E0,-2.852207565E1,-2.438037109E1,3.821680860E1
9.035310415E-1,-7.268495560E0,-2.840766144E1,-2.433581543E1,3.810588103E1
9.135740418E-1,-7.335488319E0,-2.818640518E1,-2.478063965E1,3.824085417E1
9.236170417E-1,-7.162504196E0,-2.805302048E1,-2.513330078E1,3.834000825E1
9.336600415E-1,-6.943311691E0,-2.782148361E1,-2.486297607E1,3.795276152E1
9.437030414E-1,-6.795335770E0,-2.768514633E1,-2.538586426E1,3.817179613E1
9.537460417E-1,-6.958856583E0,-2.759267044E1,-2.537774658E1,3.812887578E1
9.637890416E-1,-6.991609573E0,-2.742694092E1,-2.532287598E1,3.797851683E1
9.738320415E-1,-6.879838943E0,-2.761684799E1,-2.571203613E1,3.835532921E1
9.838750418E-1,-6.789459229E0,-2.767773056E1,-2.513647461E1,3.799994581E1
9.939190415E-1,-6.487604141E0,-2.776723480E1,-2.549816895E1,3.825264639E1
1.003962042E0,-6.379653931E0,-2.782889557E1,-2.526025391E1,3.812122559E1
1.014005042E0,-6.267419815E0,-2.785416031E1,-2.513995361E1,3.804145194E1
1.024048042E0,-6.279544830E0,-2.781616974E1,-2.551916504E1,3.826747662E1
1.034091041E0,-6.186618805E0,-2.785756683E1,-2.514727783E1,3.803556053E1
1.044134042E0,-6.242181778E0,-2.783971405E1,-2.558917236E1,3.832519085E1
1.054177042E0,-6.406618118E0,-2.769975281E1,-2.555285645E1,3.822655535E1
1.064220042E0,-6.183269501E0,-2.762056732E1,-2.498394775E1,3.775349264E1
1.074263042E0,-6.183269501E0,-2.762056732E1,-2.498394775E1,3.775349264E1
1.084306042E0,-6.111602783E0,-2.770481110E1,-2.539849854E1,3.807876015E1
1.094349042E0,-6.086925507E0,-2.776383972E1,-2.512298584E1,3.793475815E1
1.104392041E0,-6.055515289E0,-2.782944489E1,-2.496655273E1,3.787447720E1
1.114436042E0,-6.234069824E0,-2.768225861E1,-2.539697266E1,3.808119337E1
1.124479041E0,-6.417528152E0,-2.777090073E1,-2.498883057E1,3.790579438E1
1.134522042E0,-6.388483047E0,-2.781059265E1,-2.520837402E1,3.807497735E1
1.144565042E0,-6.328802109E0,-2.779588699E1,-2.508923340E1,3.797544868E1
1.154608042E0,-6.371593475E0,-2.770643997E1,-2.490063477E1,3.779266637E1
1.164651042E0,-6.389251709E0,-2.777980423E1,-2.518682861E1,3.803835428E1
1.174694042E0,-6.422166824E0,-2.786131287E1,-2.497174072E1,3.796162294E1
1.184737042E0,-6.472972870E0,-2.784622574E1,-2.509039307E1,3.803734336E1
1.194780041E0,-6.422361374E0,-2.793125916E1,-2.502960205E1,3.805105705E1
1.204823042E0,-6.449417114E0,-2.787905884E1,-2.494793701E1,3.796362027E1
1.214866042E0,-6.584255219E0,-2.790937424E1,-2.534564209E1,3.827123149E1
1.224910042E0,-6.541755676E0,-2.792148209E1,-2.513690186E1,3.813486022E1
1.234953042E0,-6.561262131E0,-2.790033340E1,-2.502954102E1,3.805202607E1
1.244996042E0,-6.667436600E0,-2.803459549E1,-2.533618164E1,3.837076172E1
1.255039041E0,-6.683191299E0,-2.805323792E1,-2.503094482E1,3.818635099E1
1.265082042E0,-6.702684402E0,-2.812195587E1,-2.515338135E1,3.832052940E1
1.275125042E0,-6.770475388E0,-2.818481445E1,-2.482421875E1,3.816365993E1
1.285168041E0,-6.602897644E0,-2.824016953E1,-2.454199219E1,3.799229939E1
1.295211042E0,-6.671819687E0,-2.824272537E1,-2.476489258E1,3.815055201E1
1.305254042E0,-6.666275024E0,-2.829084015E1,-2.459307861E1,3.807401180E1
1.315297042E0,-6.578208923E0,-2.835908127E1,-2.496569824E1,3.835096364E1
1.325340041E0,-6.614524841E0,-2.844268036E1,-2.500445557E1,3.844425579E1
1.335384042E0,-6.666702271E0,-2.836854553E1,-2.456683350E1,3.811493937E1
1.345427041E0,-6.662984848E0,-2.832420349E1,-2.465338135E1,3.813718766E1
1.355470042E0,-6.665582657E0,-2.848192978E1,-2.416644287E1,3.794294766E1
1.365513042E0,-6.571887970E0,-2.849227905E1,-2.449163818E1,3.814236513E1
1.375556041E0,-6.815599442E0,-2.851987457E1,-2.473504639E1,3.836219703E1
1.385602292E0,-6.800592422E0,-2.852723694E1,-2.425488281E1,3.805720227E1
1.395645292E0,-6.686443329E0,-2.858965683E1,-2.445153809E1,3.820935379E1
1.405688291E0,-6.759902954E0,-2.869914627E1,-2.405303955E1,3.805109718E1
1.415731292E0,-6.603610992E0,-2.872431564E1,-2.389111328E1,3.794047023E1
1.425774292E0,-6.480545044E0,-2.866399765E1,-2.435443115E1,3.816753257E1
1.435817291E0,-6.623907089E0,-2.863583755E1,-2.422235107E1,3.808686951E1
1.445861292E0,-6.615499496E0,-2.849366379E1,-2.468554688E1,3.827570945E1
1.455904291E0,-6.521261215E0,-2.870333099E1,-2.469866943E1,3.842437156E1
1.465947292E0,-6.523094177E0,-2.876243591E1,-2.437396240E1,3.826118817E1
1.475990292E0,-6.309497833E0,-2.876166153E1,-2.450598145E1,3.830908591E1
1.486033292E0,-6.203296661E0,-2.882587814E1,-2.412304688E1,3.809637162E1
1.496076291E0,-6.074193954E0,-2.891230392E1,-2.421014404E1,3.819618076E1
1.506119292E0,-5.886219025E0,-2.907595825E1,-2.475146484E1,3.863539743E1
1.516162292E0,-5.791730881E0,-2.914957428E1,-2.458581543E1,3.857076805E1
1.526205292E0,-5.780654907E0,-2.922106934E1,-2.492730713E1,3.884144056E1
1.536248292E0,-5.946413040E0,-2.930907440E1,-2.429193115E1,3.852894483E1
1.546291292E0,-5.830635071E0,-2.947307587E1,-2.412933350E1,3.853418276E1
1.556335292E0,-5.620506287E0,-2.961907578E1,-2.433197021E1,3.874176706E1
1.566378292E0,-5.620506287E0,-2.961907578E1,-2.433197021E1,3.874176706E1
1.576421292E0,-5.595338821E0,-2.986327362E1,-2.389080811E1,3.865092030E1
1.586464291E0,-5.505279541E0,-3.003214264E1,-2.415258789E1,3.893051754E1
1.596507292E0,-5.431617737E0,-3.045820618E1,-2.391912842E1,3.910664265E1
1.606550292E0,-5.398611069E0,-3.077266693E1,-2.347003174E1,3.907613621E1
1.616593292E0,-5.197101593E0,-3.110062790E1,-2.376025391E1,3.948175004E1
1.626636292E0,-4.888315201E0,-3.153135300E1,-2.338201904E1,3.955806696E1
1.636679292E0,-4.626802444E0,-3.181756210E1,-2.348449707E1,3.981565222E1
1.646722292E0,-4.374868393E0,-3.203820801E1,-2.345678711E1,3.994755446E1
1.656765291E0,-4.195358276E0,-3.227550125E1,-2.330377197E1,4.002967400E1
1.666808292E0,-4.161460876E0,-3.242520142E1,-2.349505615E1,4.025827998E1
1.676852291E0,-3.929563522E0,-3.264008331E1,-2.351507568E1,4.041998630E1
1.686895292E0,-3.851848602E0,-3.272643280E1,-2.349200439E1,4.046888202E1
1.696938292E0,-3.686824799E0,-3.290000153E1,-2.429888916E1,4.106627317E1
1.706981292E0,-3.513854980E0,-3.299828339E1,-2.414935303E1,4.104174868E1
1.717024291E0,-3.312086105E0,-3.311863708E1,-2.460620117E1,4.139177663E1
1.727067292E0,-2.717433929E0,-3.329622269E1,-2.491101074E1,4.167230913E1
1.737110292E0,-2.287513733E0,-3.359436417E1,-2.451818848E1,4.165279809E1
1.747153291E0,-1.902494431E0,-3.392325592E1,-2.479394531E1,4.206122325E1
1.757196292E0,-1.558700562E0,-3.424131393E1,-2.482171631E1,4.232038194E1
1.767239292E0,-1.355787277E0,-3.445225143E1,-2.480584717E1,4.247500255E1
1.777282292E0,-1.060865402E0,-3.494011688E1,-2.482171631E1,4.287254137E1
1.787326292E0,-8.634223938E-1,-3.538212585E1,-2.474456787E1,4.318488124E1
1.797369292E0,-7.031879425E-1,-3.580410004E1,-2.482086182E1,4.357181697E1
1.807412291E0,-5.392208099E-1,-3.619736862E1,-2.433367920E1,4.361958502E1
1.817455292E0,-3.763866425E-1,-3.648036194E1,-2.449487305E1,4.394265900E1
1.827498292E0,-3.319091797E-1,-3.658073807E1,-2.496026611E1,4.428628959E1
1.837541291E0,-3.749542236E-1,-3.681893921E1,-2.482727051E1,4.440910082E1
1.847584292E0,-3.406162262E-1,-3.699475861E1,-2.523077393E1,4.478080098E1
1.857627292E0,-5.720138550E-2,-3.708375549E1,-2.560028076E1,4.506198585E1
1.867670292E0,2.243251801E-1,-3.719251633E1,-2.524743652E1,4.495293810E1
1.877713291E0,7.091064453E-1,-3.729195786E1,-2.577795410E1,4.533978242E1
1.887756292E0,1.134916306E0,-3.723843384E1,-2.483770752E1,4.477611757E1
1.897800291E0,1.604852676E0,-3.727909088E1,-2.535858154E1,4.511500667E1
1.907843292E0,2.083501816E0,-3.742729568E1,-2.519012451E1,4.516288094E1
1.917886292E0,2.335712433E0,-3.767537689E1,-2.489978027E1,4.522044487E1
1.927929292E0,2.493272781E0,-3.785165787E1,-2.524273682E1,4.556490069E1
1.937972292E0,2.825773239E0,-3.807077789E1,-2.513641357E1,4.570785940E1
1.948015292E0,2.885944366E0,-3.834590530E1,-2.489440918E1,4.580904645E1
1.958058292E0,2.976251602E0,-3.851424408E1,-2.552789307E1,4.630203446E1
1.968101291E0,3.080711365E0,-3.869224167E1,-2.522686768E1,4.629228014E1
1.978144292E0,3.239950180E0,-3.872433090E1,-2.562719727E1,4.654916026E1
1.988187292E0,3.502277374E0,-3.866796494E1,-2.624761963E1,4.686592574E1
1.998230292E0,3.530714035E0,-3.873179245E1,-2.604425049E1,4.680727157E1
2.008274292E0,3.691915512E0,-3.861897659E1,-2.645037842E1,4.695399995E1
2.018317292E0,3.776807785E0,-3.863465881E1,-2.646722412E1,4.698313624E1
2.028360292E0,4.174087524E0,-3.853364182E1,-2.663543701E1,4.702883225E1
2.038403292E0,4.792787552E0,-3.856372833E1,-2.690710449E1,4.726652333E1
2.048446292E0,5.022689819E0,-3.867085266E1,-2.664605713E1,4.723001820E1
2.058489291E0,5.481437683E0,-3.883658981E1,-2.693963623E1,4.758225370E1
2.068532292E0,5.481437683E0,-3.883658981E1,-2.693963623E1,4.758225370E1
2.078575292E0,5.920137405E0,-3.901028824E1,-2.667022705E1,4.762511550E1
2.088618292E0,6.658369064E0,-3.902108002E1,-2.638592529E1,4.757305559E1
2.098661291E0,6.749063492E0,-3.910104370E1,-2.688208008E1,4.792794285E1
2.108704292E0,6.969738007E0,-3.927050400E1,-2.670965576E1,4.800161917E1
2.118747292E0,7.233539581E0,-3.935470200E1,-2.678369141E1,4.815062605E1
2.128791292E0,7.673748016E0,-3.955111694E1,-2.689349365E1,4.844003779E1
2.138834292E0,7.897455215E0,-3.971349335E1,-2.668737793E1,4.849481924E1
2.148877291E0,8.313720703E0,-3.983835602E1,-2.693878174E1,4.880482070E1
2.158920292E0,8.602319717E0,-4.004763031E1,-2.662115479E1,4.885180120E1
2.168963292E0,9.004188538E0,-4.019319916E1,-2.668402100E1,4.907754727E1
2.179006292E0,9.397150040E0,-4.024791718E1,-2.681646729E1,4.926788187E1
2.189049291E0,9.798471451E0,-4.042882156E1,-2.616003418E1,4.914109323E1
2.199092292E0,1.035807419E1,-4.046404648E1,-2.621105957E1,4.931174710E1
2.209135292E0,1.061307907E1,-4.049914551E1,-2.616949463E1,4.937267142E1
2.219178292E0,1.091224670E1,-4.048601532E1,-2.605407715E1,4.936607642E1
2.229222292E0,1.115163803E1,-4.024571609E1,-2.641705322E1,4.941596296E1
2.239265291E0,1.127096558E1,-4.013684845E1,-2.621728516E1,4.924781528E1
2.249308292E0,1.107429504E1,-3.997490311E1,-2.695495605E1,4.946920805E1
2.259351292E0,1.118835831E1,-3.979120636E1,-2.717150879E1,4.946524391E1
2.269394292E0,1.118322754E1,-3.955251312E1,-2.715802002E1,4.926483456E1
2.279437291E0,1.129829407E1,-3.954557419E1,-2.736895752E1,4.940206192E1
2.289480292E0,1.123082352E1,-3.938951111E1,-2.739166260E1,4.927441691E1
2.299523292E0,1.130445099E1,-3.927667236E1,-2.751824951E1,4.927171258E1
2.309566292E0,1.148358917E1,-3.940671539E1,-2.803057861E1,4.970387687E1
2.319609292E0,1.152162933E1,-3.949304581E1,-2.768988037E1,4.959010067E1
2.329652292E0,1.179277802E1,-3.954888916E1,-2.812054443E1,4.993945601E1
2.339695292E0,1.212184906E1,-3.973003006E1,-2.786090088E1,5.001644041E1
2.349739292E0,1.219086838E1,-3.974338913E1,-2.748156738E1,4.983363119E1
2.359782292E0,1.197533798E1,-3.962847900E1,-2.772308350E1,4.982363321E1
2.369825291E0,1.221771240E1,-3.968810272E1,-2.732434082E1,4.970953224E1
2.379868292E0,1.219578171E1,-3.927510071E1,-2.876232910E1,5.018507948E1
2.389907416E0,1.214078140E1,-3.920325089E1,-2.876422119E1,5.011660278E1
2.399950417E0,1.184040451E1,-3.909913254E1,-2.842187500E1,4.976685968E1
2.409993417E0,1.192864227E1,-3.890191650E1,-2.909588623E1,5.002221716E1
2.420036417E0,1.192360687E1,-3.887016296E1,-2.894421387E1,4.990821061E1
2.430079417E0,1.209342575E1,-3.860075760E1,-2.950836182E1,5.007007940E1
2.440122417E0,1.211439896E1,-3.864421082E1,-2.966192627E1,5.019923866E1
2.450165417E0,1.224248886E1,-3.865158844E1,-2.906835938E1,4.988780752E1
2.460209417E0,1.165591431E1,-3.844598389E1,-2.965972900E1,4.993649507E1
2.470252417E0,1.170098495E1,-3.851998520E1,-2.936645508E1,4.983062304E1
2.480295416E0,1.186365891E1,-3.837875748E1,-2.927648926E1,4.970702417E1
2.490338417E0,1.214044571E1,-3.827874374E1,-2.953936768E1,4.985204998E1
2.500381417E0,1.233654785E1,-3.834156799E1,-2.946807861E1,4.990625117E1
2.510424417E0,1.256854630E1,-3.829888535E1,-2.978283691E1,5.011776481E1
2.520467417E0,1.267469025E1,-3.839374924E1,-2.969610596E1,5.016559042E1
2.530510417E0,1.273981094E1,-3.836690903E1,-2.937335205E1,4.997115470E1
2.540553417E0,1.110373497E1,-3.830637741E1,-3.003955078E1,4.993041249E1
2.550596416E0,1.110373497E1,-3.830637741E1,-3.003955078E1,4.993041249E1
2.560639417E0,1.111988640E1,-3.847765732E1,-3.003289795E1,5.006153159E1
2.570683416E0,1.116534233E1,-3.840682983E1,-3.010290527E1,5.005930836E1
2.580726417E0,1.123424721E1,-3.838064957E1,-3.001470947E1,5.000165353E1
2.590769417E0,1.130448723E1,-3.848439789E1,-2.946191406E1,4.976790826E1
2.600812417E0,1.153022194E1,-3.848940659E1,-2.979693604E1,5.002237334E1
2.610855417E0,1.189145851E1,-3.849592209E1,-2.942956543E1,4.989430954E1
2.620898417E0,1.210899925E1,-3.844907761E1,-2.913903809E1,4.973975243E1
2.630941417E0,1.204639244E1,-3.839875031E1,-2.951007080E1,4.990414687E1
2.640984416E0,1.236737633E1,-3.846715927E1,-2.937719727E1,4.995692203E1
2.651027417E0,1.244849205E1,-3.834793091E1,-2.968078613E1,5.006473634E1
2.661070417E0,1.270833397E1,-3.831692505E1,-2.957025146E1,5.004086599E1
2.671113417E0,1.299501610E1,-3.835951233E1,-2.925994873E1,4.996465980E1
2.681157417E0,1.325887489E1,-3.827782440E1,-2.974359131E1,5.025605265E1
2.691200417E0,1.336272240E1,-3.835508728E1,-2.935797119E1,5.011552197E1
2.701243416E0,1.342782402E1,-3.825814819E1,-2.965979004E1,5.023639623E1
2.711286417E0,1.389715004E1,-3.826647186E1,-2.999566650E1,5.056870235E1
2.721329417E0,1.416383171E1,-3.840367508E1,-2.954809570E1,5.048312934E1
2.731372416E0,1.441366768E1,-3.848335266E1,-3.004144287E1,5.090393440E1
2.741415417E0,1.459601021E1,-3.857480240E1,-2.931353760E1,5.059982589E1
2.751458417E0,1.487445641E1,-3.866991806E1,-2.895050049E1,5.054447047E1
2.761501417E0,1.515858650E1,-3.886294174E1,-2.938476562E1,5.102524313E1
2.771544416E0,1.557357979E1,-3.897755814E1,-2.867620850E1,5.083415544E1
2.781587417E0,1.605131721E1,-3.906321716E1,-2.866674805E1,5.104274839E1
2.791630417E0,1.630394936E1,-3.932530212E1,-2.814752197E1,5.103509719E1
2.801674417E0,1.691916466E1,-3.946156693E1,-2.744067383E1,5.095550978E1
2.811717417E0,1.745190239E1,-3.956093216E1,-2.765783691E1,5.132827869E1
2.821760416E0,1.822546196E1,-3.961870956E1,-2.742395020E1,5.151584859E1
2.831803417E0,1.878307915E1,-3.967364120E1,-2.749798584E1,5.179711473E1
2.841846417E0,1.942301369E1,-3.969041061E1,-2.712493896E1,5.184924753E1
2.851889417E0,2.005542755E1,-3.997946167E1,-2.700726318E1,5.224911286E1
2.861932416E0,2.068145370E1,-3.993860245E1,-2.695550537E1,5.243485256E1
2.871975417E0,2.130460739E1,-3.993333817E1,-2.622070312E1,5.230758134E1
2.882018417E0,2.197351074E1,-3.998267746E1,-2.592407227E1,5.247387154E1
2.892061417E0,2.260823059E1,-3.990312195E1,-2.607672119E1,5.275781098E1
2.902104416E0,2.324230576E1,-3.973576355E1,-2.548999023E1,5.262010342E1
2.912148417E0,2.411358643E1,-3.969440842E1,-2.561553955E1,5.304023922E1
2.922191417E0,2.475762558E1,-3.953147507E1,-2.500677490E1,5.292462883E1
2.932234417E0,2.528647232E1,-3.928076553E1,-2.475219727E1,5.286828438E1
2.942277417E0,2.578353882E1,-3.929036331E1,-2.514947510E1,5.330121594E1
2.952320416E0,2.660544777E1,-3.935029602E1,-2.474951172E1,5.356149716E1
2.962363417E0,2.691321373E1,-3.914748383E1,-2.490826416E1,5.364017325E1
2.972406417E0,2.724640465E1,-3.901136017E1,-2.478131104E1,5.365040694E1
2.982449417E0,2.769991112E1,-3.883678055E1,-2.432397461E1,5.354658103E1
2.992492416E0,2.820462608E1,-3.859943771E1,-2.465710449E1,5.379024378E1
3.002535417E0,2.862650871E1,-3.855093384E1,-2.416363525E1,5.375437442E1
3.012578417E0,2.980289841E1,-3.846191025E1,-2.394824219E1,5.423144473E1
3.022622417E0,3.023827362E1,-3.810725784E1,-2.416094971E1,5.431636754E1
3.032665417E0,3.023827362E1,-3.810725784E1,-2.416094971E1,5.431636754E1
3.042708416E0,3.076831436E1,-3.785367203E1,-2.346185303E1,5.412991966E1
3.052751417E0,3.119571304E1,-3.753784180E1,-2.355212402E1,5.419376925E1
3.062794417E0,3.156391525E1,-3.723950195E1,-2.344604492E1,5.415513156E1
3.072837417E0,3.262984467E1,-3.729119110E1,-2.337628174E1,5.478859594E1
3.082880416E0,3.277813721E1,-3.700283051E1,-2.375634766E1,5.484505263E1
3.092923417E0,3.274629974E1,-3.692453384E1,-2.353637695E1,5.467817102E1
3.102966417E0,3.279505920E1,-3.667012405E1,-2.373034668E1,5.461998956E1
3.113009416E0,3.271552277E1,-3.655870056E1,-2.383410645E1,5.454272313E1
3.123052417E0,3.284252930E1,-3.649739456E1,-2.365209961E1,5.449874637E1
3.133095417E0,3.293123627E1,-3.642134094E1,-2.407318115E1,5.468545007E1
3.143139417E0,3.287876129E1,-3.631390762E1,-2.379663086E1,5.446092610E1
3.153182417E0,3.318317413E1,-3.629082870E1,-2.373425293E1,5.460276601E1
3.163225417E0,3.314067841E1,-3.617611694E1,-2.397601318E1,5.460645759E1
3.173268416E0,3.338128662E1,-3.602906799E1,-2.365155029E1,5.451421712E1
3.183311417E0,3.346398926E1,-3.597619247E1,-2.442858887E1,5.487149493E1
3.193354417E0,3.318505859E1,-3.586213303E1,-2.431420898E1,5.457583217E1
3.203397417E0,3.297747040E1,-3.602062607E1,-2.430169678E1,5.454879946E1
3.213440417E0,3.255591583E1,-3.611496353E1,-2.451330566E1,5.445255183E1
3.223483417E0,3.239791870E1,-3.622278976E1,-2.420501709E1,5.429179023E1
3.233526417E0,3.230049896E1,-3.621429062E1,-2.457086182E1,5.439231865E1
3.243569416E0,3.219984436E1,-3.623637772E1,-2.468664551E1,5.439977494E1
3.253613417E0,3.208359528E1,-3.631014633E1,-2.442309570E1,5.426114094E1
3.263656416E0,3.214049530E1,-3.621673965E1,-2.466540527E1,5.434193488E1
3.273699417E0,3.216385651E1,-3.629186249E1,-2.440246582E1,5.428713739E1
3.283742417E0,3.224348450E1,-3.629407120E1,-2.449993896E1,5.437967365E1
3.293785417E0,3.227720642E1,-3.626093674E1,-2.478002930E1,5.450434331E1
3.303828417E0,3.241311646E1,-3.639652634E1,-2.456872559E1,5.457966219E1
3.313871417E0,3.234856415E1,-3.631321716E1,-2.487963867E1,5.462669461E1
3.323914417E0,3.235019684E1,-3.639287186E1,-2.487799072E1,5.467989374E1
3.333957416E0,3.212345886E1,-3.653453827E1,-2.479663086E1,5.460368117E1
3.344000417E0,3.201119232E1,-3.662445831E1,-2.487786865E1,5.463493140E1
3.354043417E0,3.174587822E1,-3.683485794E1,-2.474475098E1,5.456106894E1
3.364086417E0,3.149898720E1,-3.684304047E1,-2.508447266E1,5.457862763E1
3.374130417E0,3.128923225E1,-3.706288147E1,-2.536383057E1,5.473570260E1
3.384173417E0,3.134783363E1,-3.725612640E1,-2.492071533E1,5.469687085E1
3.394217167E0,3.121383858E1,-3.745258713E1,-2.510839844E1,5.484005537E1
3.404260166E0,3.101832390E1,-3.774454880E1,-2.503082275E1,5.489380174E1
3.414303167E0,3.088660622E1,-3.792142487E1,-2.496343994E1,5.491074796E1
3.424346167E0,3.056234550E1,-3.812533188E1,-2.522973633E1,5.499215843E1
3.434389167E0,3.023765373E1,-3.831845093E1,-2.489880371E1,5.479570979E1
3.444432166E0,3.040864372E1,-3.852223587E1,-2.576739502E1,5.543110062E1
3.454475167E0,3.024407387E1,-3.883589935E1,-2.564001465E1,5.550082372E1
3.464518167E0,2.986708260E1,-3.901030350E1,-2.545202637E1,5.533219721E1
3.474561166E0,2.961568642E1,-3.909083176E1,-2.563464355E1,5.533820524E1
3.484605167E0,2.949855995E1,-3.923854446E1,-2.544226074E1,5.529138308E1
3.494648166E0,2.917420387E1,-3.943613815E1,-2.579351807E1,5.542245699E1
3.504691167E0,2.903985405E1,-3.958406830E1,-2.612707520E1,5.561326860E1
3.514734167E0,2.872045326E1,-3.972019196E1,-2.563543701E1,5.531485981E1
3.524777167E0,2.872045326E1,-3.972019196E1,-2.563543701E1,5.531485981E1
3.534820166E0,2.859194374E1,-3.977768707E1,-2.599945068E1,5.545931005E1
3.544863167E0,2.828053474E1,-3.996499634E1,-2.585369873E1,5.536608453E1
3.554906167E0,2.798340797E1,-4.025099945E1,-2.589166260E1,5.543998801E1
3.564949166E0,2.764622688E1,-4.047064972E1,-2.621252441E1,5.558132587E1
3.574992167E0,2.704274559E1,-4.061654282E1,-2.601159668E1,5.529572136E1
3.585035167E0,2.651024818E1,-4.071285248E1,-2.640197754E1,5.529370700E1
3.595078167E0,2.625544930E1,-4.090836716E1,-2.586053467E1,5.506006152E1
3.605122167E0,2.664471245E1,-4.100732803E1,-2.660235596E1,5.567070142E1
3.615165167E0,2.627217293E1,-4.099229431E1,-2.713439941E1,5.573931193E1
3.625208166E0,2.597826958E1,-4.109113693E1,-2.708270264E1,5.564912225E1
3.635251167E0,2.555439186E1,-4.107408905E1,-2.734906006E1,5.557048516E1
3.645294167E0,2.504507637E1,-4.109085083E1,-2.735888672E1,5.535542028E1
3.655337167E0,2.476941109E1,-4.120106888E1,-2.700531006E1,5.513926526E1
3.665380167E0,2.427031898E1,-4.124797058E1,-2.764190674E1,5.526769824E1
3.675423167E0,2.384118080E1,-4.132826996E1,-2.763739014E1,5.513849049E1
3.685466167E0,2.345364571E1,-4.129922867E1,-2.763018799E1,5.494658382E1
3.695509166E0,2.297784615E1,-4.132160187E1,-2.832843018E1,5.511765734E1
3.705552167E0,2.268789101E1,-4.132633209E1,-2.795739746E1,5.481078539E1
3.715596166E0,2.235000038E1,-4.128414536E1,-2.813562012E1,5.473131000E1
3.725639167E0,2.178494835E1,-4.141524887E1,-2.788824463E1,5.447532471E1
3.735682167E0,2.135075951E1,-4.149038696E1,-2.787420654E1,5.435327527E1
3.745725167E0,2.111223793E1,-4.139834213E1,-2.830731201E1,5.441372286E1
3.755768167E0,2.086023521E1,-4.153352737E1,-2.807751465E1,5.430036960E1
3.765811167E0,2.051331902E1,-4.147916412E1,-2.860150146E1,5.440002941E1
3.775854167E0,2.023449135E1,-4.135859299E1,-2.871710205E1,5.426453542E1
3.785897166E0,2.006735802E1,-4.125742722E1,-2.823803711E1,5.387263589E1
3.795940167E0,1.984313774E1,-4.123424530E1,-2.840734863E1,5.386084438E1
3.805983167E0,1.975980568E1,-4.120216751E1,-2.816711426E1,5.367918455E1
3.816026167E0,1.932382393E1,-4.115488815E1,-2.829315186E1,5.355032616E1
3.826069166E0,1.895036507E1,-4.086438370E1,-2.870672607E1,5.341432685E1
3.836113167E0,1.976670837E1,-4.042404175E1,-2.960830688E1,5.386536687E1
3.846156166E0,1.917045593E1,-4.027616882E1,-3.024032593E1,5.389019825E1
3.856199167E0,1.877042770E1,-4.014141464E1,-2.991488647E1,5.346552682E1
3.866242167E0,1.820806122E1,-4.017954254E1,-3.018222046E1,5.344993512E1
3.876285166E0,1.808726120E1,-3.985933304E1,-3.043325806E1,5.331133692E1
3.886328167E0,1.775460815E1,-4.006099701E1,-3.052651978E1,5.340391373E1
3.896371167E0,1.780490875E1,-3.972542953E1,-3.043905640E1,5.311930611E1
3.906414167E0,1.764952469E1,-3.973789215E1,-3.055960083E1,5.314597818E1
3.916457166E0,1.790668106E1,-3.965814972E1,-2.977719116E1,5.272664582E1
3.926500167E0,1.793619537E1,-3.959705353E1,-3.051382446E1,5.311051907E1
3.936543167E0,1.793215179E1,-3.938318634E1,-2.977194214E1,5.252586004E1
3.946587167E0,1.757675552E1,-3.929364395E1,-3.013284302E1,5.254446705E1
3.956630167E0,1.756046677E1,-3.912670898E1,-3.014456177E1,5.242102587E1
3.966673166E0,1.699982452E1,-3.919140244E1,-3.061611938E1,5.255765239E1
3.976716167E0,1.669688034E1,-3.903166580E1,-3.039865112E1,5.221431546E1
3.986759167E0,1.584909439E1,-3.911487198E1,-3.080410767E1,5.224997657E1
3.996802167E0,1.551610947E1,-3.872242355E1,-3.012435913E1,5.145534717E1
4.006845166E0,1.499632645E1,-3.864700317E1,-3.114480591E1,5.185055059E1
4.016888167E0,1.112703133E1,-3.898395538E1,-3.104119873E1,5.105992188E1
4.026931167E0,1.116559410E1,-3.870693588E1,-3.026007080E1,5.038421640E1
4.036974167E0,1.106968117E1,-3.870647049E1,-3.108184814E1,5.086069192E1
4.047017167E0,1.116285133E1,-3.859026718E1,-3.083660889E1,5.064300957E1
4.057060167E0,1.104242897E1,-3.852471924E1,-3.087762451E1,5.059166854E1
4.067104167E0,1.108263588E1,-3.829118347E1,-3.050463867E1,5.019534371E1
4.077147167E0,1.093710518E1,-3.833615875E1,-3.074414062E1,5.034365422E1
4.087190167E0,1.085389137E1,-3.832752991E1,-3.038287354E1,5.009915679E1
4.097233166E0,1.039015007E1,-3.813654327E1,-3.093420410E1,5.019239120E1
4.107276167E0,1.011384392E1,-3.795571518E1,-3.030102539E1,4.960925613E1
4.117319167E0,9.496557236E0,-3.776265717E1,-3.132287598E1,4.997324719E1
4.127362167E0,9.175870895E0,-3.760801697E1,-3.087341309E1,4.951491879E1
4.137405166E0,8.568941116E0,-3.730956268E1,-3.114978027E1,4.935320689E1
4.147448167E0,8.198656082E0,-3.704018402E1,-3.143994141E1,4.927132137E1
4.157491167E0,8.041147232E0,-3.685535049E1,-3.180187988E1,4.933899546E1
4.167534166E0,7.958745956E0,-3.655479813E1,-3.196301270E1,4.920598626E1
4.177577167E0,7.887186050E0,-3.634433365E1,-3.227514648E1,4.924229252E1
4.187621166E0,7.684968948E0,-3.615513611E1,-3.197052002E1,4.887091942E1
4.197664167E0,7.530668259E0,-3.596396255E1,-3.222705078E1,4.887433242E1
4.207707167E0,7.363489151E0,-3.599521255E1,-3.190625000E1,4.866091952E1
4.217750167E0,7.267015457E0,-3.558165741E1,-3.248712158E1,4.872655258E1
4.227793166E0,9.287843704E0,-3.514581680E1,-3.356185913E1,4.947616464E1
4.237836167E0,9.145986557E0,-3.488127136E1,-3.325369263E1,4.905262720E1
4.247879167E0,8.996496201E0,-3.490377426E1,-3.390658569E1,4.948602788E1
4.257922166E0,8.961547852E0,-3.465127563E1,-3.357247925E1,4.907271753E1
4.267965167E0,8.833543777E0,-3.455443573E1,-3.361288452E1,4.900884135E1
4.278008167E0,8.952043533E0,-3.426354599E1,-3.403048706E1,4.911419058E1
4.288051167E0,8.998640060E0,-3.435837173E1,-3.393405151E1,4.912222596E1
4.298094166E0,9.013059616E0,-3.404521561E1,-3.387393188E1,4.886466219E1
4.308138167E0,9.164964676E0,-3.421079254E1,-3.392996216E1,4.904709202E1
4.318181166E0,9.601249695E0,-3.402977371E1,-3.322189331E1,4.851704535E1
4.328224167E0,1.048296928E1,-3.371986008E1,-3.349383545E1,4.866989441E1
4.338267167E0,1.072554588E1,-3.352823639E1,-3.287988281E1,4.816914639E1
4.348310167E0,1.043458748E1,-3.345005417E1,-3.324023438E1,4.829803227E1
4.358353167E0,1.045185661E1,-3.320736694E1,-3.304840088E1,4.800174295E1
4.368396167E0,1.046471977E1,-3.339348984E1,-3.312365723E1,4.818518643E1
4.378439167E0,1.072608376E1,-3.300551224E1,-3.311431885E1,4.796843570E1
4.388482166E0,1.071374321E1,-3.339445114E1,-3.303985596E1,4.818304414E1
4.398525333E0,1.092917442E1,-3.304467773E1,-3.224145508E1,4.744374570E1
4.408568333E0,1.099214745E1,-3.309972000E1,-3.306182861E1,4.805729165E1
4.418611333E0,1.095345879E1,-3.295394897E1,-3.252770996E1,4.758143470E1
4.428655333E0,1.165681458E1,-3.276734161E1,-3.326504517E1,4.812632577E1
4.438698333E0,1.158503723E1,-3.231601334E1,-3.302206421E1,4.763396404E1
4.448741333E0,1.157735825E1,-3.234955597E1,-3.342837524E1,4.793730559E1
4.458784333E0,1.179497528E1,-3.196953201E1,-3.368637085E1,4.791600985E1
4.468827333E0,1.179791260E1,-3.189388275E1,-3.391592407E1,4.802812097E1
4.478870333E0,1.183449936E1,-3.147764969E1,-3.367440796E1,4.759058264E1
4.488913334E0,1.190116119E1,-3.145007324E1,-3.436282349E1,4.807856469E1
4.498956333E0,1.191450119E1,-3.124008179E1,-3.356710815E1,4.737772471E1
4.508999333E0,1.251102257E1,-3.114178467E1,-3.366992188E1,4.753945811E1
4.519042333E0,1.277992439E1,-3.117192459E1,-3.449761963E1,4.821930226E1
4.529085333E0,1.271159935E1,-3.106808853E1,-3.383123779E1,4.765882430E1
4.539128333E0,1.290617561E1,-3.116649246E1,-3.370709229E1,4.768739552E1
4.549172333E0,1.354685402E1,-3.080031967E1,-3.378753662E1,4.768411241E1
4.559215333E0,1.347118187E1,-3.069514084E1,-3.404827881E1,4.778022292E1
4.569258333E0,1.349063301E1,-3.050633621E1,-3.428955078E1,4.783729738E1
4.579301334E0,1.345339012E1,-3.010902023E1,-3.451885986E1,4.773990460E1
4.589344333E0,1.350607681E1,-2.979862976E1,-3.425036621E1,4.736517742E1
4.599387333E0,1.337708664E1,-2.939838791E1,-3.513793945E1,4.772720867E1
4.609430333E0,1.363737869E1,-2.919927597E1,-3.489758301E1,4.750175907E1
4.619473333E0,1.370753098E1,-2.888397598E1,-3.537976074E1,4.768551084E1
4.629516333E0,1.406311035E1,-2.878437042E1,-3.531268311E1,4.767910068E1
4.639559333E0,1.412176895E1,-2.852473450E1,-3.516839600E1,4.743312043E1
4.649602333E0,1.407855988E1,-2.862799454E1,-3.539208984E1,4.764837818E1
4.659645333E0,1.424703217E1,-2.820305634E1,-3.486248779E1,4.705085937E1
4.669689333E0,1.426057816E1,-2.850033188E1,-3.470581055E1,4.711821614E1
4.679732333E0,1.430698395E1,-2.826810074E1,-3.487524414E1,4.711749105E1
4.689775333E0,1.435869217E1,-2.847787476E1,-3.465991211E1,4.710064648E1
4.699818333E0,1.444888306E1,-2.825290298E1,-3.501605225E1,4.725590612E1
4.709861333E0,1.444764328E1,-2.839993286E1,-3.502734375E1,4.735193125E1
4.719904333E0,1.442599678E1,-2.804959869E1,-3.465478516E1,4.685982826E1
4.729947333E0,1.457713890E1,-2.803925705E1,-3.536218262E1,4.742548760E1
4.739990333E0,1.459910011E1,-2.773949432E1,-3.468060303E1,4.674780739E1
4.750033333E0,1.502117348E1,-2.775082016E1,-3.569311523E1,4.764181092E1
4.760076333E0,1.473338890E1,-2.734452057E1,-3.538922119E1,4.708707392E1
4.770119333E0,1.499503136E1,-2.741729355E1,-3.532916260E1,4.716681758E1
4.780162334E0,1.493662834E1,-2.710290527E1,-3.524853516E1,4.690553881E1
4.790206333E0,1.498466301E1,-2.742330170E1,-3.539825439E1,4.721878880E1
4.800249333E0,1.533876228E1,-2.718807602E1,-3.466888428E1,4.665190932E1
4.810292333E0,1.532200050E1,-2.728809738E1,-3.542797852E1,4.727098074E1
4.820335333E0,1.530233955E1,-2.714791107E1,-3.476940918E1,4.669135344E1
4.830378333E0,1.530776024E1,-2.736804199E1,-3.539685059E1,4.728926176E1
4.840421333E0,1.513065147E1,-2.709116364E1,-3.490631104E1,4.670458555E1
4.850464333E0,1.489882088E1,-2.745562744E1,-3.507849121E1,4.697112823E1
4.860507333E0,1.462824059E1,-2.725492096E1,-3.482543945E1,4.657925903E1
4.870550334E0,1.464998817E1,-2.749239731E1,-3.523632812E1,4.703246627E1
4.880593333E0,1.458756065E1,-2.720450592E1,-3.526123047E1,4.686402077E1
4.890636333E0,1.447816277E1,-2.709574890E1,-3.587072754E1,4.722823202E1
4.900679333E0,1.513006973E1,-2.672227478E1,-3.519030762E1,4.670499684E1
4.910723333E0,1.524127197E1,-2.683221436E1,-3.574377441E1,4.722162119E1
4.920766333E0,1.502559662E1,-2.672966385E1,-3.512780762E1,4.662838568E1
4.930809333E0,1.481365967E1,-2.665524292E1,-3.527014160E1,4.662541556E1
4.940852333E0,1.481671906E1,-2.664517212E1,-3.543377686E1,4.674454945E1
4.950895333E0,1.469322205E1,-2.677703094E1,-3.551715088E1,4.684408358E1
4.960938333E0,1.435760117E1,-2.674571228E1,-3.552947998E1,4.673133621E1
4.970981333E0,1.379261780E1,-2.679255676E1,-3.568408203E1,4.670579315E1
4.981024333E0,1.338285446E1,-2.696895218E1,-3.506036377E1,4.621313972E1
4.991067333E0,1.321009064E1,-2.714373016E1,-3.579443359E1,4.682446004E1
5.001110333E0,1.321009064E1,-2.714373016E1,-3.579443359E1,4.682446004E1
5.011153333E0,1.309949875E1,-2.729724121E1,-3.511590576E1,4.636661604E1
5.021196333E0,1.294163704E1,-2.751469421E1,-3.544561768E1,4.670049442E1
5.031240333E0,1.317149734E1,-2.759587097E1,-3.541577148E1,4.678992741E1
5.041283333E0,1.254354095E1,-2.815544891E1,-3.490130615E1,4.656362201E1
5.051326333E0,1.268147278E1,-2.835475159E1,-3.524108887E1,4.697601552E1
5.061369333E0,1.219700241E1,-2.842906189E1,-3.476177979E1,4.653342628E1
5.071412333E0,1.205265427E1,-2.845583344E1,-3.487005615E1,4.659315129E1
5.081455333E0,1.159774590E1,-2.831180954E1,-3.487872314E1,4.639602998E1
5.091498333E0,1.096203613E1,-2.853241730E1,-3.473364258E1,4.626760205E1
5.101541333E0,1.019381523E1,-2.831141281E1,-3.513629150E1,4.626023071E1
5.111584333E0,1.074492455E1,-2.861013031E1,-3.530352783E1,4.669402571E1
5.121627333E0,9.591154099E0,-2.845453262E1,-3.471124268E1,4.589685209E1
5.131670333E0,9.308015823E0,-2.846289825E1,-3.578430176E1,4.666146148E1
5.141713333E0,8.253135681E0,-2.837916183E1,-3.537487793E1,4.609634545E1
5.151757333E0,6.771039963E0,-2.840172195E1,-3.629116821E1,4.657846801E1
5.161800333E0,6.464450836E0,-2.823162460E1,-3.598709106E1,4.619398744E1
5.171843333E0,6.088693619E0,-2.831604004E1,-3.628671265E1,4.642839463E1
5.181886334E0,5.771650314E0,-2.787731552E1,-3.627743530E1,4.611408657E1
5.191929333E0,5.960107803E0,-2.790042877E1,-3.681213379E1,4.657349037E1
5.201972333E0,5.426841736E0,-2.717160797E1,-3.640557861E1,4.575055240E1
5.212015333E0,5.506771088E0,-2.670126343E1,-3.760614014E1,4.644893726E1
5.222058333E0,5.399913788E0,-2.593292999E1,-3.707647705E1,4.556688576E1
5.232101333E0,4.684770584E0,-2.452879333E1,-3.843548584E1,4.583552497E1
5.242144333E0,4.736490250E0,-2.377619553E1,-3.796710205E1,4.504711591E1
5.252187333E0,4.519906998E0,-2.360362625E1,-3.861492920E1,4.548267240E1
5.262230333E0,4.322227478E0,-2.301005173E1,-3.857617188E1,4.512499493E1
5.272274334E0,4.093187332E0,-2.280303955E1,-3.926080322E1,4.558665885E1
5.282317333E0,3.898469925E0,-2.257198715E1,-3.876751709E1,4.502902456E1
5.292360333E0,3.964275360E0,-2.265687561E1,-3.967083740E1,4.585656803E1
5.302403333E0,3.579423904E0,-2.287919998E1,-3.840515137E1,4.484669128E1
5.312446333E0,3.593688965E0,-2.334464264E1,-3.931420898E1,4.586386343E1
5.322489333E0,3.516098022E0,-2.375654221E1,-3.808758545E1,4.502666330E1
5.332532333E0,3.488779068E0,-2.428755188E1,-3.852352905E1,4.567405222E1
5.342575333E0,3.632768631E0,-2.472695923E1,-3.791360474E1,4.540992121E1
5.352618333E0,3.593286514E0,-2.496561050E1,-3.789163208E1,4.551888836E1
5.362661333E0,3.656923294E0,-2.508567810E1,-3.781069946E1,4.552266828E1
5.372704333E0,3.624897003E0,-2.519975662E1,-3.779061890E1,4.556641843E1
5.382747333E0,3.808263779E0,-2.527943420E1,-3.710336304E1,4.505787629E1
5.392790083E0,3.546171188E0,-2.531152725E1,-3.784988403E1,4.567124329E1
5.402834083E0,3.421588898E0,-2.540338135E1,-3.714346313E1,4.512954584E1
5.412877083E0,3.038654327E0,-2.537037277E1,-3.780490112E1,4.563003160E1
5.422920083E0,3.112358093E0,-2.548528671E1,-3.764456177E1,4.556643109E1
5.432963083E0,2.999732971E0,-2.555854797E1,-3.714614868E1,4.518931438E1
5.443006083E0,3.091434479E0,-2.571990967E1,-3.727322388E1,4.539123196E1
5.453049083E0,3.181041718E0,-2.586320496E1,-3.671365356E1,4.502129224E1
5.463092083E0,3.658237457E0,-2.606179047E1,-3.666085815E1,4.512890586E1
5.473135083E0,3.752365112E0,-2.608801651E1,-3.673770142E1,4.521419638E1
5.483178083E0,3.871831894E0,-2.628538513E1,-3.634121704E1,4.501773661E1
5.493221083E0,3.871831894E0,-2.628538513E1,-3.634121704E1,4.501773661E1
5.503264084E0,3.761249542E0,-2.633711624E1,-3.635794067E1,4.505208697E1
5.513307083E0,3.862957001E0,-2.651055145E1,-3.638848877E1,4.518687741E1
5.523351084E0,3.657785416E0,-2.655796432E1,-3.553021240E1,4.450955916E1
5.533394083E0,3.673948288E0,-2.668713760E1,-3.634521484E1,4.524020172E1
5.543437083E0,3.112630844E0,-2.663563156E1,-3.521118164E1,4.426028301E1
5.553480083E0,3.064249039E0,-2.669891357E1,-3.639910889E1,4.524507416E1
5.563523083E0,2.737638474E0,-2.668983078E1,-3.569732666E1,4.465580435E1
5.573566083E0,3.228666306E0,-2.675004578E1,-3.600915527E1,4.497386462E1
5.583609083E0,3.004728317E0,-2.653989029E1,-3.515039062E1,4.414684734E1
5.593652083E0,3.172609329E0,-2.680481720E1,-3.609283447E1,4.506946167E1
5.603695083E0,2.883565903E0,-2.666894150E1,-3.482458496E1,4.395792432E1
5.613738083E0,3.015747070E0,-2.692683411E1,-3.623974609E1,4.524895935E1
5.623781083E0,2.478694916E0,-2.713365173E1,-3.449728394E1,4.395954485E1
5.633824083E0,2.697416306E0,-2.721297836E1,-3.575521851E1,4.501397446E1
5.643868083E0,2.381034851E0,-2.702232361E1,-3.448104858E1,4.387274794E1
5.653911083E0,2.701822281E0,-2.718553925E1,-3.523928833E1,4.458879713E1
5.663954083E0,2.796985626E0,-2.699442673E1,-3.463418579E1,4.400055714E1
5.673997083E0,2.885810852E0,-2.693279648E1,-3.556515503E1,4.470552184E1
5.684040083E0,2.765844345E0,-2.686612320E1,-3.442739868E1,4.375710515E1
5.694083083E0,3.218782425E0,-2.686491013E1,-3.588583374E1,4.494304195E1
5.704126083E0,3.324802399E0,-2.672917175E1,-3.396945190E1,4.335235399E1
5.714169083E0,3.850311279E0,-2.660762405E1,-3.535910034E1,4.441910098E1
5.724212083E0,4.593717575E0,-2.622455215E1,-3.378115845E1,4.301158033E1
5.734255083E0,5.070995331E0,-2.625758743E1,-3.516671753E1,4.418001713E1
5.744298083E0,4.940418243E0,-2.610104370E1,-3.432473755E1,4.340345404E1
5.754341083E0,5.189319611E0,-2.607082367E1,-3.481625366E1,4.380397703E1
5.764384083E0,5.063398361E0,-2.617227554E1,-3.412374878E1,4.330191960E1
5.774428083E0,5.257516861E0,-2.623860550E1,-3.483114624E1,4.392396442E1
5.784471083E0,5.730627060E0,-2.607395935E1,-3.329357910E1,4.267497923E1
5.794514083E0,5.644594193E0,-2.594810486E1,-3.435308838E1,4.342004457E1
5.804557083E0,5.906652451E0,-2.599313736E1,-3.329528809E1,4.265100165E1
5.814600084E0,6.000919342E0,-2.598446274E1,-3.421453857E1,4.338015660E1
5.824643083E0,6.149942398E0,-2.590758896E1,-3.368902588E1,4.294153493E1
5.834686083E0,6.056921005E0,-2.586315918E1,-3.354187012E1,4.278605317E1
5.844729083E0,6.418584824E0,-2.578919601E1,-3.360028076E1,4.283993148E1
5.854772083E0,5.851243973E0,-2.565656281E1,-3.355157471E1,4.264040849E1
5.864815083E0,6.863685608E0,-2.469961166E1,-3.349694824E1,4.218087882E1
5.874858083E0,7.408794403E0,-2.430564117E1,-3.361407471E1,4.213739961E1
5.884901083E0,8.544380188E0,-2.368433380E1,-3.354467773E1,4.194281231E1
5.894944083E0,8.871988297E0,-2.320597458E1,-3.333306885E1,4.157310322E1
5.904988084E0,1.082841110E1,-2.266661835E1,-3.387338257E1,4.217150840E1
5.915031083E0,1.042957497E1,-2.250146484E1,-3.281423950E1,4.113230200E1
5.925074083E0,1.073074913E1,-2.221726608E1,-3.432931519E1,4.227597155E1
5.935117083E0,1.010125160E1,-2.251226425E1,-3.317904663E1,4.134835500E1
5.945160083E0,1.016354179E1,-2.237096024E1,-3.483047485E1,4.262533780E1
5.955203083E0,9.330945969E0,-2.295548630E1,-3.375332642E1,4.187252020E1
5.965246083E0,8.378532410E0,-2.223436356E1,-3.473455811E1,4.208391920E1
5.975289083E0,7.447690964E0,-2.275116730E1,-3.348876953E1,4.116529362E1
5.985332083E0,7.447690964E0,-2.275116730E1,-3.348876953E1,4.116529362E1
5.995375083E0,7.563699722E0,-2.259391785E1,-3.517932129E1,4.248857874E1
6.005418083E0,7.422605515E0,-2.309414291E1,-3.319750977E1,4.111580188E1
6.015461084E0,8.201040268E0,-2.275459290E1,-3.518896484E1,4.270002115E1
6.025505083E0,8.332828522E0,-2.313637924E1,-3.202703857E1,4.037894594E1
6.035548083E0,9.544504166E0,-2.261301422E1,-3.436102295E1,4.222707508E1
6.045591083E0,1.037739182E1,-2.318854904E1,-3.146957397E1,4.044419802E1
6.055634083E0,1.106386948E1,-2.275487518E1,-3.346652222E1,4.195475732E1
6.065677083E0,1.052525520E1,-2.316956329E1,-3.146011353E1,4.046416196E1
6.075720083E0,1.104081535E1,-2.279131317E1,-3.365811157E1,4.212139640E1
6.085763083E0,1.067830658E1,-2.302816772E1,-3.135122681E1,4.033884186E1
6.095806083E0,1.102206802E1,-2.257868576E1,-3.369076538E1,4.202797528E1
6.105849084E0,1.060649300E1,-2.318074417E1,-3.086569214E1,4.003168177E1
6.115892083E0,1.060422134E1,-2.280656815E1,-3.372891235E1,4.207408453E1
6.125935083E0,9.922372818E0,-2.340126419E1,-3.130795288E1,4.032692105E1
6.135978083E0,9.816699982E0,-2.324686050E1,-3.400271606E1,4.234346256E1
6.146021083E0,9.325717926E0,-2.385306168E1,-3.220510864E1,4.114737645E1
6.156065083E0,9.165849686E0,-2.373025894E1,-3.391323853E1,4.239393515E1
6.166108083E0,8.995285034E0,-2.420410156E1,-3.207406616E1,4.117644236E1
6.176151083E0,9.646427155E0,-2.370634460E1,-3.369314575E1,4.231161072E1
6.186194083E0,9.774698257E0,-2.410376358E1,-3.228848267E1,4.146181686E1
6.196237084E0,9.812591553E0,-2.388850784E1,-3.402633667E1,4.271696791E1
6.206280083E0,9.987312317E0,-2.404265976E1,-3.243637085E1,4.159223545E1
6.216323083E0,1.001707458E1,-2.388691330E1,-3.363784790E1,4.245504942E1
6.226366083E0,1.045049477E1,-2.402169418E1,-3.287466431E1,4.203567753E1
6.236409083E0,1.044542313E1,-2.386864471E1,-3.314694214E1,4.216086856E1
6.246452083E0,1.105433655E1,-2.386294174E1,-3.304800415E1,4.223516217E1
6.256495083E0,1.075154877E1,-2.400854111E1,-3.322714233E1,4.237981636E1
6.266538083E0,1.133176041E1,-2.392667389E1,-3.337014771E1,4.259649370E1
6.276581083E0,1.110331154E1,-2.453396225E1,-3.341342163E1,4.291451475E1
6.286625083E0,1.138808060E1,-2.458478546E1,-3.308120728E1,4.276056981E1
6.296668083E0,1.102768517E1,-2.457891083E1,-3.334963989E1,4.287109957E1
6.306711083E0,1.130317688E1,-2.468922806E1,-3.384854126E1,4.339404954E1
6.316754083E0,1.075732231E1,-2.481650162E1,-3.309878540E1,4.274468775E1
6.326797083E0,1.091949081E1,-2.491829681E1,-3.432138062E1,4.379627796E1
6.336840083E0,1.054192924E1,-2.527876282E1,-3.338912964E1,4.318543852E1
6.346883083E0,1.081430435E1,-2.529017639E1,-3.477322388E1,4.433643309E1
6.356926083E0,1.016080284E1,-2.533007812E1,-3.379959106E1,4.344268786E1
6.366969083E0,1.045039940E1,-2.541195297E1,-3.477108765E1,4.431711563E1
6.377012083E0,1.002705002E1,-2.555521011E1,-3.395877075E1,4.366701967E1
6.387055083E0,1.029444885E1,-2.550092697E1,-3.534780884E1,4.478549479E1
6.397098458E0,1.005123901E1,-2.551347733E1,-3.422756958E1,4.385762705E1
6.407141458E0,1.044926834E1,-2.534331131E1,-3.570065308E1,4.501119046E1
6.417185458E0,1.022455788E1,-2.536064911E1,-3.401773071E1,4.364527592E1
6.427228458E0,1.051674843E1,-2.530628586E1,-3.571206665E1,4.501512863E1
6.437271458E0,1.012998581E1,-2.544355011E1,-3.410366821E1,4.373843893E1
6.447314458E0,1.042616081E1,-2.560636139E1,-3.553347778E1,4.502242348E1
6.457357458E0,9.997161865E0,-2.573213577E1,-3.446859741E1,4.416073215E1
6.467400458E0,1.030310249E1,-2.576378250E1,-3.577639771E1,4.527556783E1
6.477443459E0,1.124242401E1,-2.472300339E1,-3.582901001E1,4.495928105E1
6.487486458E0,1.102377319E1,-2.480895996E1,-3.443417358E1,4.384883556E1
6.497529458E0,1.125403786E1,-2.497955322E1,-3.564883423E1,4.496076989E1
6.507572458E0,1.117596245E1,-2.517159653E1,-3.389791870E1,4.367585489E1
6.517615458E0,1.153990555E1,-2.539804077E1,-3.547482300E1,4.512973479E1
6.527658458E0,1.133942223E1,-2.547057724E1,-3.406729126E1,4.402173480E1
6.537702458E0,1.132389832E1,-2.548827362E1,-3.545822144E1,4.511283889E1
6.547745458E0,1.098274422E1,-2.544031525E1,-3.436874390E1,4.414794296E1
6.557788458E0,1.082775116E1,-2.566021729E1,-3.496466064E1,4.470139193E1
6.567831459E0,1.069208527E1,-2.555696869E1,-3.411444092E1,4.394626736E1
6.577874458E0,1.044445419E1,-2.564781189E1,-3.497814941E1,4.461353847E1
6.587917458E0,1.011146736E1,-2.571406555E1,-3.401635742E1,4.382427993E1
6.597960458E0,9.868053436E0,-2.574987411E1,-3.510656738E1,4.464197094E1
6.608003458E0,9.686143875E0,-2.573372650E1,-3.426507568E1,4.393337540E1
6.618046458E0,9.278421402E0,-2.566728210E1,-3.472088623E1,4.416376812E1
6.628089458E0,8.517093658E0,-2.577478790E1,-3.450656128E1,4.390425204E1
6.638132458E0,7.980667114E0,-2.582207108E1,-3.426785278E1,4.364351196E1
6.648175458E0,7.588945389E0,-2.601106644E1,-3.473153687E1,4.405050876E1
6.658218458E0,6.540189743E0,-2.614651108E1,-3.480184937E1,4.401798317E1
6.668262458E0,6.134191513E0,-2.641098404E1,-3.509426880E1,4.434834930E1
6.678305458E0,5.402849197E0,-2.634842682E1,-3.544161987E1,4.449200821E1
6.688348458E0,4.989873886E0,-2.656424713E1,-3.501687622E1,4.423505044E1
6.698391458E0,4.510166168E0,-2.661207962E1,-3.526657104E1,4.441030752E1
6.708434458E0,4.177238464E0,-2.685446548E1,-3.527359009E1,4.452906686E1
6.718477458E0,3.776205063E0,-2.680756378E1,-3.469174194E1,4.400479701E1
6.728520458E0,3.831853867E0,-2.672715759E1,-3.543862915E1,4.455244654E1
6.738563458E0,3.861818314E0,-2.671356201E1,-3.516738892E1,4.433140286E1
6.748606458E0,3.854408264E0,-2.674109650E1,-3.576919556E1,4.482608678E1
6.758649458E0,3.753784180E0,-2.646244431E1,-3.531143188E1,4.428599187E1
6.768692459E0,3.404222488E0,-2.639406204E1,-3.539230347E1,4.428149034E1
6.778735458E0,3.318906784E0,-2.612182999E1,-3.544253540E1,4.415357811E1
6.788778458E0,3.132827759E0,-2.598212814E1,-3.581503296E1,4.435766200E1
6.798822458E0,2.965578079E0,-2.568539429E1,-3.562319946E1,4.401757005E1
6.808865458E0,3.095701218E0,-2.572592926E1,-3.642526245E1,4.470130364E1
6.818908458E0,3.131774902E0,-2.554127502E1,-3.544650269E1,4.380204672E1
6.828951458E0,3.249317169E0,-2.560198593E1,-3.618948364E1,4.444882982E1
6.838994458E0,3.304428101E0,-2.542512131E1,-3.554592896E1,4.382772072E1
6.849037458E0,3.141963959E0,-2.542029190E1,-3.613107300E1,4.428902363E1
6.859080459E0,3.038208008E0,-2.519199753E1,-3.612869263E1,4.414917755E1
6.869123458E0,3.064590454E0,-2.521487427E1,-3.657687378E1,4.453144164E1
6.879166458E0,2.937385559E0,-2.494390106E1,-3.665176392E1,4.443172552E1
6.889209458E0,2.348899841E0,-2.515299988E1,-3.696008301E1,4.476872200E1
6.899252458E0,2.202547073E0,-2.493886566E1,-3.592803955E1,4.379066407E1
6.909295458E0,2.192998886E0,-2.500759125E1,-3.703161621E1,4.473845620E1
6.919338458E0,2.004796982E0,-2.495934296E1,-3.648541260E1,4.425125246E1
6.929382458E0,2.168590546E0,-2.495078659E1,-3.734429932E1,4.496488883E1
6.939425458E0,2.257846832E0,-2.491770935E1,-3.702008057E1,4.468194800E1
6.949468458E0,2.406906128E0,-2.508378983E1,-3.704534912E1,4.480343291E1
6.959511458E0,2.484043121E0,-2.488676071E1,-3.698840332E1,4.465045699E1
6.969554458E0,2.322202682E0,-2.480363846E1,-3.701745605E1,4.461956027E1
6.979597458E0,2.431058884E0,-2.488360596E1,-3.720965576E1,4.482925802E1
6.989640458E0,2.457193375E0,-2.485593414E1,-3.659362793E1,4.430517878E1
6.999683458E0,2.477565765E0,-2.474951935E1,-3.748059082E1,4.498301600E1
7.009726458E0,2.673357010E0,-2.470357895E1,-3.689648438E1,4.448330260E1
7.019769458E0,2.748500824E0,-2.465145874E1,-3.739440918E1,4.487304885E1
7.029812458E0,3.003232956E0,-2.458352280E1,-3.701940918E1,4.453993329E1
7.039855458E0,3.116825104E0,-2.468995667E1,-3.693524170E1,4.453673358E1
7.049898458E0,3.526159286E0,-2.486122894E1,-3.709704590E1,4.479626456E1
7.059942458E0,3.885377884E0,-2.493841171E1,-3.710333252E1,4.487402171E1
7.069985458E0,4.256572723E0,-2.501959610E1,-3.704034424E1,4.490084299E1
7.080028458E0,4.567701340E0,-2.493063736E1,-3.708026123E1,4.491487891E1
7.090071458E0,4.960655212E0,-2.512091064E1,-3.675018311E1,4.479111753E1
7.100114458E0,5.127956390E0,-2.507642746E1,-3.722348022E1,4.517422529E1
7.110157458E0,5.597167969E0,-2.534435272E1,-3.687582397E1,4.509424462E1
7.120200458E0,5.522804260E0,-2.527882767E1,-3.656832886E1,4.479691028E1
7.130243458E0,5.640424728E0,-2.533653641E1,-3.678530884E1,4.502125514E1
7.140286458E0,5.512388229E0,-2.529668045E1,-3.629507446E1,4.458296643E1
7.150329458E0,5.549369812E0,-2.537202072E1,-3.670700073E1,4.496597429E1
7.160372458E0,5.717292786E0,-2.527607346E1,-3.619082642E1,4.451228193E1
7.170415458E0,5.687362671E0,-2.536787033E1,-3.618130493E1,4.455290973E1
7.180458458E0,5.714572906E0,-2.533428574E1,-3.632015991E1,4.465015558E1
7.190501458E0,5.910737991E0,-2.557706070E1,-3.638534546E1,4.486664933E1
7.200545458E0,5.606830597E0,-2.536893463E1,-3.645120239E1,4.476281436E1
7.210588458E0,5.581106186E0,-2.546498871E1,-3.692788696E1,4.520269054E1
7.220631458E0,5.658853531E0,-2.531916809E1,-3.623532104E1,4.456547304E1
7.230674458E0,5.235422134E0,-2.553131104E1,-3.682333374E1,4.511336161E1
7.240717458E0,4.796527863E0,-2.531365967E1,-3.634747314E1,4.455251788E1
7.250760458E0,4.188159943E0,-2.567014694E1,-3.661895752E1,4.491597909E1
7.260803458E0,3.844810486E0,-2.553764725E1,-3.657788086E1,4.477605792E1
7.270846458E0,3.363338470E0,-2.580359650E1,-3.653302002E1,4.485308450E1
7.280889458E0,2.833723068E0,-2.573517609E1,-3.619299316E1,4.450013515E1
7.290932458E0,2.456615448E0,-2.608245087E1,-3.658691406E1,4.499923870E1
7.300975458E0,2.146718979E0,-2.609759521E1,-3.575732422E1,4.432018856E1
7.311018458E0,1.816467285E0,-2.629281616E1,-3.628179932E1,4.484395942E1
7.321061458E0,1.608823776E0,-2.639343643E1,-3.583334351E1,4.453347401E1
7.331104458E0,1.725639343E0,-2.646873093E1,-3.633407593E1,4.498596027E1
7.341148458E0,1.331329346E0,-2.653473282E1,-3.608267212E1,4.480874592E1
7.351191458E0,1.030040741E0,-2.669175720E1,-3.621060181E1,4.499687289E1
7.361234458E0,7.163524628E-1,-2.663228226E1,-3.579827881E1,4.462407853E1
7.371277459E0,4.515628815E-1,-2.680746078E1,-3.596478271E1,4.485877237E1
7.381320458E0,1.428184509E-1,-2.693238449E1,-3.541198730E1,4.449025260E1
7.391363458E0,-2.137298584E-1,-2.708108521E1,-3.588305664E1,4.495580730E1
7.401406541E0,-7.532787323E-1,-2.704970169E1,-3.546862793E1,4.461252467E1
7.411449542E0,-1.340871811E0,-2.700665283E1,-3.564685059E1,4.474209641E1
7.421492542E0,-1.874118805E0,-2.705353165E1,-3.556951904E1,4.472802903E1
7.431535542E0,-2.288263321E0,-2.711313629E1,-3.539819336E1,4.464740084E1
7.441578541E0,-3.078334808E0,-2.722533417E1,-3.556631470E1,4.489607674E1
7.451621542E0,-3.078334808E0,-2.722533417E1,-3.556631470E1,4.489607674E1
7.461664542E0,-3.753423691E0,-2.720042801E1,-3.501785278E1,4.449945490E1
7.471708542E0,-4.180624962E0,-2.723844528E1,-3.519833374E1,4.470272055E1
7.481751542E0,-4.632354736E0,-2.719498444E1,-3.502227783E1,4.458234890E1
7.491794541E0,-4.873606682E0,-2.734083939E1,-3.459661865E1,4.436439521E1
7.501837542E0,-5.261561394E0,-2.721190643E1,-3.469000244E1,4.440234396E1
7.511880542E0,-5.352219582E0,-2.730929184E1,-3.439672852E1,4.424453195E1
7.521923542E0,-5.701910019E0,-2.730686188E1,-3.447137451E1,4.434469691E1
7.531966541E0,-5.831235886E0,-2.733132935E1,-3.472613525E1,4.457476131E1
7.542009542E0,-6.008695602E0,-2.717525101E1,-3.435998535E1,4.421772590E1
7.552052542E0,-6.409034729E0,-2.710587692E1,-3.487872314E1,4.463551969E1
7.562095542E0,-6.742356300E0,-2.688878250E1,-3.424444580E1,4.405846186E1
7.572138542E0,-7.218015671E0,-2.688979340E1,-3.426477051E1,4.415014425E1
7.582181542E0,-7.671703339E0,-2.677450562E1,-3.443554688E1,4.428923201E1
7.592224542E0,-8.194170952E0,-2.681460571E1,-3.410156250E1,4.414843239E1
7.602268542E0,-8.678504944E0,-2.648230743E1,-3.408734131E1,4.402926178E1
7.612311542E0,-9.039888382E0,-2.642507553E1,-3.442462158E1,4.432898341E1
7.622354541E0,-9.116848946E0,-2.638806915E1,-3.373175049E1,4.378673451E1
7.632397542E0,-9.602466583E0,-2.645853806E1,-3.435766602E1,4.441520927E1
7.642440542E0,-9.774947166E0,-2.619747925E1,-3.391607666E1,4.395631658E1
7.652483542E0,-9.974666595E0,-2.637303543E1,-3.430926514E1,4.440897033E1
7.662526542E0,-9.937500000E0,-2.624980927E1,-3.458380127E1,4.454038283E1
7.672569542E0,-1.023353100E1,-2.628178406E1,-3.432708740E1,4.442753943E1
7.682612542E0,-1.000019455E1,-2.620036697E1,-3.405670166E1,4.411714008E1
7.692655541E0,-1.035548019E1,-2.634221268E1,-3.420635986E1,4.439845936E1
7.702698542E0,-1.038275146E1,-2.627321625E1,-3.342956543E1,4.376778798E1
7.712741542E0,-1.043669128E1,-2.643294144E1,-3.436175537E1,4.459097611E1
7.722784542E0,-1.019593620E1,-2.654829788E1,-3.372363281E1,4.411408670E1
7.732827541E0,-1.018418884E1,-2.660598755E1,-3.429199219E1,4.458180126E1
7.742870542E0,-1.017295361E1,-2.657789993E1,-3.395391846E1,4.430284786E1
7.752914541E0,-1.013682270E1,-2.681738281E1,-3.389904785E1,4.439676385E1
7.762957542E0,-1.003767204E1,-2.676229095E1,-3.351544189E1,4.404838161E1
7.773000542E0,-1.031262302E1,-2.684838104E1,-3.382818604E1,4.440193609E1
7.783043541E0,-1.021198463E1,-2.684274292E1,-3.343792725E1,4.407848065E1
7.793086542E0,-1.038909817E1,-2.676672363E1,-3.410797119E1,4.458412894E1
7.803129542E0,-1.050451088E1,-2.681845474E1,-3.342590332E1,4.412329630E1
7.813172542E0,-1.084020042E1,-2.676845551E1,-3.427368164E1,4.481902954E1
7.823215541E0,-1.070997715E1,-2.686008072E1,-3.342895508E1,4.420025548E1
7.833258542E0,-1.096810436E1,-2.670745087E1,-3.353607178E1,4.425217910E1
7.843301542E0,-1.106066132E1,-2.670737076E1,-3.357904053E1,4.430771766E1
7.853344542E0,-1.117779255E1,-2.679229355E1,-3.357067871E1,4.438198406E1
7.863387542E0,-1.110682678E1,-2.683366776E1,-3.340179443E1,4.426157699E1
7.873430542E0,-1.102815342E1,-2.647275925E1,-3.359472656E1,4.417049697E1
7.883474542E0,-1.112082863E1,-2.672753143E1,-3.277880859E1,4.373195695E1
7.893517542E0,-1.113018608E1,-2.660141373E1,-3.311627197E1,4.391131658E1
7.903560542E0,-1.128922081E1,-2.681797409E1,-3.268664551E1,4.376147890E1
7.913603541E0,-1.145608807E1,-2.672285461E1,-3.265698242E1,4.372449443E1
7.923646542E0,-1.147158527E1,-2.677341843E1,-3.302008057E1,4.403111313E1
7.933689542E0,-1.150751114E1,-2.660922241E1,-3.264068604E1,4.365647621E1
7.943732542E0,-1.150751114E1,-2.660922241E1,-3.264068604E1,4.365647621E1
7.953775542E0,-1.172902489E1,-2.668567657E1,-3.305175781E1,4.406942311E1
7.963818542E0,-1.166683102E1,-2.651411438E1,-3.256683350E1,4.358568402E1
7.973861542E0,-1.183586979E1,-2.678523636E1,-3.250079346E1,4.374743736E1
7.983904541E0,-1.171803474E1,-2.669348526E1,-3.234313965E1,4.354231477E1
7.993947542E0,-1.189656258E1,-2.697128296E1,-3.232653809E1,4.374909565E1
8.003990542E0,-1.175142097E1,-2.682687378E1,-3.214013672E1,4.348293274E1
8.014033542E0,-1.194214249E1,-2.708926010E1,-3.277539062E1,4.416637874E1
8.024077542E0,-1.154922867E1,-2.709485245E1,-3.177716064E1,4.332786229E1
8.034120542E0,-1.185324574E1,-2.724171448E1,-3.262719727E1,4.412645968E1
8.044163541E0,-1.131497383E1,-2.721547318E1,-3.162707520E1,4.323173023E1
8.054206542E0,-1.144479465E1,-2.731032944E1,-3.236291504E1,4.386565500E1
8.064249542E0,-1.101547813E1,-2.719556046E1,-3.201470947E1,4.342673013E1
8.074292541E0,-1.137691212E1,-2.740837479E1,-3.241741943E1,4.394931422E1
8.084335542E0,-1.111939907E1,-2.728862381E1,-3.221051025E1,4.365577849E1
8.094378542E0,-1.142629051E1,-2.741641617E1,-3.227581787E1,4.386283632E1
8.104421542E0,-1.118659210E1,-2.722766495E1,-3.160919189E1,4.319289981E1
8.114464541E0,-1.153264427E1,-2.739272308E1,-3.260711670E1,4.412014530E1
8.124507542E0,-1.131431866E1,-2.729111099E1,-3.168359375E1,4.332053392E1
8.134550542E0,-1.150636005E1,-2.740518188E1,-3.256658936E1,4.409107685E1
8.144593542E0,-1.132374763E1,-2.718997192E1,-3.202606201E1,4.351080879E1
8.154637542E0,-1.152301598E1,-2.742938232E1,-3.205682373E1,4.373546455E1
8.164680541E0,-1.139393997E1,-2.728786850E1,-3.191632080E1,4.350978245E1
8.174723542E0,-1.161890411E1,-2.734178543E1,-3.224401855E1,4.384345899E1
8.184766542E0,-1.157036400E1,-2.717913437E1,-3.196594238E1,4.352470724E1
8.194809542E0,-1.182760429E1,-2.711562729E1,-3.264221191E1,4.405296205E1
8.204852541E0,-1.193380547E1,-2.706514359E1,-3.183258057E1,4.345400897E1
8.214895542E0,-1.204993057E1,-2.694548035E1,-3.274761963E1,4.408703130E1
8.224938542E0,-1.191371727E1,-2.678142548E1,-3.196636963E1,4.337084501E1
8.234981542E0,-1.210808182E1,-2.677311325E1,-3.211956787E1,4.353242330E1
8.245024542E0,-1.200223637E1,-2.653054047E1,-3.244152832E1,4.359330241E1
8.255067542E0,-1.212130070E1,-2.646984100E1,-3.258532715E1,4.369647536E1
8.265110542E0,-1.213691330E1,-2.635761642E1,-3.265707397E1,4.368653212E1
8.275153541E0,-1.220193005E1,-2.636170197E1,-3.305252075E1,4.400335846E1
8.285196542E0,-1.208537102E1,-2.634236526E1,-3.248629761E1,4.353545604E1
8.295239542E0,-1.217750168E1,-2.618346024E1,-3.296255493E1,4.382231355E1
8.305283542E0,-1.204978561E1,-2.613482666E1,-3.266482544E1,4.353409375E1
8.315326542E0,-1.214795494E1,-2.603604889E1,-3.307321167E1,4.380965625E1
8.325369542E0,-1.204663849E1,-2.606246185E1,-3.298092651E1,4.372773640E1
8.335412541E0,-1.222913551E1,-2.575924301E1,-3.270822144E1,4.339260427E1
8.345455542E0,-1.237337112E1,-2.581135941E1,-3.342184448E1,4.400393478E1
8.355498542E0,-1.228315735E1,-2.572677994E1,-3.306259155E1,4.365636403E1
8.365541541E0,-1.241039276E1,-2.578553772E1,-3.319570923E1,4.382769575E1
8.375584542E0,-1.231189156E1,-2.551592255E1,-3.314907837E1,4.360626530E1
8.385627542E0,-1.251883411E1,-2.560816956E1,-3.322183228E1,4.377430405E1
8.395674292E0,-1.257576752E1,-2.521300888E1,-3.354269409E1,4.380591367E1
8.405717291E0,-1.274679184E1,-2.522843552E1,-3.400112915E1,4.421573752E1
8.415760292E0,-1.227003670E1,-2.501465988E1,-3.317056274E1,4.331943262E1
8.425803292E0,-1.220272064E1,-2.517842484E1,-3.388806152E1,4.394610543E1
8.435846291E0,-1.220272064E1,-2.517842484E1,-3.388806152E1,4.394610543E1
8.445890292E0,-1.176813507E1,-2.525753021E1,-3.300231934E1,4.319241736E1
8.455933291E0,-1.160954857E1,-2.541564178E1,-3.356414795E1,4.367251416E1
8.465976292E0,-1.119704628E1,-2.533926773E1,-3.336029053E1,4.336313317E1
8.476019292E0,-1.134479427E1,-2.543486786E1,-3.359057617E1,4.363443213E1
8.486062292E0,-1.122533226E1,-2.525962830E1,-3.335864258E1,4.332269545E1
8.496105291E0,-1.146085835E1,-2.528841400E1,-3.361676025E1,4.359979044E1
8.506148292E0,-1.121321678E1,-2.499024963E1,-3.304278564E1,4.291939527E1
8.516191292E0,-1.158943939E1,-2.499461746E1,-3.447912598E1,4.413452317E1
8.526234291E0,-1.161273575E1,-2.459663010E1,-3.342346191E1,4.309266353E1
8.536277292E0,-1.182050323E1,-2.443007660E1,-3.454681396E1,4.393216697E1
8.546320292E0,-1.197791100E1,-2.388535309E1,-3.414691162E1,4.335887472E1
8.556363292E0,-1.226030731E1,-2.387307739E1,-3.441943359E1,4.364557673E1
8.566406291E0,-1.232306194E1,-2.356599045E1,-3.431488037E1,4.341341701E1
8.576449292E0,-1.281985474E1,-2.348304367E1,-3.471356201E1,4.382731344E1
8.586493291E0,-1.308272362E1,-2.302544785E1,-3.435913086E1,4.338062677E1
8.596536292E0,-1.364652061E1,-2.276479721E1,-3.506323242E1,4.397605922E1
8.606579292E0,-1.410903931E1,-2.261174774E1,-3.412176514E1,4.329723989E1
8.616622292E0,-1.449610424E1,-2.279552078E1,-3.487893677E1,4.411703793E1
8.626665292E0,-1.458193779E1,-2.281361008E1,-3.384176636E1,4.334003766E1
8.636708292E0,-1.479194927E1,-2.286405182E1,-3.387454224E1,4.346321710E1
8.646751292E0,-1.489921570E1,-2.272869492E1,-3.370492554E1,4.329667662E1
8.656794291E0,-1.514962578E1,-2.257415390E1,-3.372134399E1,4.331550099E1
8.666837292E0,-1.525069618E1,-2.248851395E1,-3.355056763E1,4.317357504E1
8.676880292E0,-1.547043037E1,-2.209345627E1,-3.404684448E1,4.343549983E1
8.686923292E0,-1.554820251E1,-2.194480896E1,-3.369876099E1,4.311528422E1
8.696966291E0,-1.565118122E1,-2.149336243E1,-3.439718628E1,4.347517137E1
8.707009292E0,-1.580225754E1,-2.128615952E1,-3.415158081E1,4.323357957E1
8.717052292E0,-1.595960045E1,-2.092267609E1,-3.459335327E1,4.346455236E1
8.727096292E0,-1.633591080E1,-2.082099533E1,-3.471963501E1,4.365580011E1
8.737139292E0,-1.664610291E1,-2.068688965E1,-3.442742920E1,4.347744273E1
8.747182291E0,-1.694279861E1,-2.069567871E1,-3.477893066E1,4.387417874E1
8.757225292E0,-1.708584785E1,-2.041659927E1,-3.434484863E1,4.345494621E1
8.767268292E0,-1.725921249E1,-2.069050980E1,-3.427355957E1,4.359649639E1
8.777311292E0,-1.701587486E1,-2.052214813E1,-3.435101318E1,4.348207295E1
8.787354291E0,-1.707327652E1,-2.086868286E1,-3.401708984E1,4.340692453E1
8.797397292E0,-1.724749756E1,-2.086463928E1,-3.399124146E1,4.345358259E1
8.807440292E0,-1.765312195E1,-2.108968735E1,-3.422775269E1,4.390838964E1
8.817483291E0,-1.760127831E1,-2.089428711E1,-3.338217163E1,4.313636070E1
8.827526292E0,-1.806244850E1,-2.090956497E1,-3.407156372E1,4.386722475E1
8.837569292E0,-1.808418274E1,-2.063207245E1,-3.313180542E1,4.301670152E1
8.847612292E0,-1.845460129E1,-2.056107330E1,-3.385787964E1,4.369995489E1
8.857655291E0,-1.837914848E1,-2.040420151E1,-3.361166382E1,4.340355380E1
8.867699292E0,-1.864856529E1,-2.035269165E1,-3.373117065E1,4.358661398E1
8.877742291E0,-1.853339577E1,-1.990532303E1,-3.305239868E1,4.280385149E1
8.887785292E0,-1.878647423E1,-2.014442444E1,-3.349185181E1,4.336396646E1
8.897828292E0,-1.892901039E1,-1.968446732E1,-3.277621460E1,4.266223074E1
8.907871292E0,-1.909028625E1,-1.975914001E1,-3.422763062E1,4.389069766E1
8.917914292E0,-1.904397964E1,-1.939686966E1,-3.335910034E1,4.303186365E1
8.927957292E0,-1.904397964E1,-1.939686966E1,-3.335910034E1,4.303186365E1
8.938000292E0,-1.934037781E1,-1.929110336E1,-3.431808472E1,4.386260163E1
8.948043291E0,-1.926401901E1,-1.888642883E1,-3.350314331E1,4.301465139E1
8.958086292E0,-1.934434700E1,-1.895354462E1,-3.410549927E1,4.355026630E1
8.968129292E0,-1.909769821E1,-1.854308319E1,-3.398953247E1,4.317240240E1
8.978172292E0,-1.912324524E1,-1.872061920E1,-3.447024536E1,4.363894943E1
8.988215291E0,-1.882384109E1,-1.837171173E1,-3.430569458E1,4.322889619E1
8.998258292E0,-1.888777351E1,-1.844810104E1,-3.513150024E1,4.394658951E1
9.008301292E0,-1.865335083E1,-1.831861115E1,-3.410910034E1,4.297615313E1
9.018345292E0,-1.883752632E1,-1.828469467E1,-3.509243774E1,4.382535389E1
9.028388292E0,-1.877248764E1,-1.810970688E1,-3.420199585E1,4.301330370E1
9.038431291E0,-1.899186897E1,-1.808590698E1,-3.421847534E1,4.311258718E1
9.048474292E0,-1.887134361E1,-1.803350449E1,-3.424002075E1,4.305477807E1
9.058517292E0,-1.912307358E1,-1.801043701E1,-3.445132446E1,4.332391420E1
9.068560292E0,-1.917625809E1,-1.804276657E1,-3.413436890E1,4.310945882E1
9.078603291E0,-1.941837311E1,-1.792157364E1,-3.419900513E1,4.321837535E1
9.088646292E0,-1.944490433E1,-1.792240524E1,-3.357797241E1,4.274104755E1
9.098689292E0,-1.969440842E1,-1.784924316E1,-3.420272827E1,4.331618434E1
9.108732291E0,-1.970502090E1,-1.792744064E1,-3.387887573E1,4.309825052E1
9.118775292E0,-1.978038216E1,-1.765448380E1,-3.416989136E1,4.324957562E1
9.128818292E0,-2.004939461E1,-1.749313736E1,-3.428817749E1,4.340123494E1
9.138861292E0,-2.013592339E1,-1.705939484E1,-3.367782593E1,4.278638010E1
9.148904291E0,-2.081207466E1,-1.691886139E1,-3.420629883E1,4.346793303E1
9.158947292E0,-2.084011459E1,-1.671899033E1,-3.424884033E1,4.343751924E1
9.168991291E0,-2.119647980E1,-1.663341904E1,-3.419445801E1,4.353415146E1
9.179034292E0,-2.126379204E1,-1.623451233E1,-3.417456055E1,4.340056257E1
9.189077292E0,-2.148273468E1,-1.650527954E1,-3.431866455E1,4.372302458E1
9.199120292E0,-2.153089905E1,-1.608147049E1,-3.412628174E1,4.343726985E1
9.209163292E0,-2.176336479E1,-1.620705032E1,-3.451892090E1,4.390749853E1
9.219206292E0,-2.170469093E1,-1.610611343E1,-3.355993652E1,4.309025224E1
9.229249292E0,-2.186034393E1,-1.635562134E1,-3.444342041E1,4.395145272E1
9.239292291E0,-2.171958733E1,-1.620247650E1,-3.357635498E1,4.314663755E1
9.249335292E0,-2.174634171E1,-1.636652374E1,-3.425830078E1,4.375383011E1
9.259378292E0,-2.167005730E1,-1.619821930E1,-3.369409180E1,4.321186774E1
9.269421292E0,-2.181232452E1,-1.622641373E1,-3.390405273E1,4.345755165E1
9.279464291E0,-2.179174042E1,-1.607825470E1,-3.368231201E1,4.321907411E1
9.289507292E0,-2.174034119E1,-1.629906464E1,-3.417034912E1,4.365678300E1
9.299550292E0,-2.176447487E1,-1.611251068E1,-3.365270996E1,4.319502581E1
9.309594292E0,-2.174345398E1,-1.617262650E1,-3.457086182E1,4.392580250E1
9.319637292E0,-2.152944374E1,-1.601758957E1,-3.406756592E1,4.336679803E1
9.329680291E0,-2.152432632E1,-1.623666000E1,-3.480743408E1,4.402820936E1
9.339723292E0,-2.134691620E1,-1.605656433E1,-3.412756348E1,4.333814346E1
9.349766292E0,-2.130230713E1,-1.622168350E1,-3.458374023E1,4.373747127E1
9.359809292E0,-2.117577744E1,-1.604784775E1,-3.452703857E1,4.356676899E1
9.369852291E0,-2.122269630E1,-1.621998978E1,-3.441284180E1,4.356299562E1
9.379895292E0,-2.120332336E1,-1.602083969E1,-3.418695068E1,4.330122196E1
9.389938292E0,-2.109304810E1,-1.616808319E1,-3.474108887E1,4.374090589E1
9.399977458E0,-2.118010139E1,-1.615675354E1,-3.387768555E1,4.309680914E1
9.410020459E0,-2.109798622E1,-1.646287537E1,-3.453720093E1,4.369175593E1
9.420063458E0,-2.109798622E1,-1.646287537E1,-3.453720093E1,4.369175593E1
9.430106458E0,-2.083858871E1,-1.650089645E1,-3.402133179E1,4.317380433E1
9.440149458E0,-2.069263840E1,-1.655042648E1,-3.433590698E1,4.337114719E1
9.450192458E0,-2.061181450E1,-1.636980057E1,-3.437911987E1,4.329828115E1
9.460236458E0,-2.051250839E1,-1.633488846E1,-3.462911987E1,4.343693733E1
9.470279458E0,-2.032509995E1,-1.632733154E1,-3.493716431E1,4.359239490E1
9.480322458E0,-2.008223724E1,-1.624674988E1,-3.536038208E1,4.379052129E1
9.490365458E0,-2.007922554E1,-1.620983124E1,-3.452664185E1,4.310479004E1
9.500408459E0,-2.031257057E1,-1.600740051E1,-3.531985474E1,4.377590128E1
9.510451458E0,-2.012435532E1,-1.598749161E1,-3.515585327E1,4.354909395E1
9.520494458E0,-2.011745453E1,-1.591526794E1,-3.558016968E1,4.386292517E1
9.530537458E0,-2.005267906E1,-1.593570328E1,-3.571572876E1,4.395076629E1
9.540580458E0,-2.038480377E1,-1.603954697E1,-3.542578125E1,4.390664265E1
9.550623458E0,-2.036491966E1,-1.607593155E1,-3.558203125E1,4.403687632E1
9.560666458E0,-2.020035744E1,-1.594085312E1,-3.510931396E1,4.352963549E1
9.570709458E0,-2.005190468E1,-1.617609406E1,-3.521398926E1,4.363221218E1
9.580752458E0,-2.017480087E1,-1.598866272E1,-3.531433105E1,4.370082269E1
9.590795458E0,-2.001975250E1,-1.624977493E1,-3.517724609E1,4.361518449E1
9.600838458E0,-2.001734543E1,-1.605286789E1,-3.533935547E1,4.367217341E1
9.610882458E0,-2.003702927E1,-1.613253403E1,-3.544213867E1,4.379367979E1
9.620925458E0,-2.007988739E1,-1.605876541E1,-3.508081055E1,4.349424206E1
9.630968458E0,-1.993582344E1,-1.609675980E1,-3.572869873E1,4.396683574E1
9.641011458E0,-1.979699326E1,-1.601753998E1,-3.526959229E1,4.350203063E1
9.651054458E0,-1.980612183E1,-1.610607529E1,-3.598510742E1,4.412047234E1
9.661097458E0,-1.966622162E1,-1.594947815E1,-3.584631348E1,4.388740498E1
9.671140458E0,-1.960141945E1,-1.600566101E1,-3.564489746E1,4.371447751E1
9.681183458E0,-1.949188232E1,-1.580383682E1,-3.555395508E1,4.351756492E1
9.691226458E0,-1.945278168E1,-1.588208008E1,-3.585955811E1,4.377852316E1
9.701269459E0,-1.940910149E1,-1.571247864E1,-3.544647217E1,4.335951562E1
9.711312458E0,-1.909380531E1,-1.576286697E1,-3.634942627E1,4.398092958E1
9.721355458E0,-1.902791023E1,-1.562454605E1,-3.557196045E1,4.326143984E1
9.731398458E0,-1.896801186E1,-1.578506470E1,-3.632238770E1,4.391206656E1
9.741441458E0,-1.891406631E1,-1.578790665E1,-3.580911255E1,4.346599179E1
9.751484458E0,-1.885358429E1,-1.596524429E1,-3.623080444E1,4.385222750E1
9.761528458E0,-1.864883423E1,-1.586708450E1,-3.612460327E1,4.364092518E1
9.771571458E0,-1.858690453E1,-1.609276962E1,-3.647433472E1,4.398667238E1
9.781614458E0,-1.854096222E1,-1.600252914E1,-3.618612671E1,4.369535428E1
9.791657459E0,-1.847908020E1,-1.616796494E1,-3.670193481E1,4.415780242E1
9.801700458E0,-1.840149689E1,-1.610838699E1,-3.587954712E1,4.342162043E1
9.811743458E0,-1.845565224E1,-1.626851273E1,-3.667459106E1,4.416221502E1
9.821786458E0,-1.842469406E1,-1.629644394E1,-3.569680786E1,4.335095763E1
9.831829458E0,-1.850245857E1,-1.618453598E1,-3.606875610E1,4.364900165E1
9.841872458E0,-1.840658951E1,-1.623091888E1,-3.599569702E1,4.356530121E1
9.851915458E0,-1.845836830E1,-1.635746384E1,-3.581008911E1,4.348149567E1
9.861958458E0,-1.856297684E1,-1.631611633E1,-3.578952026E1,4.349355725E1
9.872001458E0,-1.848373032E1,-1.636370087E1,-3.604794312E1,4.369065341E1
9.882044458E0,-1.839875793E1,-1.653811264E1,-3.530752563E1,4.311200331E1
9.892087458E0,-1.853645897E1,-1.659356689E1,-3.606472778E1,4.381336969E1
9.902130459E0,-1.833462524E1,-1.683912277E1,-3.550979614E1,4.336657884E1
9.912174458E0,-1.833462524E1,-1.683912277E1,-3.550979614E1,4.336657884E1
9.922217458E0,-1.837133217E1,-1.683652878E1,-3.593032837E1,4.372599963E1
9.932260458E0,-1.854843330E1,-1.709060287E1,-3.586624146E1,4.384655472E1
9.942303458E0,-1.859049797E1,-1.712494659E1,-3.516415405E1,4.330575182E1
9.952346458E0,-1.868237495E1,-1.736178589E1,-3.514596558E1,4.342466626E1
9.962389458E0,-1.878683472E1,-1.752419281E1,-3.518276978E1,4.356454730E1
9.972432458E0,-1.873748970E1,-1.765169525E1,-3.511441040E1,4.353961051E1
9.982475458E0,-1.917370605E1,-1.765830994E1,-3.515124512E1,4.376136363E1
9.992518459E0,-1.914437866E1,-1.791437149E1,-3.483447266E1,4.359899569E1
1.000256146E1,-1.916142273E1,-1.775880051E1,-3.502844238E1,4.369813374E1
1.001260446E1,-1.938554382E1,-1.788386154E1,-3.482171631E1,4.368276250E1
1.002264746E1,-1.923430634E1,-1.786743927E1,-3.442126465E1,4.329003796E1
1.003269046E1,-1.929248810E1,-1.797911072E1,-3.508166504E1,4.388817314E1
1.004273346E1,-1.913576508E1,-1.784711838E1,-3.435638428E1,4.318632052E1
1.005277646E1,-1.935628891E1,-1.789889145E1,-3.520568848E1,4.398268678E1
1.006282046E1,-1.930310249E1,-1.763215637E1,-3.481762695E1,4.354043926E1
1.007286346E1,-1.934399605E1,-1.799478149E1,-3.481787109E1,4.370682431E1
1.008290646E1,-1.915813255E1,-1.784023666E1,-3.477313232E1,4.352561107E1
1.009294946E1,-1.944358635E1,-1.821303558E1,-3.506365967E1,4.403666591E1
1.010299246E1,-1.933790207E1,-1.797966385E1,-3.431262207E1,4.329640634E1
1.011303546E1,-1.960376740E1,-1.819828033E1,-3.503009033E1,4.407484920E1
1.012307846E1,-1.944034195E1,-1.816809845E1,-3.416894531E1,4.330731486E1
1.013312146E1,-1.965672112E1,-1.847716141E1,-3.507873535E1,4.425279486E1
1.014316446E1,-1.951480675E1,-1.840590286E1,-3.397973633E1,4.329234833E1
1.015320746E1,-1.969071770E1,-1.869701385E1,-3.448388672E1,4.389124211E1
1.016325046E1,-1.936709595E1,-1.863015366E1,-3.433673096E1,4.360250134E1
1.017329346E1,-1.978625298E1,-1.891080093E1,-3.455596924E1,4.408207355E1
1.018333646E1,-1.945758820E1,-1.871960068E1,-3.395697021E1,4.338314205E1
1.019337946E1,-1.961134911E1,-1.903346634E1,-3.475787354E1,4.421524202E1
1.020342246E1,-1.948153687E1,-1.893271637E1,-3.335253906E1,4.301592600E1
1.021346646E1,-1.967436028E1,-1.915914536E1,-3.445568848E1,4.406072822E1
1.022350946E1,-1.944454002E1,-1.909372330E1,-3.347656250E1,4.316642958E1
1.023355246E1,-1.956770515E1,-1.924343872E1,-3.421014404E1,4.385816884E1
1.024359546E1,-1.946291351E1,-1.912409973E1,-3.378356934E1,4.342655582E1
1.025363846E1,-1.967862320E1,-1.929605484E1,-3.396697998E1,4.374176119E1
1.026368146E1,-1.961186218E1,-1.927606964E1,-3.371044922E1,4.350386633E1
1.027372446E1,-1.954211235E1,-1.953741074E1,-3.404345703E1,4.384702430E1
1.028376746E1,-1.937013626E1,-1.952950668E1,-3.339483643E1,4.326452253E1
1.029381046E1,-1.920780563E1,-1.966988373E1,-3.436511230E1,4.400914754E1
1.030385346E1,-1.908786774E1,-1.974787903E1,-3.381317139E1,4.356209338E1
1.031389646E1,-1.901965332E1,-1.979109955E1,-3.435424805E1,4.397327817E1
1.032393946E1,-1.875946426E1,-2.001351166E1,-3.412524414E1,4.378344934E1
1.033398246E1,-1.889949417E1,-2.032542419E1,-3.360800171E1,4.358682745E1
1.034402546E1,-1.857696152E1,-2.050014114E1,-3.395724487E1,4.380015714E1
1.035406846E1,-1.806046677E1,-2.055012894E1,-3.367184448E1,4.338526674E1
1.036411146E1,-1.761009026E1,-2.080841446E1,-3.407833862E1,4.363987345E1
1.037415546E1,-1.724322128E1,-2.057263184E1,-3.421463013E1,4.348796127E1
1.038419846E1,-1.728897667E1,-2.092968750E1,-3.420614624E1,4.366945126E1
1.039424104E1,-1.740051651E1,-2.053924179E1,-3.444284058E1,4.371438774E1
1.040428404E1,-1.740051651E1,-2.053924179E1,-3.444284058E1,4.371438774E1
1.041432704E1,-1.773433495E1,-2.077649307E1,-3.435830688E1,4.389376439E1
1.042437004E1,-1.807112122E1,-2.060007858E1,-3.377767944E1,4.349552032E1
1.043441304E1,-1.873202896E1,-2.084183884E1,-3.411917114E1,4.415188552E1
1.044445604E1,-1.880606842E1,-2.073941803E1,-3.310745239E1,4.335775679E1
1.045449904E1,-1.931609917E1,-2.113788223E1,-3.378738403E1,4.428892720E1
1.046454204E1,-1.955412292E1,-2.105354691E1,-3.301504517E1,4.376766807E1
1.047458504E1,-2.035365295E1,-2.154389572E1,-3.271139526E1,4.414120537E1
1.048462804E1,-2.030101395E1,-2.148159409E1,-3.201480103E1,4.357221060E1
1.049467104E1,-2.097549820E1,-2.193394089E1,-3.231448364E1,4.433164942E1
1.050471404E1,-2.059240532E1,-2.216164398E1,-3.153057861E1,4.369625852E1
1.051475704E1,-2.117894554E1,-2.264457321E1,-3.242584229E1,4.486379028E1
1.052480104E1,-2.092542839E1,-2.271221161E1,-3.070709229E1,4.355047217E1
1.053484404E1,-2.133093643E1,-2.323312759E1,-3.183599854E1,4.481425967E1
1.054488704E1,-2.093640900E1,-2.330804062E1,-3.033618164E1,4.361057092E1
1.055493004E1,-2.162402344E1,-2.378378296E1,-3.107073975E1,4.470634843E1
1.056497304E1,-2.120959854E1,-2.385028458E1,-3.024679565E1,4.397217065E1
1.057501604E1,-2.183498573E1,-2.417521667E1,-3.074838257E1,4.479587854E1
1.058505904E1,-2.144557381E1,-2.409992981E1,-2.986776733E1,4.396365292E1
1.059510204E1,-2.202440453E1,-2.462645340E1,-3.054922485E1,4.499768595E1
1.060514504E1,-2.142688370E1,-2.461709976E1,-2.899285889E1,4.365431035E1
1.061518804E1,-2.191216850E1,-2.501272583E1,-3.015673828E1,4.489107312E1
1.062523104E1,-2.142873955E1,-2.497172546E1,-2.882897949E1,4.374800578E1
1.063527404E1,-2.172489929E1,-2.531262207E1,-3.017163086E1,4.497807682E1
1.064531704E1,-2.123815155E1,-2.538522339E1,-2.939404297E1,4.426599609E1
1.065536004E1,-2.146993256E1,-2.554828644E1,-2.959594727E1,4.460485443E1
1.066540304E1,-2.123727036E1,-2.539727020E1,-2.902502441E1,4.402834346E1
1.067544604E1,-2.146540260E1,-2.543207550E1,-2.969989014E1,4.460535223E1
1.068549004E1,-2.134738922E1,-2.546001434E1,-2.837139893E1,4.369049821E1
1.069553304E1,-2.168602753E1,-2.529121399E1,-2.959991455E1,4.456550501E1
1.070557604E1,-2.166100883E1,-2.534191895E1,-2.899029541E1,4.417973956E1
1.071561904E1,-2.190053558E1,-2.523422241E1,-2.940777588E1,4.451086072E1
1.072566204E1,-2.205467033E1,-2.517752457E1,-2.890203857E1,4.422266456E1
1.073570504E1,-2.224292564E1,-2.513300705E1,-2.893341064E1,4.431205294E1
1.074574804E1,-2.237650681E1,-2.503565979E1,-2.869525146E1,4.416910430E1
1.075579104E1,-2.246312332E1,-2.471770859E1,-2.891046143E1,4.417433426E1
1.076583404E1,-2.279543304E1,-2.480690765E1,-2.908917236E1,4.451060979E1
1.077587704E1,-2.274370384E1,-2.454763794E1,-2.954333496E1,4.463934625E1
1.078592004E1,-2.299644470E1,-2.450159454E1,-2.940118408E1,4.464968342E1
1.079596304E1,-2.279342461E1,-2.399017334E1,-2.972589111E1,4.448254966E1
1.080600604E1,-2.316200066E1,-2.410341644E1,-2.985357666E1,4.481840022E1
1.081604904E1,-2.294474792E1,-2.354875946E1,-2.982025146E1,4.438753121E1
1.082609204E1,-2.338860130E1,-2.359579849E1,-3.068136597E1,4.522316436E1
1.083613504E1,-2.300936508E1,-2.333833694E1,-3.013711548E1,4.452364071E1
1.084617904E1,-2.333829117E1,-2.342177200E1,-3.108206177E1,4.538005952E1
1.085622204E1,-2.281351471E1,-2.312553787E1,-3.025521851E1,4.439172448E1
1.086626504E1,-2.331391144E1,-2.336861801E1,-3.058523560E1,4.500097122E1
1.087630804E1,-2.294364738E1,-2.297357559E1,-2.973861694E1,4.402932510E1
1.088635104E1,-2.356406021E1,-2.328786087E1,-3.030923462E1,4.490255116E1
1.089639404E1,-2.356406021E1,-2.328786087E1,-3.030923462E1,4.490255116E1
1.090643704E1,-2.333983421E1,-2.314744186E1,-2.933114624E1,4.405528420E1
1.091648004E1,-2.397773933E1,-2.331130981E1,-3.022909546E1,4.507934517E1
1.092652304E1,-2.376065254E1,-2.310025406E1,-2.868551636E1,4.382977522E1
1.093656604E1,-2.466411591E1,-2.336183548E1,-2.987118530E1,4.523695040E1
1.094660904E1,-2.460992813E1,-2.298686600E1,-2.857687378E1,4.416652902E1
1.095665204E1,-2.511259270E1,-2.316739655E1,-2.945156860E1,4.510837470E1
1.096669504E1,-2.460056686E1,-2.278031540E1,-2.873928833E1,4.415968018E1
1.097673804E1,-2.492881012E1,-2.297438812E1,-2.960372925E1,4.500720908E1
1.098678104E1,-2.447292900E1,-2.261436844E1,-2.870840454E1,4.398302406E1
1.099682404E1,-2.504684639E1,-2.274249268E1,-3.002774048E1,4.523528142E1
1.100686804E1,-2.449984169E1,-2.234616089E1,-2.839376831E1,4.365546046E1
1.101691104E1,-2.517451668E1,-2.239551926E1,-3.002316284E1,4.512987791E1
1.102695404E1,-2.470194817E1,-2.211574936E1,-2.830252075E1,4.359272065E1
1.103699704E1,-2.532587242E1,-2.199450302E1,-2.970321655E1,4.480445347E1
1.104704004E1,-2.504960442E1,-2.162360764E1,-2.873544312E1,4.382680435E1
1.105708304E1,-2.572327232E1,-2.170695877E1,-2.965390015E1,4.485791560E1
1.106712604E1,-2.545778847E1,-2.138529968E1,-2.885116577E1,4.402067472E1
1.107716904E1,-2.601605415E1,-2.127421188E1,-2.983316040E1,4.493823121E1
1.108721204E1,-2.569974899E1,-2.120506287E1,-2.852578735E1,4.386174111E1
1.109725504E1,-2.593982697E1,-2.094952011E1,-2.964852905E1,4.461829547E1
1.110729804E1,-2.597266579E1,-2.081165314E1,-2.848434448E1,4.380710165E1
1.111734104E1,-2.615386391E1,-2.045307922E1,-2.938394165E1,4.433699442E1
1.112738404E1,-2.603944397E1,-2.039631653E1,-2.882571411E1,4.387464147E1
1.113742704E1,-2.618708229E1,-2.017835617E1,-2.909304810E1,4.403787897E1
1.114747004E1,-2.614862823E1,-2.020784378E1,-2.889779663E1,4.389977630E1
1.115751404E1,-2.610704231E1,-1.984939194E1,-2.875350952E1,4.361582658E1
1.116755704E1,-2.612184143E1,-2.003311157E1,-2.869302368E1,4.366881916E1
1.117760004E1,-2.613247299E1,-1.962807465E1,-2.889547729E1,4.362471853E1
1.118764304E1,-2.649218941E1,-1.983425140E1,-2.835153198E1,4.357801044E1
1.119768604E1,-2.650540543E1,-1.942650986E1,-2.874923706E1,4.366284958E1
1.120772904E1,-2.695038605E1,-1.958851624E1,-2.838479614E1,4.376905218E1
1.121777204E1,-2.661034966E1,-1.913938904E1,-2.780612183E1,4.298380314E1
1.122781504E1,-2.699894142E1,-1.924634552E1,-2.867898560E1,4.383889675E1
1.123785804E1,-2.676573944E1,-1.891481018E1,-2.780966187E1,4.298316118E1
1.124790104E1,-2.735923958E1,-1.919417191E1,-2.844644165E1,4.388786014E1
1.125794404E1,-2.712199211E1,-1.869125748E1,-2.784005737E1,4.312811562E1
1.126798704E1,-2.767980385E1,-1.890315628E1,-2.761746216E1,4.343069277E1
1.127803004E1,-2.713711166E1,-1.820428085E1,-2.709982300E1,4.245255089E1
1.128807304E1,-2.783981323E1,-1.870320892E1,-2.790237427E1,4.362806109E1
1.129811604E1,-2.718337822E1,-1.810798264E1,-2.738842773E1,4.262582621E1
1.130815904E1,-2.793739319E1,-1.830978394E1,-2.845471191E1,4.387957106E1
1.131820304E1,-2.746539688E1,-1.786750793E1,-2.717779541E1,4.257027636E1
1.132824604E1,-2.801833344E1,-1.812925720E1,-2.847924805E1,4.387213859E1
1.133828904E1,-2.752189255E1,-1.752788925E1,-2.718029785E1,4.246704678E1
1.134833204E1,-2.815281868E1,-1.778361511E1,-2.842376709E1,4.378068868E1
1.135837504E1,-2.747461891E1,-1.716067886E1,-2.792755127E1,4.277021982E1
1.136841804E1,-2.800748825E1,-1.752283096E1,-2.873846436E1,4.378776469E1
1.137846104E1,-2.800748825E1,-1.752283096E1,-2.873846436E1,4.378776469E1
1.138850404E1,-2.747423553E1,-1.690675735E1,-2.793463135E1,4.267336044E1
1.139854771E1,-2.845425606E1,-1.715587997E1,-2.911904907E1,4.418017569E1
1.140859071E1,-2.807999992E1,-1.661212540E1,-2.752780151E1,4.268757386E1
1.141863371E1,-2.881007385E1,-1.688605881E1,-2.894113159E1,4.418991327E1
1.142867671E1,-2.827991676E1,-1.645072174E1,-2.757638550E1,4.278828081E1
1.143871971E1,-2.893507767E1,-1.671512222E1,-2.887149048E1,4.416103478E1
1.144876271E1,-2.820845222E1,-1.631773376E1,-2.791445923E1,4.290923264E1
1.145880571E1,-2.848950577E1,-1.647504425E1,-2.843240356E1,4.349115536E1
1.146884871E1,-2.778079224E1,-1.629097366E1,-2.823397827E1,4.282902952E1
1.147889271E1,-2.796843719E1,-1.664420319E1,-2.918557739E1,4.371568262E1
1.148893571E1,-2.743599319E1,-1.640731049E1,-2.825241089E1,4.266300834E1
1.149897871E1,-2.743346786E1,-1.652551270E1,-2.982369995E1,4.376232178E1
1.150902171E1,-2.696139908E1,-1.657595444E1,-2.902438354E1,4.294291730E1
1.151906471E1,-2.716934586E1,-1.657736588E1,-2.991323853E1,4.367818967E1
1.152910771E1,-2.696101570E1,-1.657838821E1,-2.940625000E1,4.320262564E1
1.153915071E1,-2.690091515E1,-1.663873291E1,-2.976470947E1,4.343321999E1
1.154919371E1,-2.668904686E1,-1.683269501E1,-2.969311523E1,4.332811946E1
1.155923671E1,-2.661704445E1,-1.698081589E1,-2.992761230E1,4.350261075E1
1.156927971E1,-2.646445847E1,-1.735944366E1,-3.000976562E1,4.361540873E1
1.157932271E1,-2.644549370E1,-1.738425446E1,-3.025677490E1,4.378411661E1
1.158936571E1,-2.634548569E1,-1.781184387E1,-3.008465576E1,4.377708202E1
1.159940871E1,-2.591880798E1,-1.796377945E1,-3.059497070E1,4.393784487E1
1.160945171E1,-2.549428368E1,-1.834401321E1,-3.043658447E1,4.373610631E1
1.161949471E1,-2.503824997E1,-1.856758499E1,-3.020611572E1,4.340597425E1
1.162953771E1,-2.444084930E1,-1.892108154E1,-3.100012207E1,4.377636360E1
1.163958171E1,-2.405040741E1,-1.891786575E1,-3.035986328E1,4.310486098E1
1.164962471E1,-2.378755951E1,-1.946504593E1,-3.151715088E1,4.402348010E1
1.165966771E1,-2.372205734E1,-1.906159973E1,-3.136993408E1,4.370530120E1
1.166971071E1,-2.376638985E1,-1.915308762E1,-3.151989746E1,4.387694141E1
1.167975371E1,-2.359183121E1,-1.894738770E1,-3.207092285E1,4.409219991E1
1.168979671E1,-2.370446014E1,-1.904697418E1,-3.220129395E1,4.429008905E1
1.169983971E1,-2.387787628E1,-1.867800903E1,-3.225616455E1,4.426602703E1
1.170988271E1,-2.384002495E1,-1.880461121E1,-3.300073242E1,4.484426978E1
1.171992571E1,-2.361510277E1,-1.856409836E1,-3.200109863E1,4.389042197E1
1.172996871E1,-2.364066315E1,-1.875329590E1,-3.289300537E1,4.463761713E1
1.174001171E1,-2.324816322E1,-1.877482224E1,-3.204040527E1,4.381276770E1
1.175005471E1,-2.330309105E1,-1.905399704E1,-3.255621338E1,4.433955215E1
1.176009771E1,-2.277178955E1,-1.899453354E1,-3.233459473E1,4.387337142E1
1.177014071E1,-2.257962990E1,-1.919662857E1,-3.312768555E1,4.444990196E1
1.178018371E1,-2.243920517E1,-1.883091354E1,-3.305236816E1,4.416537416E1
1.179022671E1,-2.243327522E1,-1.891218185E1,-3.367779541E1,4.466672546E1
1.180027071E1,-2.251875114E1,-1.860557175E1,-3.301391602E1,4.408151658E1
1.181031371E1,-2.260208130E1,-1.851574707E1,-3.399496460E1,4.482571345E1
1.182035671E1,-2.269885635E1,-1.811837387E1,-3.300613403E1,4.396496827E1
1.183039971E1,-2.281330109E1,-1.808657837E1,-3.381216431E1,4.461875703E1
1.184044271E1,-2.312641335E1,-1.797931671E1,-3.299179077E1,4.411966775E1
1.185048571E1,-2.369715309E1,-1.815904236E1,-3.296981812E1,4.447825076E1
1.186052871E1,-2.414709663E1,-1.802988434E1,-3.233291626E1,4.419928143E1
1.187057171E1,-2.407092285E1,-1.803373718E1,-3.241165161E1,4.421696692E1
1.188061471E1,-2.441579437E1,-1.836279297E1,-3.212356567E1,4.433110254E1
1.189065771E1,-2.437781525E1,-1.848007965E1,-3.121646118E1,4.370650602E1
1.190070071E1,-2.453322411E1,-1.853789139E1,-3.165621948E1,4.413217346E1
1.191074371E1,-2.470009613E1,-1.872699738E1,-3.066903687E1,4.360487360E1
1.192078671E1,-2.480638313E1,-1.880886841E1,-3.132516479E1,4.416328933E1
1.193082971E1,-2.477930450E1,-1.887227249E1,-3.098202515E1,4.393247640E1
1.194087271E1,-2.458734512E1,-1.889299393E1,-3.130252075E1,4.406053297E1
1.195091571E1,-2.434165955E1,-1.885715866E1,-3.159396362E1,4.411674693E1
1.196095971E1,-2.409057426E1,-1.876622391E1,-3.191946411E1,4.417441700E1
1.197100271E1,-2.411404991E1,-1.880804443E1,-3.253067017E1,4.464834196E1
1.198104571E1,-2.428474617E1,-1.895926666E1,-3.235073853E1,4.467407494E1
1.199108871E1,-2.425469398E1,-1.939713287E1,-3.173837280E1,4.440566689E1
1.200113171E1,-2.434677505E1,-1.955284500E1,-3.195022583E1,4.467545337E1
1.201117471E1,-2.446922874E1,-1.988629150E1,-3.141610718E1,4.451044299E1
1.202121771E1,-2.465706444E1,-2.015666199E1,-3.095425415E1,4.441202201E1
1.203126071E1,-2.460440826E1,-2.050237274E1,-3.151730347E1,4.493400285E1
1.204130371E1,-2.440225601E1,-2.059610367E1,-3.113839722E1,4.460122606E1
1.205134671E1,-2.407901573E1,-2.072473526E1,-3.147952271E1,4.472442286E1
1.206138971E1,-2.387312126E1,-2.074764633E1,-3.120779419E1,4.443328893E1
1.207143271E1,-2.360756493E1,-2.096113205E1,-3.128115845E1,4.444318904E1
1.208147571E1,-2.349983788E1,-2.082588577E1,-3.164022827E1,4.457649541E1
1.209151871E1,-2.352996826E1,-2.087546158E1,-3.174722290E1,4.469150327E1
1.210156171E1,-2.369253540E1,-2.069748306E1,-3.156387329E1,4.456456144E1
1.211160571E1,-2.369065475E1,-2.084936523E1,-3.194705200E1,4.490609407E1
1.212164871E1,-2.367395210E1,-2.072797775E1,-3.119985962E1,4.431180780E1
1.213169171E1,-2.383005524E1,-2.084661484E1,-3.175863647E1,4.484488682E1
1.214173471E1,-2.411886215E1,-2.055999756E1,-3.077255249E1,4.417446092E1
1.215177771E1,-2.414071465E1,-2.070602036E1,-3.149783325E1,4.476189096E1
1.216182071E1,-2.410992813E1,-2.045377731E1,-3.126736450E1,4.446677101E1
1.217186371E1,-2.400999641E1,-2.060009766E1,-3.139321899E1,4.456880243E1
1.218190671E1,-2.387430573E1,-2.027734375E1,-3.144180298E1,4.438175434E1
1.219194971E1,-2.376406670E1,-2.046763229E1,-3.184921265E1,4.469929735E1
1.220199271E1,-2.357638741E1,-2.034647751E1,-3.133474731E1,4.417795354E1
1.221203571E1,-2.360289764E1,-2.054790115E1,-3.258096313E1,4.517557059E1
1.222207871E1,-2.347090340E1,-2.056457901E1,-3.174996948E1,4.451792648E1
1.223212171E1,-2.337444305E1,-2.062484360E1,-3.222055054E1,4.483204923E1
1.224216471E1,-2.334274483E1,-2.058740616E1,-3.170443726E1,4.442855355E1
1.225220771E1,-2.339378166E1,-2.086954880E1,-3.180685425E1,4.465963574E1
1.226225071E1,-2.333216858E1,-2.080143738E1,-3.164382935E1,4.447945395E1
1.227229471E1,-2.325976944E1,-2.094823456E1,-3.186636353E1,4.466889891E1
1.228233771E1,-2.319336128E1,-2.094141769E1,-3.129232788E1,4.422312480E1
1.229238071E1,-2.309324455E1,-2.110746384E1,-3.210000610E1,4.482447284E1
1.230242371E1,-2.295794868E1,-2.105212402E1,-3.133688354E1,4.418438190E1
1.231246671E1,-2.297583389E1,-2.113281631E1,-3.218917847E1,4.484002764E1
1.232250971E1,-2.286156845E1,-2.128710938E1,-3.188235474E1,4.463492894E1
1.233255271E1,-2.285377693E1,-2.147024155E1,-3.193643188E1,4.475714550E1
1.234259571E1,-2.249855804E1,-2.155394363E1,-3.197067261E1,4.464170144E1
1.235263871E1,-2.251146698E1,-2.158053589E1,-3.196292114E1,4.465550361E1
1.236268171E1,-2.251146698E1,-2.158053589E1,-3.196292114E1,4.465550361E1
1.237272471E1,-2.240182114E1,-2.167321777E1,-3.186514282E1,4.457529906E1
1.238276771E1,-2.228501129E1,-2.185583496E1,-3.231826782E1,4.493072095E1
1.239281071E1,-2.211362457E1,-2.199865341E1,-3.178805542E1,4.453575655E1
1.240285317E1,-2.195790291E1,-2.193124390E1,-3.209677124E1,4.464674325E1
1.241289617E1,-2.196119881E1,-2.200930023E1,-3.185586548E1,4.451403953E1
1.242294017E1,-2.209209061E1,-2.190982437E1,-3.154299927E1,4.430645183E1
1.243298317E1,-2.221420479E1,-2.193102646E1,-3.213851929E1,4.480318335E1
1.244302617E1,-2.214433098E1,-2.190262985E1,-3.164596558E1,4.440229415E1
1.245306917E1,-2.223537064E1,-2.196443176E1,-3.219973755E1,4.487394643E1
1.246311217E1,-2.208323288E1,-2.196631622E1,-3.172891235E1,4.446247971E1
1.247315517E1,-2.212230301E1,-2.199728394E1,-3.182888794E1,4.456854158E1
1.248319817E1,-2.222301102E1,-2.173311234E1,-3.242056274E1,4.491417682E1
1.249324117E1,-2.195474815E1,-2.187193680E1,-3.251632690E1,4.491886131E1
1.250328417E1,-2.161085129E1,-2.167055130E1,-3.254983521E1,4.467810939E1
1.251332717E1,-2.123372269E1,-2.187651825E1,-3.291397095E1,4.486404477E1
1.252337017E1,-2.105053329E1,-2.156637192E1,-3.228225708E1,4.416307815E1
1.253341317E1,-2.069287872E1,-2.160621262E1,-3.296609497E1,4.451726711E1
1.254345617E1,-2.034032440E1,-2.147407150E1,-3.289022827E1,4.423382936E1
1.255349917E1,-1.978295135E1,-2.122826385E1,-3.361737061E1,4.440869236E1
1.256354217E1,-1.907158661E1,-2.096150970E1,-3.371618652E1,4.404419983E1
1.257358617E1,-1.853390503E1,-2.091351318E1,-3.405255127E1,4.405061767E1
1.258362917E1,-1.823707962E1,-2.057237244E1,-3.430035400E1,4.395825139E1
1.259367217E1,-1.800479889E1,-2.074566269E1,-3.489987183E1,4.441347044E1
1.260371517E1,-1.757994652E1,-2.054901886E1,-3.453579712E1,4.386385731E1
1.261375817E1,-1.716392517E1,-2.064661789E1,-3.553707886E1,4.453950080E1
1.262380117E1,-1.655338669E1,-2.066949463E1,-3.492239380E1,4.382711726E1
1.263384417E1,-1.602987671E1,-2.061538696E1,-3.609225464E1,4.454887172E1
1.264388717E1,-1.538400745E1,-2.062042618E1,-3.588693237E1,4.415587816E1
1.265393017E1,-1.495442390E1,-2.072805023E1,-3.578573608E1,4.397619547E1
1.266397317E1,-1.465575790E1,-2.077329636E1,-3.585311890E1,4.395187386E1
1.267401617E1,-1.451418781E1,-2.118025208E1,-3.608218384E1,4.428531039E1
1.268405917E1,-1.433512497E1,-2.105062103E1,-3.579299927E1,4.392907067E1
1.269410217E1,-1.407029629E1,-2.113169479E1,-3.647171021E1,4.443768004E1
1.270414517E1,-1.375663757E1,-2.119052887E1,-3.596237183E1,4.394969600E1
1.271418817E1,-1.341065025E1,-2.112979126E1,-3.664642334E1,4.437650237E1
1.272423217E1,-1.284391785E1,-2.105341339E1,-3.633966064E1,4.391791635E1
1.273427517E1,-1.208400917E1,-2.116338730E1,-3.648565674E1,4.387613688E1
1.274431817E1,-1.136058617E1,-2.098424911E1,-3.687634277E1,4.392341386E1
1.275436117E1,-1.114654922E1,-2.114641571E1,-3.713552856E1,4.416405709E1
1.276440417E1,-1.066868973E1,-2.098973846E1,-3.752603149E1,4.430116365E1
1.277444717E1,-1.020050144E1,-2.104716873E1,-3.784890747E1,4.449239641E1
1.278449017E1,-9.663566589E0,-2.122591019E1,-3.726138306E1,4.395832628E1
1.279453317E1,-9.203501701E0,-2.117618179E1,-3.759652710E1,4.412067507E1
1.280457617E1,-8.830334663E0,-2.137054443E1,-3.758157349E1,4.412538550E1
1.281461917E1,-8.431940079E0,-2.144914627E1,-3.744296265E1,4.396747595E1
1.282466217E1,-7.837539673E0,-2.171694946E1,-3.800698853E1,4.447003597E1
1.283470517E1,-7.529045105E0,-2.179093552E1,-3.778677368E1,4.426479025E1
1.284474817E1,-7.529045105E0,-2.179093552E1,-3.778677368E1,4.426479025E1
1.285479117E1,-6.640018463E0,-2.211806488E1,-3.805212402E1,4.451137812E1
1.286483417E1,-5.724959373E0,-2.237974930E1,-3.736724854E1,4.393107786E1
1.287487817E1,-4.621835709E0,-2.275516510E1,-3.749298096E1,4.410082227E1
1.288492117E1,-3.902891159E0,-2.282855988E1,-3.763726807E1,4.419207681E1
1.289496417E1,-2.788724899E0,-2.306403351E1,-3.753427124E1,4.414236226E1
1.290500717E1,-2.191753387E0,-2.306501770E1,-3.736209106E1,4.396276462E1
1.291505017E1,-1.035142899E0,-2.321198273E1,-3.742459106E1,4.405073983E1
1.292509317E1,-2.525329590E-2,-2.300820923E1,-3.679312134E1,4.339483964E1
1.293513617E1,1.126663208E0,-2.308890152E1,-3.732675171E1,4.390504682E1
1.294517917E1,2.166711807E0,-2.319344330E1,-3.680328369E1,4.355585084E1
1.295522217E1,3.408929825E0,-2.341163254E1,-3.699224854E1,4.391072525E1
1.296526517E1,4.635782242E0,-2.333318710E1,-3.647161865E1,4.354431151E1
1.297530817E1,6.392545700E0,-2.360997391E1,-3.621252441E1,4.369945575E1
1.298535117E1,7.923433304E0,-2.359381866E1,-3.577828979E1,4.358365628E1
1.299539417E1,9.350536346E0,-2.385786438E1,-3.522885132E1,4.356262375E1
1.300543717E1,1.039863205E1,-2.373439789E1,-3.435913086E1,4.303490519E1
1.301548017E1,1.179242134E1,-2.381609344E1,-3.435833740E1,4.343688360E1
1.302552417E1,1.239103317E1,-2.385470963E1,-3.317486572E1,4.269843779E1
1.303556717E1,1.342685699E1,-2.410869598E1,-3.366864014E1,4.353259744E1
1.304561017E1,1.366743088E1,-2.386543274E1,-3.288693237E1,4.287082770E1
1.305565317E1,1.456763840E1,-2.398368073E1,-3.207467651E1,4.261710810E1
1.306569617E1,1.452057648E1,-2.381073761E1,-3.188278198E1,4.235929831E1
1.307573917E1,1.497590256E1,-2.403522491E1,-3.185879517E1,4.262572608E1
1.308578217E1,1.539584732E1,-2.377307510E1,-3.112692261E1,4.208416003E1
1.309582517E1,1.630800247E1,-2.393914795E1,-3.115475464E1,4.254001041E1
1.310586817E1,1.642076874E1,-2.387737274E1,-3.033773804E1,4.195412881E1
1.311591117E1,1.734139252E1,-2.397423553E1,-3.028652954E1,4.234101718E1
1.312595417E1,1.757515717E1,-2.375228500E1,-2.912817383E1,4.149105570E1
1.313599717E1,1.810535812E1,-2.401033020E1,-2.860015869E1,4.150022923E1
1.314604017E1,1.823641205E1,-2.371722412E1,-2.845568848E1,4.128921955E1
1.315608317E1,1.871841812E1,-2.387020111E1,-2.805932617E1,4.132180373E1
1.316612617E1,1.899793434E1,-2.369595337E1,-2.788049316E1,4.122792275E1
1.317617017E1,1.919132805E1,-2.385484695E1,-2.808532715E1,4.154691801E1
1.318621317E1,1.892218590E1,-2.359937668E1,-2.729852295E1,4.074541758E1
1.319625617E1,1.871024895E1,-2.360506821E1,-2.766986084E1,4.090102517E1
1.320629917E1,1.849456215E1,-2.357345963E1,-2.720935059E1,4.047351711E1
1.321634217E1,1.828997993E1,-2.372340012E1,-2.732196045E1,4.054395888E1
1.322638517E1,1.833173370E1,-2.337269592E1,-2.732513428E1,4.036085156E1
1.323642817E1,1.803816986E1,-2.339422607E1,-2.670520020E1,3.982252005E1
1.324647117E1,1.790967941E1,-2.337637329E1,-2.683526611E1,3.984147277E1
1.325651417E1,1.751077271E1,-2.344899368E1,-2.646209717E1,3.945535518E1
1.326655717E1,1.764508820E1,-2.345909500E1,-2.627087402E1,3.939336362E1
1.327660017E1,1.719964981E1,-2.319332504E1,-2.627185059E1,3.903803803E1
1.328664317E1,1.757405853E1,-2.322058105E1,-2.579351807E1,3.890178006E1
1.329668617E1,1.736431885E1,-2.294493484E1,-2.587292480E1,3.869622517E1
1.330672917E1,1.869242668E1,-2.268926239E1,-2.588122559E1,3.916691564E1
1.331677317E1,1.871982765E1,-2.219496536E1,-2.433428955E1,3.788411386E1
1.332681617E1,2.037432861E1,-2.212804413E1,-2.400299072E1,3.848255666E1
1.333685917E1,2.037432861E1,-2.212804413E1,-2.400299072E1,3.848255666E1
1.334690217E1,2.025874710E1,-2.140659332E1,-2.274725342E1,3.723031842E1
1.335694517E1,2.172317886E1,-2.110599899E1,-2.257965088E1,3.777830498E1
1.336698817E1,2.126990318E1,-2.049763870E1,-2.194348145E1,3.679780363E1
1.337703117E1,2.305566216E1,-2.053704453E1,-2.055975342E1,3.709497561E1
1.338707417E1,2.268684959E1,-1.987917328E1,-1.960198975E1,3.597377763E1
1.339711733E1,2.440828133E1,-2.011114502E1,-1.849456787E1,3.663702215E1
1.340716033E1,2.352414513E1,-1.946451569E1,-1.750329590E1,3.519400719E1
1.341720333E1,2.501337242E1,-1.968238068E1,-1.736761475E1,3.625877757E1
1.342724633E1,2.357661247E1,-1.900741577E1,-1.674456787E1,3.460518839E1
1.343728933E1,2.479718208E1,-1.944774628E1,-1.656555176E1,3.560242379E1
1.344733233E1,2.325107765E1,-1.892788315E1,-1.649792480E1,3.422073780E1
1.345737633E1,2.448111153E1,-1.953847885E1,-1.525897217E1,3.484125728E1
1.346741933E1,2.288331795E1,-1.905482101E1,-1.529968262E1,3.347854137E1
1.347746233E1,2.400792694E1,-1.974914551E1,-1.394189453E1,3.407030565E1
1.348750533E1,2.258974457E1,-1.920262527E1,-1.403356934E1,3.280211038E1
1.349754833E1,2.360749626E1,-1.988674545E1,-1.326892090E1,3.359852357E1
1.350759133E1,2.191976738E1,-1.951336670E1,-1.313354492E1,3.215179131E1
1.351763433E1,2.288912582E1,-1.992293167E1,-1.284545898E1,3.295210318E1
1.352767733E1,2.110656738E1,-1.938674164E1,-1.307415771E1,3.150026251E1
1.353772033E1,2.151064301E1,-1.979724884E1,-1.245013428E1,3.177490626E1
1.354776333E1,1.997291946E1,-1.905487442E1,-1.322418213E1,3.060857305E1
1.355780633E1,2.101543427E1,-1.921611786E1,-1.275451660E1,3.120232935E1
1.356784933E1,1.983049393E1,-1.841460037E1,-1.333685303E1,3.016981347E1
1.357789233E1,2.030672073E1,-1.838159180E1,-1.338684082E1,3.048693706E1
1.358793533E1,1.894389725E1,-1.773662567E1,-1.346496582E1,2.923635473E1
1.359797833E1,1.840151978E1,-1.810524750E1,-1.346038818E1,2.911353580E1
1.360802233E1,1.753833771E1,-1.754938889E1,-1.361376953E1,2.830033676E1
1.361806533E1,1.728498459E1,-1.736207199E1,-1.374023438E1,2.808925554E1
1.362810833E1,1.672617722E1,-1.666730499E1,-1.419274902E1,2.754992168E1
1.363815133E1,1.605807877E1,-1.638132095E1,-1.399310303E1,2.687036476E1
1.364819433E1,1.600992584E1,-1.561690521E1,-1.410162354E1,2.643976627E1
1.365823733E1,1.522491837E1,-1.517422485E1,-1.389794922E1,2.559703560E1
1.366828033E1,1.536016464E1,-1.444091034E1,-1.355737305E1,2.506545258E1
1.367832333E1,1.402529526E1,-1.367687225E1,-1.434179688E1,2.427865069E1
1.368836633E1,1.458294296E1,-1.315024567E1,-1.342523193E1,2.378714020E1
1.369840933E1,1.213875389E1,-1.308739090E1,-1.359289551E1,2.243648713E1
1.370845233E1,1.325734901E1,-1.269418716E1,-1.277404785E1,2.236237888E1
1.371849533E1,1.106700706E1,-1.154043579E1,-1.275500488E1,2.045361712E1
1.372853833E1,1.240671730E1,-1.115390778E1,-1.178979492E1,2.042879236E1
1.373858133E1,9.906286240E0,-9.833671570E0,-1.219323730E1,1.853404002E1
1.374862533E1,1.173628807E1,-9.492080688E0,-1.051879883E1,1.839796680E1
1.375866833E1,9.235881805E0,-1.453281403E1,-1.109094238E1,2.048202136E1
1.376871133E1,1.128131485E1,-1.430566406E1,-8.447692871E0,2.008192231E1
1.377875433E1,8.506088257E0,-1.283549500E1,-1.022393799E1,1.848329995E1
1.378879733E1,1.109157562E1,-1.279334259E1,-7.075988770E0,1.835108393E1
1.379884033E1,8.179798126E0,-1.144959259E1,-8.456848145E0,1.641708100E1
1.380888333E1,1.104215622E1,-1.147158051E1,-5.446289062E0,1.682820364E1
1.381892633E1,8.665206909E0,-3.627342224E0,-8.453979492E0,1.263776846E1
1.382896933E1,8.665206909E0,-3.627342224E0,-8.453979492E0,1.263776846E1
1.383901233E1,1.168518829E1,-3.880241394E0,-5.070739746E0,1.331586649E1
1.384905533E1,8.327945709E0,-3.017524719E0,-7.408752441E0,1.154771613E1
1.385909833E1,1.187230682E1,-3.280029297E0,-3.096557617E0,1.270035159E1
1.386914133E1,8.917394638E0,-2.485084534E0,-6.134277344E0,1.110517586E1
1.387918433E1,1.184329605E1,6.677536011E0,-4.066528320E0,1.419118745E1
1.388922833E1,8.690307617E0,7.347404480E0,-7.443115234E0,1.359800586E1
1.389927133E1,1.197329330E1,6.982284546E0,-3.710693359E0,1.434856422E1
1.390931433E1,9.055528641E0,7.313079834E0,-6.746887207E0,1.345378098E1
1.391935733E1,1.231958389E1,6.971191406E0,-3.248291016E0,1.452312127E1
1.392940033E1,9.299465179E0,7.056465149E0,-6.188354492E0,1.321247457E1
1.393944333E1,1.224914551E1,6.745178223E0,-2.653137207E0,1.423299448E1
1.394948633E1,9.219530106E0,8.150154114E0,-6.307891846E0,1.382802397E1
1.395952933E1,1.172828293E1,8.043769836E0,-3.136383057E0,1.456337022E1
1.396957233E1,9.294649124E0,7.795379639E0,-6.464874268E0,1.374601925E1
1.397961533E1,1.163136673E1,7.917320251E0,-3.804779053E0,1.457563020E1
1.398965833E1,9.721792221E0,6.544158936E0,-7.128845215E0,1.371713142E1
1.399970133E1,1.129434776E1,6.589897156E0,-5.676513672E0,1.425523916E1
1.400974433E1,9.945608139E0,6.323364258E0,-7.387023926E0,1.390928392E1
1.401978733E1,1.085688210E1,6.409576416E0,-6.765563965E0,1.430829880E1
1.402983133E1,1.071234512E1,3.612487793E0,-1.100482178E1,1.577689793E1
1.403987433E1,1.079044724E1,3.583580017E0,-1.036340332E1,1.538427527E1
1.404991733E1,1.075020599E1,3.062980652E0,-1.213989258E1,1.650229594E1
1.405996033E1,1.010482216E1,2.772018433E0,-1.231555176E1,1.616985875E1
1.407000333E1,1.086751175E1,2.913192749E0,-1.223095703E1,1.661883911E1
1.408004633E1,9.492834091E0,2.636268616E0,-1.325030518E1,1.651164433E1
1.409008933E1,1.168797493E1,-1.109695435E0,-1.388555908E1,1.818375464E1
1.410013233E1,9.368717194E0,-1.560478210E0,-1.530773926E1,1.801485041E1
1.411017533E1,1.199625969E1,-8.515701294E-1,-1.423327637E1,1.863388243E1
1.412021833E1,8.728296280E0,-1.520111084E0,-1.546771240E1,1.782537575E1
1.413026133E1,1.255093575E1,-5.852737427E-1,-1.481829834E1,1.942808532E1
1.414030433E1,8.420824051E0,-1.628364563E0,-1.645440674E1,1.855557463E1
1.415034733E1,1.321767616E1,-2.375946045E0,-1.672787476E1,2.145166373E1
1.416039033E1,8.302896500E0,-3.420974731E0,-1.876962280E1,2.080720785E1
1.417043433E1,1.343750954E1,-2.119201660E0,-1.653298950E1,2.141021766E1
1.418047733E1,7.896631241E0,-3.406379700E0,-1.916659546E1,2.100758409E1
1.419052033E1,1.381598473E1,-1.996505737E0,-1.721072388E1,2.216024561E1
1.420056333E1,7.417669296E0,-3.376533508E0,-1.904788208E1,2.071821923E1
1.421060633E1,1.421147537E1,-4.027099609E0,-1.854370117E1,2.370764469E1
1.422064933E1,7.009658813E0,-5.543029785E0,-2.026336670E1,2.214643371E1
1.423069233E1,1.443674850E1,-4.105079651E0,-1.934875488E1,2.448766428E1
1.424073533E1,6.653911591E0,-5.660751343E0,-2.132501221E1,2.304506001E1
1.425077833E1,1.477669907E1,-5.997657776E0,-1.972463989E1,2.536501829E1
1.426082133E1,6.647567749E0,-7.459495544E0,-2.164981079E1,2.384425587E1
1.427086433E1,1.525878525E1,-5.664100647E0,-2.032858276E1,2.604157907E1
1.428090733E1,6.732357025E0,-7.415245056E0,-2.220944214E1,2.436328817E1
1.429095033E1,1.549741554E1,-5.960594177E0,-2.062130737E1,2.647521273E1
1.430099433E1,6.599210739E0,-7.907585144E0,-2.127975464E1,2.364122338E1
1.431103733E1,6.599210739E0,-7.907585144E0,-2.127975464E1,2.364122338E1
1.432108033E1,1.535871315E1,-6.041038513E0,-2.142141724E1,2.704184410E1
1.433112333E1,6.562856674E0,-7.555175781E0,-2.148849487E1,2.370458143E1
1.434116633E1,1.486045647E1,-5.845161438E0,-2.130709839E1,2.662689468E1
1.435120933E1,6.503522873E0,-7.521240234E0,-2.207284546E1,2.420899360E1
1.436125233E1,1.394806480E1,-6.055007935E0,-2.203091431E1,2.676887779E1
1.437129533E1,6.823915482E0,-5.588310242E0,-2.048043823E1,2.229895477E1
1.438133833E1,1.316416931E1,-4.254173279E0,-2.084762573E1,2.502032859E1
1.439138133E1,7.344688416E0,-5.702720642E0,-2.016744995E1,2.220791544E1
1.440142346E1,1.235695267E1,-4.675399780E0,-2.100064087E1,2.481089598E1
1.441146646E1,7.986282349E0,-5.823081970E0,-2.033798218E1,2.261244145E1
1.442150946E1,1.096476173E1,-4.663352966E0,-1.899035645E1,2.241888710E1
1.443155346E1,8.671031952E0,-5.690719604E0,-1.936291504E1,2.196573613E1
1.444159646E1,1.019140244E1,-5.006164551E0,-1.862963867E1,2.181719057E1
1.445163946E1,9.872833252E0,-5.611358643E0,-1.954345703E1,2.260324966E1
1.446168246E1,9.588100433E0,-5.445426941E0,-1.870349121E1,2.171186146E1
1.447172546E1,1.101113319E1,-5.374313354E0,-1.910980225E1,2.270050308E1
1.448176846E1,9.026931763E0,-5.180747986E0,-1.784661865E1,2.065980261E1
1.449181146E1,1.237017822E1,-4.823234558E0,-1.842401123E1,2.270966954E1
1.450185446E1,8.473228455E0,-5.446151733E0,-1.755822754E1,2.024222131E1
1.451189746E1,1.358542633E1,-4.606765747E0,-1.885162354E1,2.368902297E1
1.452194046E1,7.588180542E0,-5.786880493E0,-1.683612061E1,1.935260775E1
1.453198346E1,1.437266159E1,-4.441833496E0,-1.973071289E1,2.481137475E1
1.454202646E1,8.309263229E0,-5.567726135E0,-1.485266113E1,1.790656227E1
1.455206946E1,1.676486778E1,-4.174743652E0,-1.863970947E1,2.541511451E1
1.456211246E1,7.507577896E0,-5.860984802E0,-1.500292969E1,1.777084038E1
1.457215646E1,1.618501854E1,-4.870933533E0,-1.984429932E1,2.606678028E1
1.458219946E1,9.629873276E0,-3.537025452E0,-1.460675049E1,1.784943047E1
1.459224246E1,2.148092651E1,-2.807350159E0,-2.000738525E1,2.948909771E1
1.460228546E1,9.698741913E0,-3.885841370E0,-1.357543945E1,1.713061336E1
1.461232846E1,2.070226288E1,-4.043983459E0,-2.122955322E1,2.992710177E1
1.462237146E1,1.325602150E1,1.275062561E0,-1.194030762E1,1.788627509E1
1.463241446E1,2.379454231E1,-3.364791870E-1,-2.190258789E1,3.234218327E1
1.464245746E1,1.455428886E1,2.334358215E0,-1.232348633E1,1.921314310E1
1.465250046E1,2.381122017E1,-8.646316528E-1,-2.316400146E1,3.323090065E1
1.466254346E1,1.472591209E1,1.772552490E0,-1.346310425E1,2.003121577E1
1.467258646E1,2.262916946E1,-3.117736816E0,-2.501718140E1,3.387711556E1
1.468262946E1,1.550196457E1,1.357147217E0,-1.414688110E1,2.103062051E1
1.469267246E1,2.169569397E1,-4.351806641E0,-2.583828735E1,3.401850160E1
1.470271646E1,1.574344635E1,4.589080811E-2,-1.424768066E1,2.123333731E1
1.471275946E1,2.134480286E1,-5.735027313E0,-2.530450439E1,3.359775424E1
1.472280246E1,1.602842522E1,-6.361846924E-1,-1.488323975E1,2.188209248E1
1.473284546E1,2.084131432E1,-5.772823334E0,-2.391851807E1,3.224564123E1
1.474288846E1,1.851234245E1,-4.204055786E0,-1.434039307E1,2.379133837E1
1.475293146E1,2.206422424E1,-8.619056702E0,-2.173223877E1,3.214666906E1
1.476297446E1,1.861948967E1,-4.767185211E0,-1.483209229E1,2.427761133E1
1.477301746E1,2.109077644E1,-8.976100922E0,-2.097796631E1,3.107195374E1
1.478306046E1,1.807833481E1,-7.968338013E0,-1.501452637E1,2.481444342E1
1.479310346E1,1.940531921E1,-1.137395477E1,-1.991955566E1,3.004533173E1
1.480314646E1,1.940531921E1,-1.137395477E1,-1.991955566E1,3.004533173E1
1.481318946E1,1.805588341E1,-8.975727081E0,-1.577209473E1,2.559956199E1
1.482323346E1,1.779993439E1,-1.435247803E1,-1.751287842E1,2.880160065E1
1.483327646E1,1.746162033E1,-1.316659164E1,-1.526330566E1,2.666900485E1
1.484331946E1,1.771842194E1,-1.432542038E1,-1.583605957E1,2.774780942E1
1.485336246E1,1.736684418E1,-1.453301620E1,-1.537359619E1,2.737084757E1
1.486340546E1,1.322019958E1,-1.643808365E1,-1.379827881E1,2.520668104E1
1.487344846E1,1.261924934E1,-1.769394302E1,-1.412219238E1,2.591828296E1
1.488349146E1,1.237862396E1,-1.648331451E1,-1.327447510E1,2.451819075E1
1.489353446E1,1.154000473E1,-1.877828598E1,-1.415869141E1,2.619664627E1
1.490357746E1,1.192424774E1,-1.640255356E1,-1.285119629E1,2.400801311E1
1.491362046E1,7.628260612E0,-2.025570297E1,-1.288281250E1,2.518830524E1
1.492366346E1,8.582634926E0,-1.682419205E1,-1.053942871E1,2.162856024E1
1.493370646E1,6.834057808E0,-2.112484360E1,-1.311871338E1,2.578883487E1
1.494374946E1,8.140339851E0,-1.668395233E1,-1.015887451E1,2.116180828E1
1.495379346E1,6.528040886E0,-2.167755890E1,-1.325280762E1,2.623297138E1
1.496383646E1,8.538821220E0,-1.635069656E1,-1.033465576E1,2.114383730E1
1.497387946E1,4.496944427E0,-2.247159195E1,-1.120721436E1,2.551071554E1
1.498392246E1,6.723598480E0,-1.630342102E1,-8.191833496E0,1.944516520E1
1.499396546E1,4.261486053E0,-2.283596420E1,-1.118206787E1,2.578139186E1
1.500400846E1,6.733127594E0,-1.574803925E1,-7.659362793E0,1.876170530E1
1.501405146E1,4.488182068E0,-2.305459976E1,-1.160284424E1,2.619702928E1
1.502409446E1,7.270484924E0,-1.527551270E1,-7.198547363E0,1.838532902E1
1.503413746E1,4.467632294E0,-2.334569550E1,-1.182672119E1,2.654905969E1
1.504418046E1,7.172986984E0,-1.513629532E1,-7.708618164E0,1.843860006E1
1.505422346E1,3.592081070E0,-2.352219772E1,-1.127270508E1,2.633003441E1
1.506426646E1,6.811742783E0,-1.512394714E1,-8.138977051E0,1.847637855E1
1.507431046E1,-1.388887405E0,-2.209438324E1,-1.227545166E1,2.531358316E1
1.508435346E1,2.445535660E0,-1.332181549E1,-8.825256348E0,1.616590741E1
1.509439646E1,-1.539937973E0,-2.200528717E1,-1.237567139E1,2.529350341E1
1.510443946E1,2.580268860E0,-1.337158203E1,-8.598449707E0,1.610559936E1
1.511448246E1,-1.147073746E0,-2.205253601E1,-1.243273926E1,2.534172702E1
1.512452546E1,2.788425446E0,-1.335393143E1,-9.024536133E0,1.635680450E1
1.513456846E1,-6.231899261E-1,-2.176931763E1,-1.193304443E1,2.483322583E1
1.514461146E1,2.848728180E0,-1.344985962E1,-9.260498047E0,1.657621187E1
1.515465446E1,-4.440555573E-1,-2.104489136E1,-1.175701904E1,2.411041547E1
1.516469746E1,2.746875763E0,-1.360916901E1,-9.460571289E0,1.680051239E1
1.517474046E1,2.216606140E-1,-2.036713409E1,-1.199633789E1,2.363855764E1
1.518478346E1,2.848754883E0,-1.417268372E1,-9.248718262E0,1.716156046E1
1.519482646E1,4.240131378E-1,-1.954726028E1,-1.222656250E1,2.306000872E1
1.520487046E1,2.386417389E0,-1.473035812E1,-9.808288574E0,1.785723840E1
1.521491346E1,1.566623688E0,-1.952298355E1,-8.615234375E0,2.139680957E1
1.522495646E1,2.933506012E0,-1.648557281E1,-7.660400391E0,1.841361732E1
1.523499946E1,1.973119736E0,-1.865947723E1,-8.390197754E0,2.055394635E1
1.524504246E1,2.666395187E0,-1.742649841E1,-7.694824219E0,1.923545762E1
1.525508546E1,2.709684372E0,-1.747426605E1,-7.686889648E0,1.928161393E1
1.526512846E1,2.497669220E0,-1.814884567E1,-7.497375488E0,1.979468590E1
1.527517146E1,3.470624924E0,-1.672051239E1,-7.811340332E0,1.877865303E1
1.528521446E1,2.470705032E0,-1.877034378E1,-8.566589355E0,2.078019832E1
1.529525746E1,2.470705032E0,-1.877034378E1,-8.566589355E0,2.078019832E1
1.530530046E1,3.864147186E0,-1.559857941E1,-7.904052734E0,1.790869517E1
1.531534346E1,1.869728088E0,-1.983326721E1,-8.390014648E0,2.161589039E1
1.532538746E1,3.803070068E0,-1.490534973E1,-7.384643555E0,1.706357972E1
1.533543046E1,1.120557785E0,-2.051422501E1,-8.939270020E0,2.240534815E1
1.534547346E1,4.150897980E0,-1.401969910E1,-6.961059570E0,1.619377248E1
1.535551646E1,7.921600342E-1,-2.126169586E1,-9.027221680E0,2.311229023E1
1.536555946E1,4.385906219E0,-1.340659714E1,-7.333068848E0,1.589801619E1
1.537560246E1,6.402988434E-1,-2.179047394E1,-8.858581543E0,2.353102641E1
1.538564546E1,4.357072830E0,-1.275690460E1,-6.792785645E0,1.509518584E1
1.539568846E1,6.233062744E-1,-2.234248352E1,-8.611022949E0,2.395255303E1
1.540573192E1,4.505508423E0,-1.231569672E1,-6.796630859E0,1.477058505E1
1.541577492E1,2.747478485E-1,-2.278617096E1,-8.601013184E0,2.435698054E1
1.542581792E1,4.745748520E0,-1.236621857E1,-5.861694336E0,1.448464536E1
1.543586092E1,-4.197731018E-1,-2.307829285E1,-7.422485352E0,2.424617700E1
1.544590492E1,1.185166931E1,-1.189140320E1,-2.407336426E1,2.934952133E1
1.545594792E1,6.764133453E0,-2.282317352E1,-2.448681641E1,3.415047480E1
1.546599092E1,1.115557957E1,-1.299962997E1,-2.382083130E1,2.934057496E1
1.547603392E1,6.276270866E0,-2.352546692E1,-2.398275757E1,3.417618806E1
1.548607692E1,1.091763210E1,-1.338530731E1,-2.338650513E1,2.907386738E1
1.549611992E1,6.735539436E0,-2.354299164E1,-2.364730835E1,3.404166769E1
1.550616292E1,1.049454117E1,-1.333865738E1,-2.121313477E1,2.716711729E1
1.551620592E1,6.805892944E0,-2.320823288E1,-2.211358643E1,3.277122147E1
1.552624892E1,1.041991615E1,-1.376877975E1,-2.101855469E1,2.720172034E1
1.553629192E1,6.626995087E0,-2.291560364E1,-2.158715820E1,3.217215183E1
1.554633492E1,1.002103710E1,-1.438862228E1,-1.990658569E1,2.652783048E1
1.555637792E1,6.704594612E0,-2.239672089E1,-1.989950562E1,3.070105892E1
1.556642192E1,9.583636284E0,-1.502710724E1,-1.946560669E1,2.639261033E1
1.557646492E1,6.444125175E0,-2.200943375E1,-1.984963989E1,3.033067963E1
1.558650792E1,9.226660728E0,-1.577109909E1,-1.899765015E1,2.635848148E1
1.559655092E1,7.041129112E0,-2.118413925E1,-1.994631958E1,2.993661504E1
1.560659392E1,8.596278191E0,-1.622919464E1,-1.951608276E1,2.679851197E1
1.561663692E1,7.164591789E0,-2.013529587E1,-1.985360718E1,2.917065706E1
1.562667992E1,8.870673180E0,-1.672156906E1,-1.981423950E1,2.740262399E1
1.563672292E1,7.580220222E0,-1.927060318E1,-2.004531860E1,2.882066417E1
1.564676592E1,8.746205330E0,-1.741545486E1,-2.026815796E1,2.811747504E1
1.565680892E1,8.346106529E0,-1.838676071E1,-2.052145386E1,2.878993804E1
1.566685192E1,1.429893875E1,-2.011872864E1,-2.149069214E1,3.272724767E1
1.567689492E1,1.440997887E1,-1.942127228E1,-2.183206177E1,3.258024292E1
1.568693892E1,1.368467712E1,-2.056978226E1,-2.165914917E1,3.285582251E1
1.569698192E1,1.464988518E1,-1.859296036E1,-2.199093628E1,3.230972901E1
1.570702492E1,1.378075027E1,-2.147747421E1,-2.200357056E1,3.369492683E1
1.571706792E1,1.487511444E1,-1.780010986E1,-2.153433228E1,3.165186262E1
1.572711092E1,1.358781433E1,-2.190023422E1,-2.257070923E1,3.425909912E1
1.573715392E1,1.530954361E1,-1.681495667E1,-2.171438599E1,3.144263748E1
1.574719692E1,1.319950676E1,-2.267962646E1,-2.278976440E1,3.475580235E1
1.575723992E1,1.560722160E1,-1.610244751E1,-2.215591431E1,3.152393885E1
1.576728292E1,1.328388023E1,-2.315990829E1,-2.250747681E1,3.492032844E1
1.577732592E1,1.589775848E1,-1.541776657E1,-2.231753540E1,3.144071623E1
1.578736892E1,1.822774124E1,-1.947250748E1,-2.652661133E1,3.761768476E1
1.579741292E1,1.542813969E1,-2.758812332E1,-2.700085449E1,4.157136257E1
1.580745592E1,1.845259857E1,-1.874439240E1,-2.598077393E1,3.697095149E1
1.581749892E1,1.520780659E1,-2.795399475E1,-2.720587158E1,4.186720258E1
1.582754192E1,1.859530640E1,-1.826663589E1,-2.571697998E1,3.661718813E1
1.583758492E1,1.539909649E1,-2.842322540E1,-2.741784668E1,4.238809068E1
1.584762792E1,1.903995132E1,-1.795856476E1,-2.625463867E1,3.707203591E1
1.585767092E1,1.550928402E1,-2.867075348E1,-2.736822510E1,4.256253917E1
1.586771392E1,1.941830063E1,-1.739366150E1,-2.669146729E1,3.731010970E1
1.587775692E1,1.571427059E1,-2.871979523E1,-2.752392578E1,4.277068422E1
1.588779992E1,1.971483994E1,-1.700584412E1,-2.647222900E1,3.713021083E1
1.589784292E1,1.577079868E1,-2.874238586E1,-2.803448486E1,4.313670337E1
1.590788592E1,1.952742004E1,-1.692313385E1,-2.662145996E1,3.710006366E1
1.591792992E1,1.740530777E1,-2.968143463E1,-2.991622925E1,4.559509922E1
1.592797292E1,2.151075745E1,-1.801869202E1,-2.871609497E1,4.014972053E1
1.593801592E1,1.781302261E1,-2.921406174E1,-2.979788208E1,4.537266748E1
1.594805892E1,2.194520569E1,-1.810725403E1,-2.900619507E1,4.063033415E1
1.595810192E1,1.826280785E1,-2.875757599E1,-2.969216919E1,4.519018963E1
1.596814492E1,2.169792747E1,-1.863013458E1,-2.908078003E1,4.078693098E1
1.597818792E1,1.854030037E1,-2.807723999E1,-2.994857788E1,4.504432773E1
1.598823092E1,2.185575104E1,-1.926371765E1,-2.881784058E1,4.097844075E1
1.599827392E1,1.890085411E1,-2.706671524E1,-3.009713745E1,4.467311320E1
1.600831692E1,2.148392487E1,-2.003889465E1,-2.899093628E1,4.127457708E1
1.601835992E1,1.930426025E1,-2.622611618E1,-3.015859985E1,4.438473588E1
1.602840392E1,2.133456039E1,-2.085420990E1,-2.959231567E1,4.202102670E1
1.603844692E1,1.908980560E1,-2.928246689E1,-2.525152588E1,4.312218807E1
1.604848992E1,2.054969978E1,-2.588209534E1,-2.533959961E1,4.164454741E1
1.605853292E1,1.962298012E1,-2.800770187E1,-2.561401367E1,4.272669434E1
1.606857592E1,2.040023041E1,-2.674908066E1,-2.529461670E1,4.208919518E1
1.607861892E1,2.031762886E1,-2.674818802E1,-2.582995605E1,4.237284785E1
1.608866192E1,2.027022552E1,-2.759486389E1,-2.514172363E1,4.247899273E1
1.609870492E1,2.101082039E1,-2.574558640E1,-2.570208740E1,4.201055926E1
1.610874792E1,1.980959511E1,-2.844857407E1,-2.524304199E1,4.288301055E1
1.611879092E1,2.137705421E1,-2.451075363E1,-2.538586426E1,4.125769740E1
1.612883392E1,1.935678673E1,-2.939582825E1,-2.561926270E1,4.353328074E1
1.613887792E1,2.147892189E1,-2.346877289E1,-2.555169678E1,4.080461487E1
1.614892092E1,1.882927132E1,-3.024645233E1,-2.577856445E1,4.397639961E1
1.615896392E1,2.180073929E1,-2.254842377E1,-2.600524902E1,4.074281071E1
1.616900692E1,1.818079185E1,-3.087298584E1,-2.554095459E1,4.400025919E1
1.617904992E1,2.170811081E1,-2.176284790E1,-2.571679688E1,4.007764046E1
1.618909292E1,1.826624107E1,-3.143842316E1,-2.581195068E1,4.459020982E1
1.619913592E1,2.564149094E1,-2.370974731E1,-1.557098389E1,3.823733404E1
1.620917892E1,2.197401428E1,-3.419329071E1,-1.623919678E1,4.376928084E1
1.621922192E1,2.534947968E1,-2.311791229E1,-1.451385498E1,3.725165735E1
1.622926492E1,2.198094177E1,-3.415314484E1,-1.615856934E1,4.371153699E1
1.623930792E1,2.505364037E1,-2.296628571E1,-1.447259521E1,3.694037340E1
1.624935192E1,2.167947006E1,-3.424735641E1,-1.621722412E1,4.365637642E1
1.625939492E1,2.417685509E1,-2.333557892E1,-1.465008545E1,3.665643967E1
1.626943792E1,2.417685509E1,-2.333557892E1,-1.465008545E1,3.665643967E1
1.627948092E1,2.134797096E1,-3.405400848E1,-1.655029297E1,4.346634969E1
1.628952392E1,2.328240967E1,-2.371114349E1,-1.414739990E1,3.611700222E1
1.629956692E1,2.179109573E1,-3.478169250E1,-1.682452393E1,4.435856842E1
1.630960992E1,2.326920319E1,-2.523383331E1,-1.315258789E1,3.675857354E1
1.631965292E1,2.135006523E1,-3.441418839E1,-1.673242188E1,4.381935177E1
1.632969592E1,2.233588791E1,-2.598903656E1,-1.297497559E1,3.664248765E1
1.633973892E1,2.105011559E1,-3.391687775E1,-1.665338135E1,4.325271174E1
1.634978192E1,2.145531082E1,-2.654791260E1,-1.309680176E1,3.656020025E1
1.635982592E1,2.061985016E1,-3.330100250E1,-1.584045410E1,4.224991094E1
1.636986892E1,2.067561150E1,-2.734753418E1,-1.253186035E1,3.650227473E1
1.637991192E1,2.009545708E1,-3.275240326E1,-1.515118408E1,4.130503230E1
1.638995492E1,1.818079185E1,-2.437938309E1,-1.350003052E1,3.327380856E1
1.639999821E1,1.777329063E1,-2.859815598E1,-1.645223999E1,3.747559987E1
1.641004121E1,1.764161491E1,-2.552326202E1,-1.388516235E1,3.399207576E1
1.642008421E1,1.742333794E1,-2.855866241E1,-1.604489136E1,3.710267433E1
1.643012721E1,1.731872940E1,-2.640505600E1,-1.402310181E1,3.455159554E1
1.644017021E1,1.722205162E1,-2.859315491E1,-1.491464233E1,3.655973366E1
1.645021321E1,1.428487015E1,-2.158226776E1,-1.496871948E1,2.989840062E1
1.646025621E1,1.401625252E1,-2.286329651E1,-1.533517456E1,3.089260819E1
1.647030021E1,1.387635803E1,-2.265042496E1,-1.482131958E1,3.041819484E1
1.648034321E1,1.394695663E1,-2.304132462E1,-1.467532349E1,3.067222455E1
1.649038621E1,1.387689590E1,-2.348736191E1,-1.383987427E1,3.059030123E1
1.650042921E1,1.400220299E1,-2.351933670E1,-1.366299438E1,3.059245500E1
1.651047221E1,1.408375740E1,-2.466359329E1,-1.341769409E1,3.141145605E1
1.652051521E1,1.409666443E1,-2.402727509E1,-1.224606323E1,3.043011602E1
1.653055821E1,1.400019455E1,-2.555488586E1,-1.326284790E1,3.201500856E1
1.654060121E1,1.417450905E1,-2.448804474E1,-1.162319946E1,3.058888373E1
1.655064421E1,8.661481857E0,-2.580121994E1,-1.339303589E1,3.033311109E1
1.656068721E1,8.941513062E0,-2.442781067E1,-1.163082886E1,2.849464458E1
1.657073021E1,8.947027206E0,-2.671109390E1,-1.208340454E1,3.065192488E1
1.658077421E1,9.562587738E0,-2.526995468E1,-1.076919556E1,2.908589464E1
1.659081721E1,9.653871536E0,-2.773130035E1,-1.121578979E1,3.143272492E1
1.660086021E1,1.030916977E1,-2.617286682E1,-9.709869385E0,2.975868785E1
1.661090321E1,1.046067619E1,-2.868726349E1,-1.034768677E1,3.224064910E1
1.662094621E1,1.126842880E1,-2.708826828E1,-7.908172607E0,3.038570322E1
1.663098921E1,1.152829933E1,-2.948046112E1,-9.386749268E0,3.301681897E1
1.664103221E1,1.208411407E1,-2.794564056E1,-7.129547119E0,3.127003488E1
1.665107521E1,7.494577408E0,-4.295519257E1,-1.116079712E1,4.500978395E1
1.666111821E1,8.237043381E0,-4.149702454E1,-1.008901978E1,4.349299080E1
1.667116121E1,8.364511490E0,-4.349174118E1,-1.024874878E1,4.545914050E1
1.668120421E1,9.184753418E0,-4.214672470E1,-9.094818115E0,4.408425813E1
1.669124821E1,9.617517471E0,-4.393171692E1,-9.609893799E0,4.598741624E1
1.670129121E1,1.029141998E1,-4.292522430E1,-7.542205811E0,4.478139207E1
1.671133421E1,1.062821579E1,-4.431444931E1,-8.331939697E0,4.632656482E1
1.672137721E1,1.137425041E1,-4.349857330E1,-6.411315918E0,4.541590496E1
1.673142021E1,1.196462059E1,-4.467118073E1,-6.894653320E0,4.675684739E1
1.674146321E1,1.265279388E1,-4.404528046E1,-5.430267334E0,4.614723965E1
1.675150621E1,1.148781395E1,-5.339847946E1,-5.471191406E0,5.489354619E1
1.676154921E1,1.148781395E1,-5.339847946E1,-5.471191406E0,5.489354619E1
1.677159221E1,1.213856697E1,-5.293035889E1,-4.228546143E0,5.446878283E1
1.678163521E1,1.289754295E1,-5.383466339E1,-3.811706543E0,5.548915843E1
1.679167821E1,1.355996513E1,-5.343931198E1,-2.506164551E0,5.518979598E1
1.680172221E1,1.443965340E1,-5.388609695E1,-2.870758057E0,5.586104445E1
1.681176521E1,1.296147537E1,-6.098109818E1,-1.732513428E0,6.236742564E1
1.682180821E1,1.376674461E1,-6.132994843E1,-1.890960693E0,6.288450973E1
1.683185121E1,1.432153511E1,-6.111604309E1,-4.116210938E-1,6.277297606E1
1.684189421E1,1.510342407E1,-6.129624557E1,1.648864746E-1,6.312978954E1
1.685193721E1,1.554692078E1,-6.099338531E1,6.952819824E-1,6.294746393E1
1.686198021E1,1.609595108E1,-6.105193329E1,1.101318359E0,6.314769277E1
1.687202321E1,1.655965805E1,-6.083398056E1,1.542724609E0,6.306643691E1
1.688206621E1,1.677209473E1,-6.070754242E1,4.094696045E0,6.311477960E1
1.689210921E1,1.734309387E1,-6.046507645E1,4.881530762E0,6.309229523E1
1.690215321E1,1.776766586E1,-6.028269577E1,5.013122559E0,6.304621128E1
1.691219621E1,1.837009430E1,-6.013609314E1,5.661560059E0,6.313369405E1
1.692223921E1,1.897953415E1,-5.976247787E1,6.268951416E0,6.301647586E1
1.693228221E1,1.948688507E1,-5.943292236E1,5.796844482E0,6.281412545E1
1.694232521E1,2.003105927E1,-5.921085358E1,6.683502197E0,6.286364385E1
1.695236821E1,2.037909317E1,-5.905609894E1,6.267395020E0,6.278702494E1
1.696241121E1,2.183474350E1,-6.025051117E1,1.143273926E1,6.509675604E1
1.697245421E1,2.227138901E1,-6.006196594E1,1.161953735E1,6.510351887E1
1.698249721E1,2.252853012E1,-5.961133194E1,1.209432983E1,6.486384493E1
1.699254021E1,2.292863846E1,-5.936903763E1,1.178558350E1,6.472484120E1
1.700258321E1,2.321090317E1,-5.898172379E1,1.255426025E1,6.461578149E1
1.701262721E1,2.337306595E1,-5.878478622E1,1.204049683E1,6.439662155E1
1.702267021E1,2.348197556E1,-5.854051208E1,1.339273071E1,6.448069453E1
1.703271321E1,2.366789246E1,-5.832530212E1,1.250817871E1,6.417526421E1
1.704275621E1,2.376336670E1,-5.811320496E1,1.346804810E1,6.421238593E1
1.705279921E1,2.407217026E1,-5.791558075E1,1.309817505E1,6.407219416E1
1.706284221E1,2.428970718E1,-5.778671265E1,1.825354004E1,6.528771521E1
1.707288521E1,2.448959732E1,-5.761763000E1,1.775567627E1,6.507530794E1
1.708292821E1,2.446929169E1,-5.728649902E1,1.888165283E1,6.509228848E1
1.709297121E1,2.458638382E1,-5.706770325E1,1.829754639E1,6.477664106E1
1.710301421E1,2.454651642E1,-5.685306931E1,1.949700928E1,6.492254099E1
1.711305821E1,2.485205078E1,-5.661168289E1,1.817346191E1,6.444208086E1
1.712310121E1,2.476243210E1,-5.650027847E1,1.962176514E1,6.473386423E1
1.713314421E1,2.485184860E1,-5.641391373E1,1.840637207E1,6.433458303E1
1.714318721E1,2.457273102E1,-5.616722488E1,1.939941406E1,6.430329328E1
1.715323021E1,2.473328781E1,-5.620129776E1,1.924374390E1,6.434782883E1
1.716327321E1,2.440310287E1,-5.592636108E1,1.980236816E1,6.415140746E1
1.717331621E1,2.441537476E1,-5.601889038E1,1.937652588E1,6.410675752E1
1.718335921E1,2.333529282E1,-5.542234039E1,2.218869019E1,6.409765735E1
1.719340221E1,2.356267929E1,-5.534520721E1,2.131646729E1,6.381758061E1
1.720344521E1,2.336662674E1,-5.521855927E1,2.226165771E1,6.395834533E1
1.721348921E1,2.345937347E1,-5.526851273E1,2.164212036E1,6.382266115E1
1.722353221E1,2.327449036E1,-5.514170456E1,2.210623169E1,6.380434909E1
1.723357521E1,2.327537918E1,-5.516218948E1,2.203485107E1,6.379768872E1
1.724361821E1,2.316818619E1,-5.515578461E1,2.209707642E1,6.377465181E1
1.725366121E1,2.316818619E1,-5.515578461E1,2.209707642E1,6.377465181E1
1.726370421E1,2.300468826E1,-5.522612762E1,2.235498047E1,6.386615697E1
1.727374721E1,2.302044296E1,-5.519033432E1,2.227944946E1,6.381447849E1
1.728379021E1,2.300582504E1,-5.509217453E1,2.222485352E1,6.370525719E1
1.729383321E1,2.313701248E1,-5.513169861E1,2.256665039E1,6.390680126E1
1.730387621E1,2.311054230E1,-5.521095276E1,2.224981689E1,6.385452859E1
1.731392021E1,2.323311615E1,-5.528413773E1,2.250143433E1,6.405019998E1
1.732396321E1,2.305089569E1,-5.523592377E1,2.273269653E1,6.402442158E1
1.733400621E1,2.313948822E1,-5.533358765E1,2.247607422E1,6.405010343E1
1.734404921E1,2.309966660E1,-5.536381912E1,2.303814697E1,6.426121132E1
1.735409221E1,2.312693024E1,-5.539907074E1,2.234741211E1,6.405715236E1
1.736413521E1,2.301909256E1,-5.559364700E1,2.270410156E1,6.431180636E1
1.737417821E1,2.307481003E1,-5.584345245E1,2.236648560E1,6.442978906E1
1.738422121E1,2.288488007E1,-5.594582367E1,2.264001465E1,6.454628715E1
1.739426421E1,2.301881790E1,-5.622327423E1,2.219909668E1,6.468170094E1
1.740430704E1,2.280547714E1,-5.623440933E1,2.229135132E1,6.464752837E1
1.741435104E1,2.288097000E1,-5.648732376E1,2.138525391E1,6.458858737E1
1.742439404E1,2.258758545E1,-5.669644547E1,2.268084717E1,6.510842321E1
1.743443704E1,2.268513489E1,-5.690433121E1,2.154684448E1,6.493831505E1
1.744448004E1,2.250501633E1,-5.714419174E1,2.230822754E1,6.534211066E1
1.745452304E1,2.239328003E1,-5.355424881E1,2.221780396E1,6.215422245E1
1.746456604E1,2.212398911E1,-5.365600586E1,2.266995239E1,6.230862380E1
1.747460904E1,2.223239517E1,-5.397270966E1,2.197814941E1,6.237284533E1
1.748465204E1,2.195830917E1,-5.402486038E1,2.232055664E1,6.244245455E1
1.749469504E1,2.203965378E1,-5.421078873E1,2.127783203E1,6.226798607E1
1.750473804E1,2.173608017E1,-5.436079407E1,2.169329834E1,6.243518484E1
1.751478204E1,2.166526794E1,-5.460770416E1,2.024636841E1,6.213936452E1
1.752482504E1,2.150783539E1,-5.469436264E1,2.106741333E1,6.243313377E1
1.753486804E1,2.137665939E1,-5.480769348E1,1.965774536E1,6.202637974E1
1.754491104E1,2.114885330E1,-5.498200989E1,1.981848145E1,6.215358086E1
1.755495404E1,2.095536041E1,-5.528852081E1,1.916311646E1,6.215442620E1
1.756499704E1,2.052233505E1,-5.534985352E1,1.916653442E1,6.206551830E1
1.757504004E1,2.191150475E1,-5.806049728E1,1.850436401E1,6.475760089E1
1.758508304E1,2.154401970E1,-5.807315826E1,1.900570679E1,6.479084338E1
1.759512604E1,2.119119072E1,-5.812770462E1,1.794692993E1,6.442040750E1
1.760516904E1,2.048044777E1,-5.826738739E1,1.841772461E1,6.444959080E1
1.761521304E1,2.002766228E1,-5.843039703E1,1.713150024E1,6.409919543E1
1.762525604E1,1.945605278E1,-5.848126602E1,1.738073730E1,6.403660277E1
1.763529904E1,1.891508675E1,-5.874986649E1,1.679187012E1,6.396322553E1
1.764534204E1,1.843457985E1,-5.863411713E1,1.642745972E1,6.362118246E1
1.765538504E1,1.786416435E1,-5.866391754E1,1.616775513E1,6.341908148E1
1.766542804E1,1.735784340E1,-5.864518738E1,1.540731812E1,6.307089806E1
1.767547104E1,1.658002281E1,-5.866772461E1,1.508248901E1,6.280350740E1
1.768551404E1,1.584995270E1,-5.868718338E1,1.519818115E1,6.266092246E1
1.769555704E1,1.506981087E1,-5.866790771E1,1.454260254E1,6.229373872E1
1.770560004E1,1.453345871E1,-5.869962311E1,1.433996582E1,6.214902891E1
1.771564404E1,1.389954376E1,-5.855628586E1,1.379818726E1,6.174484514E1
1.772568704E1,1.304268265E1,-5.858076859E1,1.329083252E1,6.146921382E1
1.773573004E1,1.210380173E1,-5.847790909E1,1.323687744E1,6.116684389E1
1.774577304E1,1.210380173E1,-5.847790909E1,1.323687744E1,6.116684389E1
1.775581604E1,9.550676346E0,-7.185589600E1,1.528506470E1,7.408183590E1
1.776585904E1,8.865962982E0,-7.177014160E1,1.522955322E1,7.390194731E1
1.777590204E1,7.969951630E0,-7.183524323E1,1.417984009E1,7.365385369E1
1.778594504E1,7.344963074E0,-7.137095642E1,1.344989014E1,7.299768111E1
1.779598804E1,6.632518768E0,-7.163854980E1,1.248864746E1,7.302080826E1
1.780603204E1,5.714195251E0,-7.095352173E1,1.216912842E1,7.221593979E1
1.781607504E1,5.491537094E0,-7.472412872E1,9.464202881E0,7.552101383E1
1.782611804E1,4.861957550E0,-7.410001373E1,9.870513916E0,7.491246700E1
1.783616104E1,4.412231445E0,-7.440440369E1,8.200378418E0,7.498486034E1
1.784620404E1,3.926822662E0,-7.346538544E1,8.585571289E0,7.406952699E1
1.785624704E1,3.591932297E0,-7.386563110E1,7.134155273E0,7.429622876E1
1.786629004E1,3.317968369E0,-7.271191406E1,7.318176270E0,7.315454234E1
1.787633304E1,2.986820221E0,-7.338217926E1,5.998107910E0,7.368746587E1
1.788637604E1,2.614641190E0,-7.202484131E1,6.119934082E0,7.233165080E1
1.789641904E1,2.279565811E0,-7.269635773E1,4.735900879E0,7.288611393E1
1.790646304E1,1.884490967E0,-7.113428497E1,5.433288574E0,7.136636764E1
1.791650604E1,1.586597443E0,-7.216633606E1,2.671447754E0,7.223319171E1
1.792654904E1,1.345399857E0,-7.035359192E1,4.058288574E0,7.048338601E1
1.793659204E1,9.836692810E-1,-7.142861938E1,1.818481445E0,7.145853446E1
1.794663504E1,8.242473602E-1,-6.960176086E1,2.854370117E0,6.966514141E1
1.795667804E1,5.192718506E-1,-7.083827972E1,9.547119141E-1,7.084661596E1
1.796672104E1,2.230761528E0,-7.698565674E1,-2.933898926E0,7.707383086E1
1.797676404E1,2.159075737E0,-7.833744812E1,-4.956726074E0,7.852379588E1
1.798680704E1,2.145070076E0,-7.628295898E1,-3.612854004E0,7.639858553E1
1.799685004E1,2.116608620E0,-7.770169067E1,-6.187744141E0,7.797641274E1
1.800689404E1,1.988629341E0,-7.582716370E1,-4.396728516E0,7.598055424E1
1.801693704E1,1.764864922E0,-7.725127411E1,-7.131286621E0,7.759980250E1
1.802698004E1,1.794980049E0,-7.548239899E1,-5.477050781E0,7.570213072E1
1.803702304E1,1.620741844E0,-7.677031708E1,-7.215332031E0,7.712567280E1
1.804706604E1,1.744050026E0,-7.526943970E1,-6.633300781E0,7.558128698E1
1.805710904E1,1.828988075E0,-7.629804993E1,-8.168945312E0,7.675590718E1
1.806715204E1,1.859274864E0,-7.500056458E1,-7.467529297E0,7.539433389E1
1.807719504E1,1.818903923E0,-7.575718689E1,-9.248596191E0,7.634131456E1
1.808723804E1,1.823231697E0,-7.487927246E1,-7.913818359E0,7.531837850E1
1.809728204E1,1.755745888E0,-7.536659241E1,-9.397521973E0,7.597051608E1
1.810732504E1,1.620501518E0,-7.494880676E1,-9.003601074E0,7.550506270E1
1.811736804E1,1.462197304E0,-7.480717468E1,-9.911010742E0,7.547502593E1
1.812741104E1,-5.988063812E-1,-7.728250122E1,-1.496633911E1,7.872061274E1
1.813745404E1,-2.538318634E-1,-7.678804016E1,-1.460745239E1,7.816549883E1
1.814749704E1,-5.615825653E-1,-7.734695435E1,-1.560940552E1,7.890830287E1
1.815754004E1,-2.553005219E-1,-7.622201538E1,-1.491085815E1,7.766720349E1
1.816758304E1,-1.052936554E0,-7.766323853E1,-1.609359741E1,7.932018136E1
1.817762604E1,-4.654102325E-1,-7.568168640E1,-1.509335327E1,7.717346420E1
1.818766904E1,-1.324527740E0,-7.799291992E1,-1.706124878E1,7.984820688E1
1.819771304E1,-1.372337341E-1,-7.526157379E1,-1.570004272E1,7.688182272E1
1.820775604E1,-1.180255890E0,-7.842432404E1,-1.828268433E1,8.053585630E1
1.821779904E1,3.989009857E-1,-7.466679382E1,-1.556405640E1,7.627272824E1
1.822784204E1,-4.947118759E0,-7.244880676E1,-2.189807129E1,7.584740676E1
1.823788504E1,-4.947118759E0,-7.244880676E1,-2.189807129E1,7.584740676E1
1.824792804E1,-2.850009918E0,-6.802337646E1,-1.835083008E1,7.051280215E1
1.825797104E1,-5.339519501E0,-7.297780609E1,-2.276934814E1,7.663363403E1
1.826801404E1,-2.631298065E0,-6.739572144E1,-1.885858154E1,7.003394245E1
1.827805704E1,-5.872826576E0,-7.314437866E1,-2.302191162E1,7.690642780E1
1.828810104E1,-4.292787552E0,-6.375925446E1,-1.901629639E1,6.667300865E1
1.829814404E1,-8.731994629E0,-7.023603058E1,-2.401794434E1,7.474094843E1
1.830818704E1,-4.227153778E0,-6.345067215E1,-1.851184082E1,6.623099634E1
1.831823004E1,-9.580263138E0,-7.038615417E1,-2.459735107E1,7.517327864E1
1.832827304E1,-4.222423553E0,-6.328131104E1,-1.916510010E1,6.625446588E1
1.833831604E1,-1.041021347E1,-7.041845703E1,-2.531512451E1,7.555122212E1
1.834835904E1,-4.093101501E0,-6.314149094E1,-1.940386963E1,6.618241091E1
1.835840204E1,-1.442544746E1,-6.453074646E1,-2.307467651E1,7.003393084E1
1.836844504E1,-7.620649338E0,-5.757950211E1,-1.748849487E1,6.065740525E1
1.837848904E1,-1.459045982E1,-6.448539734E1,-2.373141479E1,7.024548410E1
1.838853204E1,-7.531589508E0,-5.785418701E1,-1.750418091E1,6.091164211E1
1.839857504E1,-1.470271873E1,-6.429598236E1,-2.465042114E1,7.041155124E1
1.840861817E1,-7.744831085E0,-5.826589203E1,-1.751626587E1,6.133283095E1
1.841866117E1,-1.634676170E1,-6.075894547E1,-2.263262939E1,6.686629933E1
1.842870417E1,-9.705991745E0,-5.544808960E1,-1.568927002E1,5.843671885E1
1.843874717E1,-1.580409050E1,-6.022023010E1,-2.180407715E1,6.596713705E1
1.844879017E1,-1.073727989E1,-5.583895111E1,-1.627917480E1,5.914633694E1
1.845883317E1,-1.698816681E1,-5.792407990E1,-2.105371094E1,6.393008359E1
1.846887617E1,-1.380862045E1,-5.497039795E1,-1.660797119E1,5.906138634E1
1.847892017E1,-1.696846771E1,-5.724264526E1,-2.128692627E1,6.338598081E1
1.848896317E1,-1.487572861E1,-5.538808823E1,-1.706671143E1,5.983644590E1
1.849900617E1,-1.860304451E1,-5.118021393E1,-1.989794922E1,5.797771939E1
1.850904917E1,-1.770224380E1,-5.041423798E1,-1.742834473E1,5.620242011E1
1.851909217E1,-1.769699097E1,-5.085292053E1,-1.924108887E1,5.717886425E1
1.852913517E1,-1.823299789E1,-5.079978561E1,-1.845147705E1,5.703961287E1
1.853917817E1,-2.043653107E1,-4.807132721E1,-1.633618164E1,5.473002039E1
1.854922117E1,-2.203188133E1,-4.858329773E1,-1.752484131E1,5.615033995E1
1.855926417E1,-2.078128052E1,-4.793532944E1,-1.618847656E1,5.469665622E1
1.856930817E1,-2.165774155E1,-4.875127411E1,-1.815869141E1,5.635142030E1
1.857935117E1,-2.029100418E1,-4.674100113E1,-1.311035156E1,5.261489671E1
1.858939417E1,-2.180548859E1,-4.808033752E1,-1.702423096E1,5.547091696E1
1.859943717E1,-1.853623390E1,-4.658432388E1,-1.284191895E1,5.175525172E1
1.860948017E1,-2.258586693E1,-4.794754410E1,-1.860803223E1,5.617247754E1
1.861952317E1,-1.942084885E1,-4.876238251E1,-1.081622314E1,5.359039094E1
1.862956617E1,-2.395098305E1,-5.041079712E1,-1.778796387E1,5.857738227E1
1.863960917E1,-1.961589241E1,-4.848920441E1,-9.973999023E0,5.324910173E1
1.864965217E1,-2.256710052E1,-5.058413696E1,-1.826519775E1,5.832363490E1
1.865969617E1,-1.809280586E1,-4.733073044E1,-9.757934570E0,5.160198596E1
1.866973917E1,-2.038030243E1,-4.991443253E1,-1.874609375E1,5.708084909E1
1.867978217E1,-1.673086739E1,-4.745552826E1,-9.532104492E0,5.121337815E1
1.868982517E1,-1.969033432E1,-5.029449844E1,-1.964056396E1,5.747171123E1
1.869986817E1,-1.631725121E1,-4.741982269E1,-8.611083984E0,5.088263985E1
1.870991117E1,-1.895371056E1,-5.026517868E1,-2.037396240E1,5.745371768E1
1.871995417E1,-1.974694633E1,-4.930678940E1,-1.966131592E1,5.663628443E1
1.872999717E1,-1.678170013E1,-4.658771515E1,-8.007080078E0,5.016127982E1
1.874004017E1,-1.862977791E1,-4.921664047E1,-1.977844238E1,5.621861887E1
1.875008417E1,-1.642384529E1,-4.631677628E1,-7.630493164E0,4.973138732E1
1.876012717E1,-1.581202507E1,-4.883873749E1,-1.987194824E1,5.504667786E1
1.877017017E1,-1.457294846E1,-4.599161911E1,-7.879577637E0,4.888443105E1
1.878021317E1,-1.428882790E1,-4.880326080E1,-1.964154053E1,5.451347523E1
1.879025617E1,-1.462963676E1,-4.577794647E1,-7.595886230E0,4.865536088E1
1.880029917E1,-1.040197372E1,-4.946468353E1,-2.071868896E1,5.462801522E1
1.881034217E1,-1.249936104E1,-4.666969299E1,-9.167541504E0,4.917660102E1
1.882038517E1,-8.791915894E0,-4.875204849E1,-1.957879639E1,5.326715015E1
1.883042817E1,-1.231627274E1,-4.619477844E1,-9.560791016E0,4.875507004E1
1.884047117E1,-7.060609818E0,-4.774392319E1,-1.807495117E1,5.153676622E1
1.885051517E1,-4.704244614E0,-4.425682831E1,-1.291235352E1,4.634140311E1
1.886055817E1,1.585027695E0,-4.512844849E1,-1.904852295E1,4.900954399E1
1.887060117E1,-5.869178772E-1,-4.214947128E1,-1.499816895E1,4.474223367E1
1.888064417E1,6.260969162E0,-4.228457642E1,-1.847167969E1,4.656595417E1
1.889068717E1,5.356290817E0,-3.929929733E1,-1.579034424E1,4.269027516E1
1.890073017E1,1.152389336E1,-3.899698639E1,-1.738146973E1,4.422307718E1
1.891077317E1,1.100235367E1,-3.659081268E1,-1.417901611E1,4.075516970E1
1.892081617E1,1.531138802E1,-3.637003326E1,-1.449468994E1,4.203943338E1
1.893086017E1,1.430917263E1,-3.507845306E1,-1.178363037E1,3.967498249E1
1.894090317E1,1.622594452E1,-3.515537262E1,-1.051092529E1,4.012058138E1
1.895094617E1,1.604190826E1,-3.462032318E1,-8.727478027E0,3.914177398E1
1.896098917E1,1.581701565E1,-3.486478424E1,-7.864257812E0,3.908423870E1
1.897103217E1,1.622118759E1,-3.518315125E1,-9.268554688E0,3.983575234E1
1.898107517E1,1.463207722E1,-3.524147034E1,-8.479919434E0,3.908923060E1
1.899111817E1,1.661403656E1,-3.608375549E1,-1.045684814E1,4.107808776E1
1.900116117E1,1.356425953E1,-3.598908615E1,-9.221130371E0,3.955038184E1
1.901120417E1,1.785117340E1,-3.994963074E1,-4.940307617E0,4.403457763E1
1.902124817E1,1.422238159E1,-3.930220413E1,-2.371582031E0,4.186363325E1
1.903129117E1,1.882788849E1,-4.031402588E1,-4.916870117E0,4.476478168E1
1.904133417E1,1.458789825E1,-3.959138870E1,-2.330322266E0,4.225772399E1
1.905137717E1,2.055457878E1,-4.011480331E1,-4.212951660E0,4.527070924E1
1.906142017E1,1.528479195E1,-3.919988632E1,-1.642761230E0,4.210646764E1
1.907146317E1,2.122065926E1,-4.054113007E1,-3.893249512E0,4.592447058E1
1.908150617E1,1.567995644E1,-3.967947769E1,-1.456115723E0,4.269007211E1
1.909154917E1,2.116861725E1,-4.026699829E1,-4.541198730E0,4.571831136E1
1.910159217E1,1.512205124E1,-3.940227890E1,-1.201843262E0,4.222156373E1
1.911163517E1,2.166812515E1,-4.107742691E1,-4.880432129E0,4.669776512E1
1.912167917E1,1.553747559E1,-4.015585327E1,-1.708129883E0,4.309087383E1
1.913172217E1,2.200356674E1,-4.190353775E1,-5.289245605E0,4.762393877E1
1.914176517E1,1.605520821E1,-4.084898376E1,-1.771545410E0,4.392661560E1
1.915180817E1,2.278321457E1,-4.260618591E1,-4.349975586E0,4.851066101E1
1.916185117E1,1.731002808E1,-4.147613907E1,-1.708984375E0,4.497585810E1
1.917189417E1,2.381491470E1,-4.312397003E1,-4.077087402E0,4.943126132E1
1.918193717E1,1.856184387E1,-4.183933640E1,-1.710937500E0,4.580392369E1
1.919198017E1,2.295223236E1,-4.388342667E1,-7.361450195E0,5.006746504E1
1.920202417E1,1.791491699E1,-4.269926834E1,-4.653442383E0,4.653843888E1
1.921206717E1,1.791491699E1,-4.269926834E1,-4.653442383E0,4.653843888E1
1.922211017E1,2.354345703E1,-4.439687729E1,-6.962768555E0,5.073319651E1
1.923215317E1,1.925018311E1,-4.342413330E1,-4.765502930E0,4.773819143E1
1.924219617E1,2.404001617E1,-4.513761520E1,-6.136840820E0,5.150715969E1
1.925223917E1,2.043452835E1,-4.412825012E1,-4.939880371E0,4.888020894E1
1.926228217E1,2.450218964E1,-4.581030655E1,-5.967712402E0,5.229297347E1
1.927232517E1,2.183163452E1,-4.486177063E1,-5.059570312E0,5.014776148E1
1.928236817E1,2.506364822E1,-4.628821945E1,-5.991699219E0,5.297816703E1
1.929241217E1,2.328728104E1,-4.555226517E1,-4.655029297E0,5.137096084E1
1.930245517E1,2.562354660E1,-4.683442307E1,-5.567565918E0,5.367520018E1
1.931249817E1,2.450959778E1,-4.626398849E1,-4.440429688E0,5.254326247E1
1.932254117E1,2.523154449E1,-4.591590500E1,-1.402099609E1,5.423550037E1
1.933258417E1,2.505089951E1,-4.555046844E1,-1.344622803E1,5.369537959E1
1.934262717E1,2.589516830E1,-4.629716492E1,-1.352862549E1,5.474496259E1
1.935267017E1,2.616160965E1,-4.622813797E1,-1.380535889E1,5.488222384E1
1.936271317E1,2.622158051E1,-4.675317764E1,-1.371826172E1,5.533192215E1
1.937275617E1,2.672471619E1,-4.675667191E1,-1.315667725E1,5.543911055E1
1.938280017E1,2.642518234E1,-4.681943130E1,-1.354058838E1,5.544093202E1
1.939284317E1,2.758958435E1,-4.716728210E1,-1.311633301E1,5.619587047E1
1.940288617E1,2.704459381E1,-4.713279343E1,-1.343005371E1,5.597567877E1
1.941292917E1,2.856741333E1,-4.773848724E1,-1.350244141E1,5.724837284E1
1.942297217E1,2.770286560E1,-4.758811951E1,-1.313940430E1,5.661026255E1
1.943301517E1,2.965165329E1,-4.815660858E1,-1.371685791E1,5.819305529E1
1.944305817E1,3.644119263E0,-4.967795563E1,-1.680261230E1,5.256906563E1
1.945310117E1,5.563926697E0,-5.057898331E1,-1.744976807E1,5.379298503E1
1.946314417E1,3.925346375E0,-5.016672134E1,-1.732299805E1,5.321836653E1
1.947318817E1,5.780471802E0,-5.105660629E1,-1.723614502E1,5.419663823E1
1.948323117E1,4.320625305E0,-5.069769669E1,-1.757043457E1,5.382977265E1
1.949327417E1,6.098106384E0,-5.163856125E1,-1.813427734E1,5.506886529E1
1.950331717E1,4.441822052E0,-5.125373840E1,-1.788439941E1,5.446583540E1
1.951336017E1,6.020996094E0,-5.214427185E1,-1.889874268E1,5.578924588E1
1.952340317E1,4.504386902E0,-5.179627609E1,-1.857049561E1,5.520875859E1
1.953344617E1,5.868644714E0,-5.253308105E1,-1.992828369E1,5.649161076E1
1.954348917E1,2.026193619E1,-5.255583572E1,-1.557958984E1,5.844130001E1
1.955353217E1,2.143221283E1,-5.335284805E1,-1.617419434E1,5.972830740E1
1.956357617E1,2.031110001E1,-5.305110931E1,-1.622442627E1,5.907785533E1
1.957361917E1,2.167093277E1,-5.371199799E1,-1.693627930E1,6.034439171E1
1.958366217E1,2.049533081E1,-5.333553696E1,-1.654620361E1,5.948541789E1
1.959370517E1,2.158200455E1,-5.403183365E1,-1.751043701E1,6.076049187E1
1.960374817E1,2.434349060E1,-5.351456833E1,-1.607653809E1,6.094973039E1
1.961379117E1,2.527828598E1,-5.399620819E1,-1.724768066E1,6.206500406E1
1.962383417E1,2.439163971E1,-5.384837723E1,-1.705010986E1,6.152484103E1
1.963387717E1,2.482664871E1,-5.436972046E1,-1.766021729E1,6.232425101E1
1.964392017E1,2.432534409E1,-5.409292221E1,-1.749493408E1,6.183720010E1
1.965396417E1,2.479356766E1,-5.442709732E1,-1.782080078E1,6.240681742E1
1.966400717E1,2.443753242E1,-5.410051346E1,-1.748785400E1,6.188605324E1
1.967405017E1,2.493570137E1,-5.449171448E1,-1.780291748E1,6.251463845E1
1.968409317E1,2.457022667E1,-5.430551529E1,-1.754010010E1,6.213244033E1
1.969413617E1,2.479118156E1,-5.418234253E1,-1.813757324E1,6.228403077E1
1.970417917E1,2.479118156E1,-5.418234253E1,-1.813757324E1,6.228403077E1
1.971422217E1,2.465872383E1,-5.426066971E1,-1.791412354E1,6.223494806E1
1.972426517E1,2.483642006E1,-5.424900436E1,-1.860675049E1,6.249810717E1
1.973430917E1,2.467216682E1,-5.424271393E1,-1.872137451E1,6.246180988E1
1.974435217E1,2.342039680E1,-5.415589142E1,-1.827203369E1,6.176765154E1
1.975439517E1,2.309517479E1,-5.418923569E1,-1.877478027E1,6.182517883E1
1.976443817E1,2.282923317E1,-5.421548080E1,-1.902813721E1,6.182687321E1
1.977448117E1,2.268818092E1,-5.426748657E1,-1.922717285E1,6.188212851E1
1.978452417E1,2.319541168E1,-5.420752716E1,-1.970849609E1,6.216838378E1
1.979456717E1,2.327795410E1,-5.431697083E1,-1.946105957E1,6.221679280E1
1.980461017E1,2.286837387E1,-5.416888046E1,-2.033184814E1,6.221426029E1
1.981465317E1,2.281541061E1,-5.421725845E1,-2.051574707E1,6.229727084E1
1.982469717E1,2.267734909E1,-5.414626312E1,-2.061602783E1,6.221816917E1
1.983474017E1,2.285851288E1,-5.418537521E1,-2.115228271E1,6.249788446E1
1.984478317E1,2.254829788E1,-5.413232040E1,-2.104681396E1,6.230330832E1
1.985482617E1,2.113257027E1,-5.387796402E1,-2.130535889E1,6.167121574E1
1.986486917E1,2.080933571E1,-5.376618576E1,-2.121600342E1,6.143248314E1
1.987491217E1,2.087515068E1,-5.387807083E1,-2.160003662E1,6.168614119E1
1.988495517E1,2.025626945E1,-5.373649216E1,-2.187622070E1,6.145320231E1
1.989499817E1,1.974976921E1,-5.404863358E1,-2.201177979E1,6.161028019E1
1.990504117E1,1.901849556E1,-5.407246780E1,-2.175683594E1,6.130982676E1
1.991508517E1,1.702260208E1,-5.388172150E1,-2.257513428E1,6.084936796E1
1.992512817E1,1.630258179E1,-5.396747208E1,-2.205004883E1,6.053484012E1
1.993517117E1,1.609536743E1,-5.416036606E1,-2.270483398E1,6.089265629E1
1.994521417E1,1.552720261E1,-5.418194962E1,-2.236627197E1,6.063850103E1
1.995525717E1,1.583488846E1,-5.398300171E1,-2.209075928E1,6.043930684E1
1.996530017E1,1.556785202E1,-5.386041641E1,-2.228186035E1,6.033062053E1
1.997534317E1,1.560833359E1,-5.401294327E1,-2.262145996E1,6.060320593E1
1.998538617E1,1.535925674E1,-5.403454208E1,-2.269714355E1,6.058711770E1
1.999542917E1,1.532522202E1,-5.423489761E1,-2.319299316E1,6.094424896E1
2.000547317E1,1.473022842E1,-5.410766983E1,-2.260754395E1,6.046255541E1
2.001551617E1,1.430766487E1,-5.338353348E1,-2.330346680E1,5.997968394E1
2.002555917E1,1.356875038E1,-5.332587814E1,-2.295379639E1,5.962077688E1
2.003560217E1,1.320418358E1,-5.349315262E1,-2.340112305E1,5.986217838E1
2.004564517E1,1.245322609E1,-5.357197952E1,-2.370306396E1,5.989052572E1
2.005568817E1,1.279628181E1,-5.327489471E1,-2.307647705E1,5.945151830E1
2.006573117E1,1.218719673E1,-5.340961838E1,-2.327673340E1,5.952244465E1
2.007577417E1,1.168334007E1,-5.374590302E1,-2.315838623E1,5.967774609E1
2.008581817E1,1.135695457E1,-5.403790665E1,-2.298504639E1,5.981127092E1
2.009586117E1,1.120910454E1,-5.356042480E1,-2.314099121E1,5.941269733E1
2.010590417E1,1.079367638E1,-5.383749390E1,-2.275323486E1,5.943642734E1
2.011594717E1,1.026252174E1,-5.391920090E1,-2.323303223E1,5.960178994E1
2.012599017E1,9.874704361E0,-5.384218216E1,-2.324975586E1,5.947303182E1
2.013603317E1,9.681909561E0,-5.351085281E1,-2.270330811E1,5.892869369E1
2.014607617E1,9.410715103E0,-5.366973877E1,-2.294738770E1,5.912347267E1
2.015611917E1,9.066427231E0,-5.375452805E1,-2.289953613E1,5.912815018E1
2.016616217E1,8.821302414E0,-5.391685867E1,-2.268536377E1,5.915630782E1
2.017620617E1,8.775291443E0,-5.379030609E1,-2.318035889E1,5.922610748E1
2.018624917E1,8.369949341E0,-5.404154968E1,-2.266241455E1,5.919569391E1
2.019629217E1,8.369949341E0,-5.404154968E1,-2.266241455E1,5.919569391E1
2.020633517E1,7.866182327E0,-5.403112030E1,-2.285400391E1,5.919074488E1
2.021637817E1,8.395814896E0,-5.361004639E1,-2.296417236E1,5.892266112E1
2.022642117E1,7.969144821E0,-5.367627335E1,-2.274078369E1,5.883700224E1
2.023646417E1,7.482910156E0,-5.379533005E1,-2.320465088E1,5.906257107E1
2.024650717E1,6.902980804E0,-5.379425049E1,-2.286437988E1,5.885790004E1
2.025655117E1,7.027763367E0,-5.365208054E1,-2.333178711E1,5.892628865E1
2.026659417E1,6.755565643E0,-5.369177246E1,-2.320379639E1,5.888004980E1
2.027663717E1,6.605112076E0,-5.377555084E1,-2.268188477E1,5.873589423E1
2.028668017E1,6.680751801E0,-5.372013474E1,-2.285284424E1,5.876000179E1
2.029672317E1,6.747449875E0,-5.399708557E1,-2.278717041E1,5.899549530E1
2.030676617E1,6.707683563E0,-5.389670181E1,-2.251007080E1,5.879243806E1
2.031680917E1,6.696605682E0,-5.417286301E1,-2.291442871E1,5.919978596E1
2.032685217E1,6.607641220E0,-5.410546112E1,-2.225756836E1,5.887666087E1
2.033689517E1,6.346765518E0,-5.447557449E1,-2.284606934E1,5.941222545E1
2.034693917E1,6.569892883E0,-5.363523483E1,-2.259039307E1,5.856814635E1
2.035698217E1,6.343702316E0,-5.394531250E1,-2.292230225E1,5.895567182E1
2.036702517E1,5.977390289E0,-5.378137970E1,-2.274487305E1,5.869834109E1
2.037706817E1,5.536212921E0,-5.402165222E1,-2.260925293E1,5.882318319E1
2.038711117E1,5.279548645E0,-5.405343246E1,-2.270587158E1,5.886598168E1
2.039715417E1,5.369234085E0,-5.429466248E1,-2.299530029E1,5.920745632E1
2.040719679E1,5.153167725E0,-5.392845917E1,-2.197607422E1,5.846179679E1
2.041723979E1,5.061517715E0,-5.418832016E1,-2.269415283E1,5.896624099E1
2.042728379E1,5.015096664E0,-5.398530579E1,-2.197454834E1,5.850166844E1
2.043732679E1,5.118227005E0,-5.422936630E1,-2.260961914E1,5.897639608E1
2.044736979E1,5.269182205E0,-5.422262192E1,-2.256103516E1,5.896488206E1
2.045741279E1,5.044672012E0,-5.437009048E1,-2.260754395E1,5.909870132E1
2.046745579E1,4.895202637E0,-5.436772919E1,-2.227886963E1,5.895897741E1
2.047749879E1,4.423599243E0,-5.467649460E1,-2.224963379E1,5.919572194E1
2.048754179E1,4.153133392E0,-5.470199585E1,-2.189031982E1,5.906558193E1
2.049758479E1,3.910299301E0,-5.474567032E1,-2.243804932E1,5.929456060E1
2.050762779E1,3.845701218E0,-5.451628494E1,-2.152270508E1,5.873705454E1
2.051767179E1,3.446187973E0,-5.464025497E1,-2.196752930E1,5.899157583E1
2.052771479E1,3.467426300E0,-5.459666824E1,-2.221014404E1,5.904328689E1
2.053775779E1,3.795045853E0,-5.467280579E1,-2.155749512E1,5.889179621E1
2.054780079E1,3.984960556E0,-5.481295776E1,-2.211553955E1,5.924050421E1
2.055784379E1,4.201486588E0,-5.492865753E1,-2.148706055E1,5.913124114E1
2.056788679E1,4.262193680E0,-5.496167374E1,-2.168536377E1,5.923855904E1
2.057792979E1,4.344171524E0,-5.495140839E1,-2.188470459E1,5.930825748E1
2.058797279E1,4.056539536E0,-5.519546127E1,-2.150762939E1,5.937653224E1
2.059801679E1,3.763898849E0,-5.531749344E1,-2.189172363E1,5.961073375E1
2.060805979E1,2.706954956E0,-5.564992523E1,-2.125714111E1,5.963311020E1
2.061810279E1,2.439628601E0,-5.561055756E1,-2.103131104E1,5.950463800E1
2.062814579E1,1.973571777E0,-5.594736481E1,-2.168859863E1,6.003663819E1
2.063818879E1,1.717075348E0,-5.584268570E1,-2.085363770E1,5.963411858E1
2.064823179E1,5.381412506E-1,-5.611939240E1,-2.138995361E1,6.006001927E1
2.065827479E1,3.544960022E-1,-5.606497574E1,-2.102496338E1,5.987867949E1
2.066831779E1,1.081867218E-1,-5.642033768E1,-2.082312012E1,6.014040688E1
2.067836079E1,1.081867218E-1,-5.642033768E1,-2.082312012E1,6.014040688E1
2.068840479E1,2.680168152E-1,-5.635610199E1,-2.027038574E1,5.989132327E1
2.069844779E1,-2.987480164E-2,-5.657360458E1,-2.040515137E1,6.014103283E1
2.070849079E1,3.420257568E-2,-5.655500031E1,-2.031872559E1,6.009425795E1
2.071853379E1,2.245330811E-2,-5.670914459E1,-2.096209717E1,6.045938391E1
2.072857679E1,2.229690552E-2,-5.664281845E1,-1.994207764E1,6.005077718E1
2.073861979E1,-1.635036469E-1,-5.690721130E1,-2.070800781E1,6.055806321E1
2.074866279E1,-2.442855835E-1,-5.678824234E1,-2.007830811E1,6.023373307E1
2.075870579E1,-5.005950928E-1,-5.704420471E1,-2.031964111E1,6.055724318E1
2.076874979E1,-4.857139587E-1,-5.693807220E1,-2.008209229E1,6.037773112E1
2.077879279E1,-1.232282639E0,-5.744635391E1,-2.027795410E1,6.093272947E1
2.078883579E1,-1.393579483E0,-5.738997650E1,-2.004895020E1,6.080716957E1
2.079887879E1,-1.531398773E0,-5.757396698E1,-2.076708984E1,6.122400572E1
2.080892179E1,-1.216409683E0,-5.745384598E1,-1.997998047E1,6.084097049E1
2.081896479E1,-1.428062439E0,-5.750401688E1,-2.087231445E1,6.119154214E1
2.082900779E1,-1.095390320E0,-5.745757675E1,-2.025885010E1,6.093434182E1
2.083905079E1,-8.094615936E-1,-5.758262253E1,-2.100354004E1,6.129895871E1
2.084909479E1,-4.023933411E-1,-5.738470840E1,-2.058984375E1,6.096809284E1
2.085913779E1,-1.704463959E-1,-5.731983185E1,-2.066552734E1,6.093156978E1
2.086918079E1,6.077003479E-2,-5.725927353E1,-2.080340576E1,6.092134100E1
2.087922379E1,1.148796082E-1,-5.675463867E1,-2.254479980E1,6.106856971E1
2.088926679E1,-1.183280945E-1,-5.652597046E1,-2.214068604E1,6.070757215E1
2.089930979E1,-1.077442169E-1,-5.634140396E1,-2.323937988E1,6.094615809E1
2.090935279E1,-5.854167938E-1,-5.628102493E1,-2.295593262E1,6.078545322E1
2.091939579E1,-5.865058899E-1,-5.575215530E1,-2.400915527E1,6.070491205E1
2.092943979E1,-6.999053955E-1,-5.570514297E1,-2.364428711E1,6.051946079E1
2.093948279E1,-7.839317322E-1,-5.577838135E1,-2.360424805E1,6.057229483E1
2.094952579E1,-5.633831024E-1,-5.598353195E1,-2.369946289E1,6.079586986E1
2.095956879E1,-6.696701050E-1,-5.604846954E1,-2.359619141E1,6.081660666E1
2.096961179E1,-8.938541412E-1,-5.632780838E1,-2.325091553E1,6.094445049E1
2.097965479E1,-8.719654083E-1,-5.633425522E1,-2.169775391E1,6.037467316E1
2.098969779E1,-8.836040497E-1,-5.685402679E1,-2.097125244E1,6.060490531E1
2.099974079E1,-4.576339722E-1,-5.701431656E1,-2.125927734E1,6.085062526E1
2.100978379E1,-5.181827545E-1,-5.735087204E1,-2.090063477E1,6.104283390E1
2.101982779E1,-2.413177490E-2,-5.743679047E1,-2.030706787E1,6.092095277E1
2.102987079E1,1.404190063E-1,-5.763252640E1,-2.072149658E1,6.124465885E1
2.103991379E1,5.211277008E-1,-5.764387131E1,-2.022613525E1,6.109160352E1
2.104995679E1,5.601749420E-1,-5.777058029E1,-2.061865234E1,6.134233911E1
2.105999979E1,1.133008957E0,-5.679388809E1,-2.141748047E1,6.070863121E1
2.107004279E1,9.723987579E-1,-5.688356400E1,-2.153283691E1,6.083048970E1
2.108008579E1,1.321626663E0,-5.666191864E1,-2.156250000E1,6.064042486E1
2.109012879E1,1.230285645E0,-5.669575882E1,-2.190655518E1,6.079325481E1
2.110017279E1,1.945037842E0,-5.676143265E1,-2.172283936E1,6.080727882E1
2.111021579E1,1.995082855E0,-5.669615936E1,-2.290911865E1,6.118220787E1
2.112025879E1,2.516046524E0,-5.676010513E1,-2.181164551E1,6.085875372E1
2.113030179E1,2.752344131E0,-5.670085526E1,-2.279382324E1,6.117287604E1
2.114034479E1,3.130331039E0,-5.674959946E1,-2.186926270E1,6.089811706E1
2.115038779E1,3.396070480E0,-5.662669373E1,-2.260711670E1,6.106715535E1
2.116043079E1,3.965946198E0,-5.679393387E1,-2.246990967E1,6.120601681E1
2.117047379E1,3.965946198E0,-5.679393387E1,-2.246990967E1,6.120601681E1
2.118051779E1,4.159751892E0,-5.669393539E1,-2.292272949E1,6.129402396E1
2.119056079E1,4.799276352E0,-5.682216263E1,-2.244525146E1,6.128279149E1
2.120060379E1,4.838226318E0,-5.668695831E1,-2.332885742E1,6.149028594E1
2.121064679E1,5.484350204E0,-5.690969849E1,-2.194482422E1,6.124024158E1
2.122068979E1,5.979610443E0,-5.669034576E1,-2.336621094E1,6.160787983E1
2.123073279E1,6.610977173E0,-5.693359756E1,-2.206799316E1,6.141771628E1
2.124077579E1,7.033475876E0,-5.677122498E1,-2.352618408E1,6.185404680E1
2.125081879E1,7.630401611E0,-5.708078766E1,-2.254821777E1,6.184546445E1
2.126086279E1,8.188323975E0,-5.688445282E1,-2.305975342E1,6.192448506E1
2.127090579E1,9.787330627E0,-5.831270599E1,-1.916082764E1,6.215545702E1
2.128094879E1,1.038873863E1,-5.809101486E1,-1.997430420E1,6.230140228E1
2.129099179E1,1.061980057E1,-5.838867950E1,-1.897662354E1,6.230674361E1
2.130103479E1,1.132035065E1,-5.793961716E1,-2.031036377E1,6.243124580E1
2.131107779E1,1.128055382E1,-5.827085114E1,-1.965863037E1,6.252363341E1
2.132112079E1,1.178369904E1,-5.779841614E1,-2.129998779E1,6.271524496E1
2.133116379E1,1.866435623E1,-5.826992035E1,-2.008544922E1,6.439850217E1
2.134120779E1,1.894438171E1,-5.774121475E1,-2.054339600E1,6.414802100E1
2.135125079E1,1.878571701E1,-5.783602142E1,-2.052319336E1,6.418029295E1
2.136129379E1,1.923855972E1,-5.753817749E1,-2.110668945E1,6.423594312E1
2.137133679E1,1.917200089E1,-5.757439041E1,-2.135650635E1,6.433099107E1
2.138137979E1,1.993729782E1,-5.733571625E1,-2.218328857E1,6.462954815E1
2.139142279E1,1.894983864E1,-5.772538757E1,-2.117742920E1,6.434127961E1
2.140146579E1,1.926238441E1,-5.751462555E1,-2.197796631E1,6.451358468E1
2.141150904E1,1.923509407E1,-5.748829651E1,-2.181756592E1,6.442747288E1
2.142155304E1,1.946923637E1,-5.749849701E1,-2.186047363E1,6.452138119E1
2.143159604E1,1.938418770E1,-5.737359619E1,-2.284271240E1,6.472453772E1
2.144163904E1,1.964615440E1,-5.758968353E1,-2.253552246E1,6.488753967E1
2.145168204E1,2.122785568E1,-5.721963501E1,-2.340802002E1,6.536546404E1
2.146172504E1,2.130237198E1,-5.749610519E1,-2.318023682E1,6.555086989E1
2.147176804E1,2.110332870E1,-5.678342438E1,-2.401110840E1,6.516318817E1
2.148181104E1,2.119675064E1,-5.731249619E1,-2.370043945E1,6.554185904E1
2.149185404E1,2.152376938E1,-5.666621780E1,-2.488122559E1,6.552410454E1
2.150189804E1,2.124342728E1,-5.727951813E1,-2.441998291E1,6.579180773E1
2.151194104E1,1.953431702E1,-5.642249680E1,-2.682080078E1,6.545565706E1
2.152198404E1,1.406964016E1,-5.763379288E1,-2.570245361E1,6.465465936E1
2.153202704E1,2.357746124E1,-5.650758743E1,-2.550384521E1,6.632835168E1
2.154207004E1,1.929912949E1,-5.754388428E1,-2.482702637E1,6.557542417E1
2.155211304E1,2.142885208E1,-5.682314682E1,-2.620861816E1,6.614346061E1
2.156215604E1,2.311362457E1,-5.766639709E1,-2.414685059E1,6.665375749E1
2.157219904E1,2.358161163E1,-5.703575516E1,-2.613488770E1,6.702389222E1
2.158224304E1,2.410104752E1,-5.787165451E1,-2.434869385E1,6.725212100E1
2.159228604E1,2.430573273E1,-5.697739792E1,-2.632183838E1,6.730551012E1
2.160232904E1,2.360020828E1,-5.806546402E1,-2.415783691E1,6.717268066E1
2.161237204E1,2.408856964E1,-5.717896271E1,-2.669915771E1,6.754656162E1
2.162241504E1,2.299547195E1,-5.812336349E1,-2.450921631E1,6.714029191E1
2.163245804E1,2.351975632E1,-5.713013077E1,-2.679425049E1,6.734213123E1
2.164250104E1,2.271277618E1,-5.801640701E1,-2.479754639E1,6.705737835E1
2.165254404E1,2.308807755E1,-5.705974960E1,-2.667303467E1,6.708446264E1
2.166258704E1,2.308807755E1,-5.705974960E1,-2.667303467E1,6.708446264E1
2.167263104E1,2.235789490E1,-5.776386642E1,-2.511053467E1,6.683620785E1
2.168267404E1,2.318051529E1,-5.701896286E1,-2.676617432E1,6.711874926E1
2.169271704E1,2.250791550E1,-5.769088745E1,-2.457672119E1,6.662477001E1
2.170276004E1,2.290078735E1,-5.692512894E1,-2.657434082E1,6.686637388E1
2.171280304E1,2.252183151E1,-5.773741913E1,-2.475354004E1,6.673514971E1
2.172284604E1,2.294197083E1,-5.703485870E1,-2.648632812E1,6.693903727E1
2.173288904E1,2.225016022E1,-5.767478180E1,-2.472949219E1,6.658076200E1
2.174293204E1,2.278960419E1,-5.713980484E1,-2.540332031E1,6.655563116E1
2.175297604E1,2.237530518E1,-5.767720795E1,-2.461621094E1,6.658282391E1
2.176301904E1,2.290863037E1,-5.741225052E1,-2.503863525E1,6.669261661E1
2.177306204E1,2.271458054E1,-5.784037399E1,-2.450360107E1,6.679736146E1
2.178310504E1,2.331933212E1,-5.762944794E1,-2.481591797E1,6.693858607E1
2.179314804E1,2.282550812E1,-5.785987854E1,-2.366412354E1,6.654893018E1
2.180319104E1,2.324107742E1,-5.785341644E1,-2.381018066E1,6.673897045E1
2.181323404E1,2.300369644E1,-5.807097626E1,-2.318072510E1,6.662397729E1
2.182327804E1,2.312298584E1,-5.811043167E1,-2.257629395E1,6.649198291E1
2.183332104E1,2.283969498E1,-5.796538925E1,-2.305151367E1,6.643049225E1
2.184336404E1,2.282139969E1,-5.826119232E1,-2.242071533E1,6.646706922E1
2.185340704E1,2.226681137E1,-5.798692322E1,-2.276965332E1,6.615701977E1
2.186345004E1,2.194760132E1,-5.834036255E1,-2.202789307E1,6.610993253E1
2.187349304E1,2.150148773E1,-5.801437759E1,-2.217254639E1,6.572369280E1
2.188353604E1,2.122748184E1,-5.830863571E1,-2.171173096E1,6.574117618E1
2.189357904E1,2.075864029E1,-5.803530121E1,-2.216308594E1,6.549976879E1
2.190362304E1,2.059110260E1,-5.842594528E1,-2.110534668E1,6.544478777E1
2.191366604E1,2.004709244E1,-5.818495560E1,-2.218664551E1,6.541882154E1
2.192370904E1,1.998940277E1,-5.840092468E1,-2.029449463E1,6.497777112E1
2.193375204E1,1.940312576E1,-5.808420944E1,-2.137097168E1,6.486119877E1
2.194379504E1,1.930144501E1,-5.834998322E1,-1.994628906E1,6.461517444E1
2.195383804E1,1.863474655E1,-5.809770966E1,-2.067724609E1,6.442162799E1
2.196388104E1,1.859299850E1,-5.839042664E1,-1.962719727E1,6.434569441E1
2.197392404E1,1.788711166E1,-5.816159439E1,-2.030883789E1,6.414958084E1
2.198396804E1,1.167653084E1,-5.739492416E1,-2.189703369E1,6.252998302E1
2.199401104E1,1.105358887E1,-5.725769043E1,-2.298712158E1,6.268199661E1
2.200405404E1,1.106131935E1,-5.753746796E1,-2.095910645E1,6.222698087E1
2.201409704E1,1.031335068E1,-5.728384018E1,-2.239947510E1,6.236617699E1
2.202414004E1,1.059795761E1,-5.761660767E1,-2.067913818E1,6.212581541E1
2.203418304E1,1.025671768E1,-5.742519760E1,-2.200457764E1,6.234625100E1
2.204422604E1,1.039840698E1,-5.769609070E1,-2.073565674E1,6.218467022E1
2.205426904E1,9.733495712E0,-5.760709381E1,-2.095819092E1,6.206902579E1
2.206431304E1,9.610788345E0,-5.785997772E1,-2.003686523E1,6.198080544E1
2.207435604E1,9.193716049E0,-5.780150604E1,-2.081829834E1,6.212036752E1
2.208439904E1,9.437654495E0,-5.802629471E1,-1.938763428E1,6.190315471E1
2.209444204E1,8.638168335E0,-5.790732956E1,-2.068395996E1,6.209430705E1
2.210448504E1,8.426782608E0,-5.816552734E1,-1.944299316E1,6.190532465E1
2.211452804E1,7.536567688E0,-5.802878189E1,-2.056182861E1,6.202360983E1
2.212457104E1,7.338199615E0,-5.825868988E1,-1.928613281E1,6.180517000E1
2.213461404E1,6.891016006E0,-5.801559448E1,-1.965069580E1,6.163963944E1
2.214465804E1,6.820800781E0,-5.816289520E1,-1.891766357E1,6.154123574E1
2.215470104E1,6.820800781E0,-5.816289520E1,-1.891766357E1,6.154123574E1
2.216474404E1,6.343273163E0,-5.822380066E1,-1.890399170E1,6.154355352E1
2.217478704E1,6.338083267E0,-5.833390045E1,-1.877416992E1,6.160750521E1
2.218483004E1,6.130937576E0,-5.828342056E1,-1.932025146E1,6.170751676E1
2.219487304E1,6.049440384E0,-5.863997650E1,-1.816577148E1,6.168660978E1
2.220491604E1,5.955291748E0,-5.847259521E1,-1.871276855E1,6.168206869E1
2.221495904E1,5.827709198E0,-5.865436935E1,-1.771929932E1,6.154893019E1
2.222500304E1,5.903755188E0,-5.852943802E1,-1.766027832E1,6.142015036E1
2.223504604E1,5.537858963E0,-5.856964874E1,-1.733160400E1,6.133071117E1
2.224508904E1,5.534759521E0,-5.850974655E1,-1.732446289E1,6.127120873E1
2.225513204E1,1.383989620E1,-6.071278763E1,-1.454797363E1,6.394707847E1
2.226517504E1,1.391370106E1,-6.058673859E1,-1.426330566E1,6.377919612E1
2.227521804E1,1.348839474E1,-6.059289932E1,-1.418298340E1,6.367568813E1
2.228526104E1,1.363604641E1,-6.047184753E1,-1.421679688E1,6.359955518E1
2.229530404E1,1.316350079E1,-6.058359528E1,-1.436645508E1,6.363996230E1
2.230534804E1,1.347683811E1,-6.023107910E1,-1.424774170E1,6.334355688E1
2.231539104E1,1.262421036E1,-6.046349335E1,-1.471099854E1,6.349502495E1
2.232543404E1,1.265508270E1,-6.033289337E1,-1.358428955E1,6.312481337E1
2.233547704E1,1.207761574E1,-6.046980286E1,-1.467321777E1,6.338587523E1
2.234552004E1,1.204803276E1,-6.029789352E1,-1.371398926E1,6.300051236E1
2.235556304E1,1.139665031E1,-6.023906326E1,-1.423815918E1,6.293928470E1
2.236560604E1,1.130341339E1,-5.999344635E1,-1.388031006E1,6.260705844E1
2.237564904E1,1.052197075E1,-6.002275467E1,-1.434997559E1,6.260483005E1
2.238569304E1,1.073059273E1,-5.997256470E1,-1.431164551E1,6.258336308E1
2.239573604E1,9.626322746E0,-6.022135925E1,-1.454553223E1,6.269649677E1
2.240577904E1,9.703373909E0,-5.996780777E1,-1.362646484E1,6.225732068E1
2.241582204E1,8.979512215E0,-5.990838242E1,-1.471691895E1,6.233966335E1
2.242586504E1,8.970179558E0,-5.959194565E1,-1.414648438E1,6.190143074E1
2.243590804E1,8.384018898E0,-5.942062759E1,-1.496490479E1,6.184699776E1
2.244595104E1,8.552575111E0,-5.917324066E1,-1.450030518E1,6.152136053E1
2.245599504E1,7.992058754E0,-5.913108444E1,-1.484820557E1,6.148843272E1
2.246603804E1,7.855528831E0,-5.883833694E1,-1.479980469E1,6.117755672E1
2.247608104E1,5.884013176E0,-5.902831650E1,-1.548895264E1,6.130963557E1
2.248612404E1,5.985138893E0,-5.882105255E1,-1.490356445E1,6.097421048E1
2.249616704E1,5.662556648E0,-5.873485947E1,-1.607781982E1,6.115835638E1
2.250621004E1,5.627268791E0,-5.859096146E1,-1.505401611E1,6.075516702E1
2.251625304E1,5.462525368E0,-5.852062225E1,-1.602642822E1,6.092084055E1
2.252629604E1,5.427622795E0,-5.845381546E1,-1.501580811E1,6.059523186E1
2.253634004E1,5.600775719E0,-5.857216644E1,-1.564288330E1,6.088322567E1
2.254638304E1,5.679190636E0,-5.831829453E1,-1.548608398E1,6.060606801E1
2.255642604E1,5.443999290E0,-5.833060455E1,-1.563922119E1,6.063564789E1
2.256646904E1,5.063893318E0,-5.816397095E1,-1.539654541E1,6.037999787E1
2.257651204E1,4.918379784E0,-5.803751373E1,-1.590734863E1,6.037869823E1
2.258655504E1,4.866583824E0,-5.804464340E1,-1.499932861E1,6.014851723E1
2.259659804E1,4.712128639E0,-5.786118698E1,-1.550140381E1,6.008672595E1
2.260664104E1,4.519415855E0,-5.797714615E1,-1.522540283E1,6.011312242E1
2.261668504E1,4.463913918E0,-5.779793930E1,-1.536163330E1,5.997089371E1
2.262672804E1,4.175566673E0,-5.760652542E1,-1.579345703E1,5.987804617E1
2.263677104E1,4.175566673E0,-5.760652542E1,-1.579345703E1,5.987804617E1
2.264681404E1,4.076416969E0,-5.750410461E1,-1.539373779E1,5.966830303E1
2.265685704E1,1.822273254E0,-5.761608505E1,-1.602038574E1,5.982964730E1
2.266690004E1,1.803660393E0,-5.734842682E1,-1.594506836E1,5.955115830E1
2.267694304E1,1.479255676E0,-5.740333939E1,-1.569323730E1,5.952822244E1
2.268698604E1,1.458317757E0,-5.720437241E1,-1.588244629E1,5.938618537E1
2.269703004E1,1.141088486E0,-5.722694778E1,-1.593005371E1,5.941373786E1
2.270707304E1,9.522743225E-1,-5.699153137E1,-1.587200928E1,5.916808391E1
2.271711604E1,6.281909943E-1,-5.709582138E1,-1.625439453E1,5.936777564E1
2.272715904E1,6.853389740E-1,-5.692458344E1,-1.558142090E1,5.902252592E1
2.273720204E1,2.468328476E-1,-5.718664932E1,-1.618768311E1,5.943412211E1
2.274724504E1,-7.141237259E-1,-5.666419601E1,-1.567584229E1,5.879688014E1
2.275728804E1,-9.711751938E-1,-5.671783829E1,-1.621276855E1,5.899754423E1
2.276733204E1,-8.436880112E-1,-5.633926773E1,-1.580090332E1,5.851917159E1
2.277737504E1,-1.095487595E0,-5.661235046E1,-1.590374756E1,5.881400772E1
2.278741804E1,-9.031705856E-1,-5.641672516E1,-1.559411621E1,5.853920955E1
2.279746104E1,-1.463791847E0,-5.654230881E1,-1.600994873E1,5.878344861E1
2.280750404E1,-1.350406647E0,-5.638388824E1,-1.529278564E1,5.843659593E1
2.281754704E1,-1.863040924E0,-5.656408310E1,-1.613928223E1,5.885102250E1
2.282759004E1,-1.804637909E0,-5.636551285E1,-1.507379150E1,5.837419761E1
2.283763304E1,-2.172837257E0,-5.653288651E1,-1.617608643E1,5.884177301E1
2.284767704E1,-1.889817238E0,-5.656116867E1,-1.568640137E1,5.872648805E1
2.285772004E1,-2.203771591E0,-5.669114685E1,-1.559582520E1,5.883852908E1
2.286776304E1,-1.963528633E0,-5.647623444E1,-1.536718750E1,5.856253881E1
2.287780604E1,-2.417264938E0,-5.673642349E1,-1.561389160E1,5.889531842E1
2.288784904E1,-2.550486565E0,-5.654681778E1,-1.474371338E1,5.849294545E1
2.289789204E1,-2.691571236E0,-5.662847137E1,-1.541192627E1,5.874994296E1
2.290793504E1,-2.565944672E0,-5.640296936E1,-1.451690674E1,5.829768097E1
2.291797804E1,-2.900099754E0,-5.654281998E1,-1.546527100E1,5.869135947E1
2.292802204E1,-2.877813339E0,-5.640209198E1,-1.456768799E1,5.832405441E1
2.293806504E1,-3.294017792E0,-5.634798050E1,-1.514184570E1,5.843989178E1
2.294810804E1,-3.296720505E0,-5.627210617E1,-1.497290039E1,5.832328905E1
2.295815104E1,-3.353368759E0,-5.619164276E1,-1.486895752E1,5.822226117E1
2.296819404E1,-3.374829292E0,-5.617625046E1,-1.480303955E1,5.819184280E1
2.297823704E1,-3.507027626E0,-5.608278656E1,-1.562847900E1,5.832518793E1
2.298828004E1,-3.606196404E0,-5.601243210E1,-1.481854248E1,5.805158399E1
2.299832304E1,-3.787419319E0,-5.578886032E1,-1.557525635E1,5.804593088E1
2.300836704E1,-4.056979179E0,-5.567287445E1,-1.530181885E1,5.787982109E1
2.301841004E1,-4.117793083E0,-5.536055756E1,-1.560858154E1,5.766606776E1
2.302845304E1,-4.451305389E0,-5.539719009E1,-1.581829834E1,5.778305420E1
2.303849604E1,-4.497137070E0,-5.519332504E1,-1.559313965E1,5.752976078E1
2.304853904E1,-5.761611938E0,-5.510968781E1,-1.752319336E1,5.811485324E1
2.305858204E1,-5.684202194E0,-5.481423569E1,-1.735137939E1,5.777526249E1
2.306862504E1,-5.783250809E0,-5.495429611E1,-1.705871582E1,5.783096434E1
2.307866904E1,-5.592084885E0,-5.472430420E1,-1.738580322E1,5.769130816E1
2.308871204E1,-5.903406143E0,-5.484881592E1,-1.720275879E1,5.778561864E1
2.309875504E1,-5.802400589E0,-5.472795868E1,-1.712292480E1,5.763689676E1
2.310879804E1,-6.002288818E0,-5.487229156E1,-1.743249512E1,5.788685290E1
2.311884104E1,-6.121421814E0,-5.468761444E1,-1.669757080E1,5.750665917E1
2.312888404E1,-6.121421814E0,-5.468761444E1,-1.669757080E1,5.750665917E1
2.313892704E1,-6.231925964E0,-5.479228973E1,-1.728936768E1,5.779233643E1
2.314897004E1,-6.256018639E0,-5.449134827E1,-1.699890137E1,5.742305680E1
2.315901404E1,-6.499774933E0,-5.453305435E1,-1.753857422E1,5.765156266E1
2.316905704E1,-6.633368492E0,-5.421333694E1,-1.726611328E1,5.728181341E1
2.317910004E1,-6.917503357E0,-5.440081024E1,-1.734967041E1,5.751791956E1
2.318914304E1,-7.661034584E0,-5.367406845E1,-1.701953125E1,5.682659165E1
2.319918604E1,-8.033139229E0,-5.391840363E1,-1.739654541E1,5.722207063E1
2.320922904E1,-7.976449966E0,-5.369116974E1,-1.656427002E1,5.675156829E1
2.321927204E1,-8.450935364E0,-5.356562042E1,-1.753027344E1,5.699126676E1
2.322931504E1,-8.472855568E0,-5.327361298E1,-1.684552002E1,5.651228774E1
2.323935904E1,-8.910047531E0,-5.312345886E1,-1.774792480E1,5.671401646E1
2.324940204E1,-9.019127846E0,-5.289605713E1,-1.742828369E1,5.641881423E1
2.325944504E1,-9.903454781E0,-5.261769485E1,-1.766638184E1,5.638085912E1
2.326948804E1,-9.874748230E0,-5.219853973E1,-1.755633545E1,5.595018425E1
2.327953104E1,-1.028686523E1,-5.217126465E1,-1.822717285E1,5.621290138E1
2.328957404E1,-1.046980667E1,-5.186448288E1,-1.758300781E1,5.575574948E1
2.329961704E1,-1.078676033E1,-5.169814682E1,-1.847760010E1,5.595064154E1
2.330966104E1,-1.085031128E1,-5.143516159E1,-1.764532471E1,5.544964010E1
2.331970404E1,-1.170204353E1,-5.072066116E1,-1.870947266E1,5.531335877E1
2.332974704E1,-1.185398769E1,-5.051386642E1,-1.815643311E1,5.497111777E1
2.333979004E1,-1.237707710E1,-5.025108719E1,-1.846075439E1,5.494691305E1
2.334983304E1,-1.245497704E1,-4.987865448E1,-1.837640381E1,5.459577678E1
2.335987604E1,-1.299234009E1,-4.974444962E1,-1.858807373E1,5.467017152E1
2.336991904E1,-1.313603210E1,-4.951646805E1,-1.847314453E1,5.445817676E1
2.337996204E1,-1.438721657E1,-4.902323914E1,-1.914123535E1,5.455874693E1
2.339000604E1,-1.449140453E1,-4.890985870E1,-1.826287842E1,5.418217245E1
2.340004904E1,-1.459422684E1,-4.848488998E1,-1.874334717E1,5.399156487E1
2.341009204E1,-1.474967957E1,-4.836801910E1,-1.839556885E1,5.380906311E1
2.342013504E1,-1.505670452E1,-4.808626556E1,-1.878027344E1,5.377445451E1
2.343017804E1,-1.552124500E1,-4.796473694E1,-1.879388428E1,5.380274270E1
2.344022104E1,-1.642361259E1,-4.721773911E1,-1.853100586E1,5.331649009E1
2.345026404E1,-1.702099800E1,-4.710025406E1,-1.889587402E1,5.352758504E1
2.346030704E1,-1.747781563E1,-4.674468613E1,-1.848358154E1,5.321825351E1
2.347035104E1,-1.827265739E1,-4.666679382E1,-1.821722412E1,5.332491827E1
2.348039404E1,-1.900247574E1,-4.632587051E1,-1.812750244E1,5.325210520E1
2.349043704E1,-1.928883743E1,-4.649987411E1,-1.787475586E1,5.342101122E1
2.350048004E1,-1.967069054E1,-4.615157318E1,-1.773266602E1,5.321044275E1
2.351052304E1,-2.003713989E1,-4.636836624E1,-1.760644531E1,5.349298346E1
2.352056604E1,-1.971049690E1,-4.579468536E1,-1.623876953E1,5.243428775E1
2.353060904E1,-2.017002106E1,-4.601190186E1,-1.674865723E1,5.295698614E1
2.354065304E1,-2.040000153E1,-4.587983322E1,-1.559851074E1,5.257787268E1
2.355069604E1,-2.093919754E1,-4.595595932E1,-1.598944092E1,5.297227965E1
2.356073904E1,-2.046672821E1,-4.574599075E1,-1.575231934E1,5.253302007E1
2.357078204E1,-2.080721855E1,-4.585741806E1,-1.553717041E1,5.269959013E1
2.358082504E1,-2.088989067E1,-4.542460251E1,-1.537353516E1,5.230800731E1
2.359086804E1,-2.115918350E1,-4.547639084E1,-1.571154785E1,5.256106835E1
2.360091104E1,-2.128026581E1,-4.489259720E1,-1.492553711E1,5.187452799E1
2.361095404E1,-2.161107254E1,-4.472220612E1,-1.620928955E1,5.224801665E1
2.362099804E1,-2.186931992E1,-4.436259460E1,-1.621704102E1,5.205093057E1
2.363104104E1,-2.167853165E1,-4.377014542E1,-1.547570801E1,5.123750484E1
2.364108404E1,-2.187070465E1,-4.351911163E1,-1.674371338E1,5.150332744E1
2.365112704E1,-2.172352791E1,-4.291557693E1,-1.640106201E1,5.081981153E1
2.366117004E1,-2.158105087E1,-4.210710144E1,-1.842407227E1,5.077594103E1
2.367121304E1,-2.162278748E1,-4.150730133E1,-1.814892578E1,5.019745520E1
2.368125604E1,-2.187462044E1,-4.123501968E1,-1.909625244E1,5.043305191E1
2.369129904E1,-2.166092873E1,-4.050409317E1,-1.878228760E1,4.962410427E1
2.370134304E1,-2.244583130E1,-4.010850143E1,-2.040734863E1,5.028883682E1
2.371138604E1,-2.234333038E1,-3.968050003E1,-1.955590820E1,4.956006498E1
2.372142904E1,-2.263115692E1,-3.948417282E1,-2.074206543E1,5.001402249E1
2.373147204E1,-2.272367477E1,-3.905281830E1,-1.988134766E1,4.936350876E1
2.374151504E1,-2.289381409E1,-3.884399033E1,-2.030810547E1,4.945100055E1
2.375155804E1,-2.294972610E1,-3.855786133E1,-1.989025879E1,4.908177863E1
2.376160104E1,-2.326597023E1,-3.839430618E1,-2.023651123E1,4.924372554E1
2.377164504E1,-2.379604721E1,-3.772620392E1,-1.989355469E1,4.883924491E1
2.378168804E1,-2.425524330E1,-3.756304169E1,-2.025738525E1,4.908829377E1
2.379173104E1,-2.431241608E1,-3.736347580E1,-1.931005859E1,4.857984420E1
2.380177404E1,-2.470237541E1,-3.717380905E1,-2.033514404E1,4.904709485E1
2.381181704E1,-2.482603455E1,-3.723986816E1,-1.960736084E1,4.886295500E1
2.382186004E1,-2.508517075E1,-3.705171585E1,-2.002062988E1,4.901959873E1
2.383190304E1,-2.534095383E1,-3.676634598E1,-1.958538818E1,4.875977407E1
2.384194604E1,-2.544301414E1,-3.641816711E1,-1.935388184E1,4.845825633E1
2.385199004E1,-2.570849228E1,-3.645148087E1,-1.954248047E1,4.869851718E1
2.386203304E1,-2.580550957E1,-3.614598465E1,-1.898223877E1,4.829888114E1
2.387207604E1,-2.588478661E1,-3.611915970E1,-1.904846191E1,4.834728303E1
2.388211904E1,-2.588166428E1,-3.574969482E1,-1.953497314E1,4.826506399E1
2.389216204E1,-2.622193718E1,-3.553166580E1,-1.917669678E1,4.814389851E1
2.390220504E1,-2.629333115E1,-3.513165665E1,-1.947766113E1,4.800991403E1
2.391224804E1,-2.630843163E1,-3.514851761E1,-1.995953369E1,4.822794677E1
2.392229204E1,-2.628503609E1,-3.481045914E1,-1.957598877E1,4.781098748E1
2.393233504E1,-2.627969742E1,-3.479926682E1,-2.032067871E1,4.810968146E1
2.394237804E1,-2.629468346E1,-3.444088745E1,-1.981427002E1,4.764651512E1
2.395242104E1,-2.642879486E1,-3.460084915E1,-2.053802490E1,4.814052790E1
2.396246404E1,-2.642335510E1,-3.421778107E1,-1.994891357E1,4.761312202E1
2.397250704E1,-2.648794937E1,-3.397242737E1,-2.060192871E1,4.775119632E1
2.398255004E1,-2.662113380E1,-3.368042374E1,-2.037939453E1,4.752236768E1
2.399259304E1,-2.700849342E1,-3.388106918E1,-2.042608643E1,4.790209361E1
2.400263704E1,-2.702195740E1,-3.361739731E1,-1.933239746E1,4.726581402E1
2.401268004E1,-2.749969673E1,-3.370610428E1,-2.034271240E1,4.802250237E1
2.402272304E1,-2.762002373E1,-3.341127014E1,-1.887658691E1,4.728111903E1
2.403276604E1,-2.830327415E1,-3.335237503E1,-1.949707031E1,4.789146060E1
2.404280904E1,-2.850373268E1,-3.313977814E1,-1.840509033E1,4.742841998E1
2.405285204E1,-2.905321503E1,-3.325130844E1,-1.868103027E1,4.794496541E1
2.406289504E1,-2.927374649E1,-3.284878922E1,-1.772729492E1,4.743682295E1
2.407293904E1,-2.936761856E1,-3.284509277E1,-1.807952881E1,4.762485172E1
2.408298204E1,-2.972195816E1,-3.235103607E1,-1.701550293E1,4.711169358E1
2.409302504E1,-3.011099815E1,-3.226285172E1,-1.781176758E1,4.759015523E1
2.410306804E1,-3.037887001E1,-3.195899200E1,-1.657727051E1,4.710688708E1
2.411311104E1,-3.035088921E1,-3.195479584E1,-1.657861328E1,4.708647227E1
2.412315404E1,-3.069087982E1,-3.156965256E1,-1.744403076E1,4.735891971E1
2.413319704E1,-3.081660461E1,-3.123618317E1,-1.620294189E1,4.677496750E1
2.414324004E1,-3.089173889E1,-3.114986420E1,-1.679119873E1,4.697401331E1
2.415328404E1,-3.089628983E1,-3.067637634E1,-1.660791016E1,4.659874966E1
2.416332704E1,-3.115617561E1,-3.046647263E1,-1.734582520E1,4.690192837E1
2.417337004E1,-3.134618187E1,-2.970549393E1,-1.727313232E1,4.651194027E1
2.418341304E1,-3.155269623E1,-2.942893982E1,-1.820648193E1,4.683066434E1
2.419345604E1,-3.141671944E1,-2.911025238E1,-1.749816895E1,4.626665074E1
2.420349904E1,-3.136535645E1,-2.868963623E1,-1.852465820E1,4.636856450E1
2.421354204E1,-3.115809250E1,-2.858446503E1,-1.776135254E1,4.586244665E1
2.422358604E1,-3.105664062E1,-2.819920349E1,-1.873645020E1,4.594305791E1
2.423362904E1,-3.086198425E1,-2.806784821E1,-1.877087402E1,4.574507500E1
2.424367204E1,-3.093379211E1,-2.745959473E1,-1.914019775E1,4.557714347E1
2.425371504E1,-3.086841774E1,-2.749460602E1,-1.958837891E1,4.574403963E1
2.426375804E1,-3.098800659E1,-2.707812500E1,-1.933929443E1,4.546965708E1
2.427380104E1,-3.098982048E1,-2.713307953E1,-1.903436279E1,4.537488231E1
2.428384404E1,-3.100064087E1,-2.694078064E1,-1.933148193E1,4.539329895E1
2.429388804E1,-3.120833015E1,-2.703658295E1,-1.897497559E1,4.544212129E1
2.430393104E1,-3.105301666E1,-2.684533691E1,-1.899829102E1,4.523159316E1
2.431397404E1,-3.126479340E1,-2.705961609E1,-1.908880615E1,4.554220734E1
2.432401704E1,-3.126989746E1,-2.692747498E1,-1.836254883E1,4.516722922E1
2.433406004E1,-3.178627014E1,-2.712889099E1,-1.885351562E1,4.584537869E1
2.434410304E1,-3.190240669E1,-2.694564819E1,-1.791040039E1,4.543802319E1
2.435414604E1,-3.221438599E1,-2.727790070E1,-1.834887695E1,4.602751152E1
2.436418904E1,-3.190244675E1,-2.713116455E1,-1.793322754E1,4.555729193E1
2.437423304E1,-3.233636856E1,-2.742063141E1,-1.790704346E1,4.602384126E1
2.438427604E1,-3.230087662E1,-2.724229431E1,-1.694946289E1,4.552772256E1
2.439431904E1,-3.259101868E1,-2.759146118E1,-1.713922119E1,4.601321692E1
2.440436204E1,-3.256583405E1,-2.740637207E1,-1.611999512E1,4.551370145E1
2.441440483E1,-3.276360321E1,-2.761386108E1,-1.739184570E1,4.624343539E1
2.442444783E1,-3.227361298E1,-2.737438965E1,-1.646942139E1,4.541128873E1
2.443449083E1,-3.238752747E1,-2.753107452E1,-1.773974609E1,4.606094432E1
2.444453483E1,-3.230186844E1,-2.723205566E1,-1.645654297E1,4.534107814E1
2.445457783E1,-3.247357559E1,-2.748268890E1,-1.733532715E1,4.593849005E1
2.446462083E1,-3.220040131E1,-2.721383667E1,-1.680139160E1,4.538441925E1
2.447466383E1,-3.244645309E1,-2.768670654E1,-1.746221924E1,4.608964242E1
2.448470683E1,-3.216082764E1,-2.735563660E1,-1.659594727E1,4.536601320E1
2.449474983E1,-3.236233521E1,-2.771046448E1,-1.795190430E1,4.623268810E1
2.450479283E1,-3.215101242E1,-2.740959930E1,-1.637835693E1,4.531251824E1
2.451483583E1,-3.233374786E1,-2.776342773E1,-1.760186768E1,4.610970523E1
2.452487983E1,-3.212627411E1,-2.776672363E1,-1.633825684E1,4.549755011E1
2.453492283E1,-3.232576752E1,-2.810516357E1,-1.729650879E1,4.619550499E1
2.454496583E1,-3.224666595E1,-2.800673294E1,-1.628674316E1,4.571085821E1
2.455500883E1,-3.256306076E1,-2.839799118E1,-1.717144775E1,4.649362803E1
2.456505183E1,-3.221985245E1,-2.828892136E1,-1.631164551E1,4.587430373E1
2.457509483E1,-3.244515610E1,-2.855374527E1,-1.683428955E1,4.638316319E1
2.458513783E1,-3.228937531E1,-2.856481171E1,-1.554870605E1,4.582918814E1
2.459518183E1,-3.263766479E1,-2.854644394E1,-1.645983887E1,4.637933721E1
2.460522483E1,-3.263766479E1,-2.854644394E1,-1.645983887E1,4.637933721E1
2.461526783E1,-3.257774734E1,-2.875598907E1,-1.577569580E1,4.622866111E1
2.462531083E1,-3.266079330E1,-2.858359909E1,-1.651312256E1,4.643740704E1
2.463535383E1,-3.251665115E1,-2.864526749E1,-1.587573242E1,4.615108700E1
2.464539683E1,-3.347895813E1,-2.830322266E1,-1.592150879E1,4.664126384E1
2.465543983E1,-3.351123810E1,-2.846191406E1,-1.583898926E1,4.673282799E1
2.466548283E1,-3.353974533E1,-2.842367935E1,-1.556335449E1,4.663730339E1
2.467552683E1,-3.365882111E1,-2.852962112E1,-1.559472656E1,4.679798090E1
2.468556983E1,-3.370147705E1,-2.830971146E1,-1.577984619E1,4.675716912E1
2.469561283E1,-3.386331940E1,-2.855508423E1,-1.557867432E1,4.695542918E1
2.470565583E1,-3.388943481E1,-2.830263519E1,-1.556408691E1,4.681638338E1
2.471569883E1,-3.418679810E1,-2.859911346E1,-1.548364258E1,4.718463354E1
2.472574183E1,-3.389012527E1,-2.845032883E1,-1.492913818E1,4.669947503E1
2.473578483E1,-3.416014099E1,-2.874110794E1,-1.549420166E1,4.725501882E1
2.474582883E1,-3.406128693E1,-2.860841751E1,-1.457275391E1,4.680788369E1
2.475587183E1,-3.450793457E1,-2.889028549E1,-1.539947510E1,4.756668979E1
2.476591483E1,-3.452479172E1,-2.868265533E1,-1.471783447E1,4.723632725E1
2.477595783E1,-3.482801056E1,-2.917350769E1,-1.502600098E1,4.785252946E1
2.478600083E1,-3.447445679E1,-2.886614609E1,-1.453680420E1,4.725527735E1
2.479604383E1,-3.478313065E1,-2.927747345E1,-1.505328369E1,4.789194065E1
2.480608683E1,-3.452115631E1,-2.913351822E1,-1.390948486E1,4.726463674E1
2.481613083E1,-3.485144806E1,-2.939792252E1,-1.506744385E1,4.801967455E1
2.482617383E1,-3.439625931E1,-2.929910660E1,-1.394036865E1,4.728503125E1
2.483621683E1,-3.489248657E1,-2.958654404E1,-1.500286865E1,4.814494028E1
2.484625983E1,-3.421891785E1,-2.945206070E1,-1.387841797E1,4.723313142E1
2.485630283E1,-3.488477707E1,-2.996857834E1,-1.470275879E1,4.828285902E1
2.486634583E1,-3.448109436E1,-2.975665665E1,-1.356469727E1,4.752268400E1
2.487638883E1,-3.500618362E1,-3.009872818E1,-1.436389160E1,4.834964025E1
2.488643183E1,-3.443589783E1,-3.001146317E1,-1.339746094E1,4.760263585E1
2.489647583E1,-3.498229599E1,-3.034037018E1,-1.449774170E1,4.852302144E1
2.490651883E1,-3.443995667E1,-3.020671082E1,-1.301196289E1,4.762212901E1
2.491656183E1,-3.486636734E1,-3.067555237E1,-1.462194824E1,4.868731308E1
2.492660483E1,-3.433536530E1,-3.056596756E1,-1.274652100E1,4.770397762E1
2.493664783E1,-3.484213257E1,-3.096079636E1,-1.411114502E1,4.869978980E1
2.494669083E1,-3.453284836E1,-3.077194214E1,-1.338543701E1,4.815184278E1
2.495673383E1,-3.500473785E1,-3.101314163E1,-1.392565918E1,4.879621512E1
2.496677783E1,-3.468863678E1,-3.086726761E1,-1.315393066E1,4.826091196E1
2.497682083E1,-3.524733734E1,-3.088605881E1,-1.403344727E1,4.892096749E1
2.498686383E1,-3.493968201E1,-3.100861359E1,-1.281652832E1,4.844149970E1
2.499690683E1,-3.516600800E1,-3.109498596E1,-1.408660889E1,4.900998694E1
2.500694983E1,-3.476986694E1,-3.125956726E1,-1.300054932E1,4.852956290E1
2.501699283E1,-3.491370392E1,-3.148561478E1,-1.427093506E1,4.913217120E1
2.502703583E1,-3.466339111E1,-3.171953201E1,-1.362811279E1,4.892243711E1
2.503707983E1,-3.473519135E1,-3.188933945E1,-1.358502197E1,4.907154277E1
2.504712283E1,-3.442168427E1,-3.214191818E1,-1.366607666E1,4.903791292E1
2.505716583E1,-3.451731110E1,-3.224397278E1,-1.380358887E1,4.921034049E1
2.506720883E1,-3.444746017E1,-3.267167282E1,-1.372595215E1,4.942132616E1
2.507725183E1,-3.440280151E1,-3.266746140E1,-1.391546631E1,4.944042869E1
2.508729483E1,-3.448411179E1,-3.313887024E1,-1.323730469E1,4.962423724E1
2.509733783E1,-3.512191391E1,-3.281058502E1,-1.350268555E1,4.992400067E1
2.510738083E1,-3.488858414E1,-3.261054993E1,-1.360986328E1,4.965772496E1
2.511742483E1,-3.520731354E1,-3.308775711E1,-1.317315674E1,5.007880445E1
2.512746783E1,-3.494570160E1,-3.304239273E1,-1.306475830E1,4.983662997E1
2.513751083E1,-3.504770279E1,-3.345333862E1,-1.367944336E1,5.034475649E1
2.514755383E1,-3.465892029E1,-3.342396927E1,-1.315570068E1,4.991467658E1
2.515759683E1,-3.509107208E1,-3.369867325E1,-1.352416992E1,5.049640671E1
2.516763983E1,-3.480966949E1,-3.352688980E1,-1.295666504E1,5.003639275E1
2.517768283E1,-3.517208099E1,-3.387658691E1,-1.307281494E1,5.055291201E1
2.518772683E1,-3.476272202E1,-3.365094757E1,-1.269476318E1,5.001989731E1
2.519776983E1,-3.511430359E1,-3.407249069E1,-1.331512451E1,5.070741050E1
2.520781283E1,-3.456226730E1,-3.357923508E1,-1.299310303E1,4.990927845E1
2.521785583E1,-3.506566238E1,-3.391050720E1,-1.430578613E1,5.083481773E1
2.522789883E1,-3.441044998E1,-3.375856781E1,-1.274346924E1,4.986096646E1
2.523794183E1,-3.501426697E1,-3.403562164E1,-1.434552002E1,5.089416839E1
2.524798483E1,-3.429388809E1,-3.359066010E1,-1.293652344E1,4.971676623E1
2.525802883E1,-3.488383102E1,-3.403427124E1,-1.391070557E1,5.068255139E1
2.526807183E1,-3.422259903E1,-3.379744720E1,-1.310406494E1,4.985148182E1
2.527811483E1,-3.484186172E1,-3.411420059E1,-1.416156006E1,5.077680370E1
2.528815783E1,-3.427175140E1,-3.398104477E1,-1.303155518E1,4.999085695E1
2.529820083E1,-3.492823410E1,-3.448497391E1,-1.425238037E1,5.111091184E1
2.530824383E1,-3.441057968E1,-3.427487183E1,-1.210357666E1,5.005348540E1
2.531828683E1,-3.500156403E1,-3.473390198E1,-1.368261719E1,5.117389416E1
2.532833083E1,-3.442749786E1,-3.458545685E1,-1.225451660E1,5.031480509E1
2.533837383E1,-3.484373093E1,-3.499763870E1,-1.351690674E1,5.120182680E1
2.534841683E1,-3.429600525E1,-3.488523483E1,-1.266156006E1,5.053227373E1
2.535845983E1,-3.484844208E1,-3.523537827E1,-1.331921387E1,5.131615004E1
2.536850283E1,-3.431427383E1,-3.516021347E1,-1.224719238E1,5.063302994E1
2.537854583E1,-3.471192169E1,-3.553113174E1,-1.316156006E1,5.138682218E1
2.538858883E1,-3.442544937E1,-3.530699158E1,-1.202294922E1,5.075673873E1
2.539863183E1,-3.479741669E1,-3.542653656E1,-1.334411621E1,5.141950154E1
2.540867646E1,-3.434077072E1,-3.549865723E1,-1.222698975E1,5.088165167E1
2.541871946E1,-3.454792404E1,-3.559069443E1,-1.313757324E1,5.131132834E1
2.542876246E1,-3.439179230E1,-3.565372086E1,-1.244958496E1,5.107812990E1
2.543880546E1,-3.446642685E1,-3.576766586E1,-1.262988281E1,5.125206767E1
2.544884846E1,-3.437853241E1,-3.590389633E1,-1.247973633E1,5.125150809E1
2.545889146E1,-3.426797867E1,-3.598131943E1,-1.277117920E1,5.130353524E1
2.546893446E1,-3.419258881E1,-3.621958923E1,-1.272967529E1,5.141046981E1
2.547897846E1,-3.418039703E1,-3.616219711E1,-1.331372070E1,5.150979713E1
2.548902146E1,-3.411493683E1,-3.649406052E1,-1.290100098E1,5.159536020E1
2.549906446E1,-3.396376419E1,-3.626789093E1,-1.335754395E1,5.145212504E1
2.550910746E1,-3.412477112E1,-3.660224915E1,-1.327978516E1,5.177429227E1
2.551915046E1,-3.373362732E1,-3.643302536E1,-1.292889404E1,5.130769192E1
2.552919346E1,-3.392805862E1,-3.667057800E1,-1.353143311E1,5.175851751E1
2.553923646E1,-3.363481903E1,-3.657791901E1,-1.310803223E1,5.139130003E1
2.554928046E1,-3.376369476E1,-3.683293915E1,-1.391400146E1,5.186763853E1
2.555932346E1,-3.348813629E1,-3.676448441E1,-1.331445312E1,5.148162049E1
2.556936646E1,-3.377333069E1,-3.720569229E1,-1.343170166E1,5.201261399E1
2.557940946E1,-3.377333069E1,-3.720569229E1,-1.343170166E1,5.201261399E1
2.558945246E1,-3.348819733E1,-3.696188736E1,-1.293725586E1,5.152681891E1
2.559949546E1,-3.394245529E1,-3.730437851E1,-1.331091309E1,5.216212548E1
2.560953846E1,-3.366864395E1,-3.712353134E1,-1.298187256E1,5.177125824E1
2.561958246E1,-3.413703918E1,-3.744231796E1,-1.354162598E1,5.244654662E1
2.562962546E1,-3.365065002E1,-3.744034958E1,-1.230731201E1,5.182292883E1
2.563966846E1,-3.404490662E1,-3.770015717E1,-1.359259033E1,5.258437057E1
2.564971146E1,-3.347076416E1,-3.752014160E1,-1.234600830E1,5.177332325E1
2.565975446E1,-3.389767075E1,-3.785017014E1,-1.309552002E1,5.247075477E1
2.566979746E1,-3.338667679E1,-3.753731537E1,-1.266802979E1,5.180925796E1
2.567984046E1,-3.381821060E1,-3.788594055E1,-1.347900391E1,5.254235821E1
2.568988446E1,-3.341214752E1,-3.779187012E1,-1.276177979E1,5.203325929E1
2.569992746E1,-3.365921783E1,-3.786637878E1,-1.380682373E1,5.251127468E1
2.570997046E1,-3.329347610E1,-3.775894928E1,-1.258428955E1,5.188986554E1
2.572001346E1,-3.356242371E1,-3.792272186E1,-1.386895752E1,5.250635296E1
2.573005646E1,-3.318035889E1,-3.769615936E1,-1.267895508E1,5.179471545E1
2.574009946E1,-3.346938324E1,-3.769541550E1,-1.412451172E1,5.235117759E1
2.575014246E1,-3.288423920E1,-3.761487579E1,-1.321942139E1,5.168176826E1
2.576018546E1,-3.346680450E1,-3.777491379E1,-1.406213379E1,5.239002502E1
2.577022946E1,-3.296543121E1,-3.759647751E1,-1.368548584E1,5.184117378E1
2.578027246E1,-3.330060577E1,-3.766313934E1,-1.449230957E1,5.232083186E1
2.579031546E1,-3.286392212E1,-3.754479980E1,-1.334729004E1,5.165074560E1
2.580035846E1,-3.306118011E1,-3.753340912E1,-1.448370361E1,5.207279617E1
2.581040146E1,-3.297991943E1,-3.754697800E1,-1.335186768E1,5.172739132E1
2.582044446E1,-3.327643585E1,-3.738080215E1,-1.421014404E1,5.202474168E1
2.583048746E1,-3.311405945E1,-3.765177155E1,-1.368682861E1,5.197620716E1
2.584053146E1,-3.331241608E1,-3.773116302E1,-1.367004395E1,5.215580341E1
2.585057446E1,-3.306249237E1,-3.781417847E1,-1.369689941E1,5.206386029E1
2.586061746E1,-3.332462692E1,-3.773670197E1,-1.359790039E1,5.214875195E1
2.587066046E1,-3.316571808E1,-3.783121109E1,-1.323248291E1,5.202176460E1
2.588070346E1,-3.308468246E1,-3.750474548E1,-1.361444092E1,5.183198963E1
2.589074646E1,-3.309261703E1,-3.779228973E1,-1.313958740E1,5.192328209E1
2.590078946E1,-3.325508118E1,-3.750229645E1,-1.336376953E1,5.187401082E1
2.591083346E1,-3.321017075E1,-3.756497574E1,-1.309118652E1,5.182105757E1
2.592087646E1,-3.298940659E1,-3.737233353E1,-1.294866943E1,5.150398334E1
2.593091946E1,-3.328310013E1,-3.765517044E1,-1.359454346E1,5.206234942E1
2.594096246E1,-3.310607147E1,-3.730671310E1,-1.304302979E1,5.155505249E1
2.595100546E1,-3.330021667E1,-3.745447922E1,-1.358435059E1,5.192568752E1
2.596104846E1,-3.305326080E1,-3.711725998E1,-1.344238281E1,5.148695654E1
2.597109146E1,-3.331416702E1,-3.742811203E1,-1.314794922E1,5.180314530E1
2.598113546E1,-3.303580475E1,-3.706335068E1,-1.312780762E1,5.135558092E1
2.599117846E1,-3.333797455E1,-3.724332047E1,-1.322406006E1,5.170455716E1
2.600122146E1,-3.307048035E1,-3.693629074E1,-1.273333740E1,5.118675733E1
2.601126446E1,-3.348243713E1,-3.720763779E1,-1.328961182E1,5.178895334E1
2.602130746E1,-3.316351318E1,-3.699249268E1,-1.217083740E1,5.115068332E1
2.603135046E1,-3.362715530E1,-3.721583939E1,-1.320733643E1,5.186750438E1
2.604139346E1,-3.338971710E1,-3.692997360E1,-1.192651367E1,5.119509632E1
2.605143746E1,-3.389377594E1,-3.715600967E1,-1.238818359E1,5.179598628E1
2.606148046E1,-3.347865295E1,-3.685723114E1,-1.177105713E1,5.116476793E1
2.607152346E1,-3.347865295E1,-3.685723114E1,-1.177105713E1,5.116476793E1
2.608156646E1,-3.402109909E1,-3.717939377E1,-1.259588623E1,5.194611491E1
2.609160946E1,-3.369468689E1,-3.684905243E1,-1.170178223E1,5.128465947E1
2.610165246E1,-3.428358078E1,-3.697711945E1,-1.251556396E1,5.195489019E1
2.611169546E1,-3.397743988E1,-3.665515137E1,-1.103436279E1,5.118421343E1
2.612173846E1,-3.406618500E1,-3.674921799E1,-1.243774414E1,5.163048966E1
2.613178246E1,-3.357363892E1,-3.672379303E1,-1.123571777E1,5.101046519E1
2.614182546E1,-3.416134262E1,-3.695956802E1,-1.223425293E1,5.179463238E1
2.615186846E1,-3.366099930E1,-3.676466751E1,-1.130926514E1,5.111362958E1
2.616191146E1,-3.429284668E1,-3.699383926E1,-1.199963379E1,5.185108184E1
2.617195446E1,-3.387091827E1,-3.662269974E1,-1.082531738E1,5.104555551E1
2.618199746E1,-3.437796021E1,-3.684688568E1,-1.155548096E1,5.170170473E1
2.619204046E1,-3.417403793E1,-3.663895798E1,-1.008148193E1,5.110689179E1
2.620208446E1,-3.449680328E1,-3.666340637E1,-1.153228760E1,5.164521721E1
2.621212746E1,-3.439694977E1,-3.645945740E1,-9.952209473E0,5.110272655E1
2.622217046E1,-3.470716476E1,-3.646306610E1,-1.123382568E1,5.157849663E1
2.623221346E1,-3.453866577E1,-3.643725967E1,-1.049487305E1,5.129069785E1
2.624225646E1,-3.471630096E1,-3.641165161E1,-1.074060059E1,5.144307948E1
2.625229946E1,-3.472754669E1,-3.631961823E1,-1.019812012E1,5.127493365E1
2.626234246E1,-3.508525085E1,-3.623311996E1,-1.056329346E1,5.153054413E1
2.627238646E1,-3.497119522E1,-3.631869888E1,-1.002044678E1,5.140468595E1
2.628242946E1,-3.523491669E1,-3.613271332E1,-1.066796875E1,5.158369784E1
2.629247246E1,-3.517899323E1,-3.616644287E1,-9.934692383E0,5.142247823E1
2.630251546E1,-3.507247543E1,-3.582135010E1,-1.046191406E1,5.121229639E1
2.631255846E1,-3.521181488E1,-3.596271896E1,-1.001245117E1,5.131703656E1
2.632260146E1,-3.515444183E1,-3.570324326E1,-9.724548340E0,5.104040752E1
2.633264446E1,-3.521678162E1,-3.592132950E1,-1.039385986E1,5.136726529E1
2.634268846E1,-3.534477615E1,-3.553860474E1,-9.766601562E0,5.106497953E1
2.635273146E1,-3.533597946E1,-3.562979126E1,-1.032373047E1,5.123175656E1
2.636277446E1,-3.541982269E1,-3.512877274E1,-9.871643066E0,5.085315969E1
2.637281746E1,-3.575642776E1,-3.529813766E1,-1.001318359E1,5.123226029E1
2.638286046E1,-3.548699188E1,-3.480120468E1,-9.738037109E0,5.064859136E1
2.639290346E1,-3.587527466E1,-3.501238251E1,-1.025091553E1,5.116623427E1
2.640294646E1,-3.566967773E1,-3.460873032E1,-9.941772461E0,5.068460282E1
2.641299392E1,-3.591419220E1,-3.478108978E1,-1.055810547E1,5.109820935E1
2.642303692E1,-3.546010590E1,-3.436384964E1,-9.462524414E0,5.027755603E1
2.643307992E1,-3.599438858E1,-3.455300522E1,-1.062255859E1,5.101318388E1
2.644312292E1,-3.568087387E1,-3.408142090E1,-9.584777832E0,5.026465932E1
2.645316592E1,-3.690076828E1,-3.410381699E1,-1.021112061E1,5.127381414E1
2.646320892E1,-3.678402710E1,-3.355861664E1,-9.287597656E0,5.065081313E1
2.647325192E1,-3.711329651E1,-3.374462509E1,-1.009515381E1,5.116647956E1
2.648329592E1,-3.683070374E1,-3.321606064E1,-9.015991211E0,5.040928009E1
2.649333892E1,-3.729814148E1,-3.352836609E1,-1.035516357E1,5.121066396E1
2.650338192E1,-3.699570465E1,-3.316442108E1,-8.808471680E0,5.045939121E1
2.651342492E1,-3.757290649E1,-3.325348282E1,-1.006774902E1,5.117496451E1
2.652346792E1,-3.730171967E1,-3.287123108E1,-8.707641602E0,5.047533204E1
2.653351092E1,-3.767527008E1,-3.295209122E1,-1.001989746E1,5.104571124E1
2.654355392E1,-3.730366516E1,-3.248548889E1,-8.881164551E0,5.025679563E1
2.655359792E1,-3.775610352E1,-3.257172012E1,-9.404113770E0,5.074325236E1
2.656364092E1,-3.775610352E1,-3.257172012E1,-9.404113770E0,5.074325236E1
2.657368392E1,-3.743256378E1,-3.218770981E1,-8.683410645E0,5.012631160E1
2.658372692E1,-3.795127869E1,-3.226819992E1,-9.674438477E0,5.074574898E1
2.659376992E1,-3.801748276E1,-3.196665955E1,-8.714843750E0,5.042960261E1
2.660381292E1,-3.834094620E1,-3.198199081E1,-9.994689941E0,5.091924704E1
2.661385592E1,-3.811783981E1,-3.166213989E1,-8.661499023E0,5.030390025E1
2.662389992E1,-3.855030823E1,-3.150911331E1,-9.876770020E0,5.075924617E1
2.663394292E1,-3.833343887E1,-3.123503876E1,-8.874755859E0,5.023784901E1
2.664398592E1,-3.863594818E1,-3.109921265E1,-9.330871582E0,5.046744182E1
2.665402892E1,-3.853047943E1,-3.099222946E1,-8.836791992E0,5.023151426E1
2.666407192E1,-3.886960983E1,-3.082464600E1,-9.286071777E0,5.047015453E1
2.667411492E1,-3.869033813E1,-3.070598221E1,-9.131591797E0,5.023132068E1
2.668415792E1,-3.880615234E1,-3.055532074E1,-9.615173340E0,5.031894915E1
2.669420092E1,-3.884087372E1,-3.056354141E1,-8.684936523E0,5.018138756E1
2.670424492E1,-3.903990936E1,-3.027462006E1,-9.033020020E0,5.022213250E1
2.671428792E1,-3.901808929E1,-3.037881470E1,-8.416992188E0,5.016103500E1
2.672433092E1,-3.900436020E1,-3.005851364E1,-8.284240723E0,4.993478749E1
2.673437392E1,-3.912523270E1,-3.004209137E1,-8.626403809E0,5.007719970E1
2.674441692E1,-3.924041748E1,-2.968286896E1,-8.210327148E0,4.988278807E1
2.675445992E1,-3.948015594E1,-2.956567001E1,-8.531616211E0,5.005596899E1
2.676450292E1,-3.946389008E1,-2.914336395E1,-8.085754395E0,4.972035505E1
2.677454692E1,-3.954935074E1,-2.924800873E1,-8.493408203E0,4.991728299E1
2.678458992E1,-3.941696167E1,-2.886613083E1,-8.587829590E0,4.960545528E1
2.679463292E1,-3.952688980E1,-2.918698883E1,-9.259582520E0,4.999995203E1
2.680467592E1,-3.931506348E1,-2.856848145E1,-9.066650391E0,4.943719751E1
2.681471892E1,-3.962652588E1,-2.889937973E1,-9.758300781E0,5.000660093E1
2.682476192E1,-3.916765594E1,-2.857647705E1,-8.684387207E0,4.925585137E1
2.683480492E1,-3.939184570E1,-2.878417587E1,-1.005310059E1,4.981276061E1
2.684484892E1,-3.908454514E1,-2.872634888E1,-9.278808594E0,4.938523137E1
2.685489192E1,-3.946063995E1,-2.908983994E1,-1.002044678E1,5.003768826E1
2.686493492E1,-3.907124329E1,-2.892121124E1,-9.547302246E0,4.953937315E1
2.687497792E1,-3.931964111E1,-2.922476959E1,-1.007055664E1,5.001537210E1
2.688502092E1,-3.891833115E1,-2.896068573E1,-9.260437012E0,4.938738210E1
2.689506392E1,-3.934697723E1,-2.923762894E1,-1.000329590E1,5.003088538E1
2.690510692E1,-3.899419403E1,-2.912251663E1,-8.649047852E0,4.943150991E1
2.691515092E1,-3.922608185E1,-2.934088898E1,-1.001580811E1,4.999889674E1
2.692519392E1,-3.889635468E1,-2.926671982E1,-8.635742188E0,4.943726670E1
2.693523692E1,-3.901755524E1,-2.948276138E1,-1.020422363E1,4.995727190E1
2.694527992E1,-3.860171127E1,-2.939332581E1,-9.251708984E0,4.939285206E1
2.695532292E1,-3.902196503E1,-2.979886627E1,-9.967041016E0,5.010018056E1
2.696536592E1,-3.852600861E1,-2.957197189E1,-9.339965820E0,4.945694918E1
2.697540892E1,-3.883115387E1,-2.992403793E1,-1.042376709E1,5.011947204E1
2.698545292E1,-3.850482941E1,-2.989376068E1,-9.315490723E0,4.962899538E1
2.699549592E1,-3.859244156E1,-2.997762299E1,-1.073583984E1,5.003291599E1
2.700553892E1,-3.814272690E1,-2.998542404E1,-9.531982422E0,4.944544427E1
2.701558192E1,-3.839022064E1,-3.014109802E1,-1.068627930E1,4.996490164E1
2.702562492E1,-3.823318481E1,-3.027271271E1,-9.665161133E0,4.971547943E1
2.703566792E1,-3.830284500E1,-3.061462784E1,-1.056500244E1,5.015957186E1
2.704571092E1,-3.810428619E1,-3.060720062E1,-1.016033936E1,4.991963393E1
2.705575492E1,-3.810428619E1,-3.060720062E1,-1.016033936E1,4.991963393E1
2.706579792E1,-3.809214783E1,-3.085644150E1,-1.071295166E1,5.017867118E1
2.707584092E1,-3.781933975E1,-3.099106979E1,-1.026635742E1,4.996145475E1
2.708588392E1,-3.828820038E1,-3.099597549E1,-1.099108887E1,5.047316930E1
2.709592692E1,-3.801555634E1,-3.125611877E1,-1.016375732E1,5.025365108E1
2.710596992E1,-3.800886917E1,-3.132564926E1,-1.095068359E1,5.045679249E1
2.711601292E1,-3.790451050E1,-3.151874924E1,-1.063714600E1,5.043146185E1
2.712605692E1,-3.773550797E1,-3.150344086E1,-1.083172607E1,5.033648415E1
2.713609992E1,-3.757319260E1,-3.188456345E1,-1.128570557E1,5.055430089E1
2.714614292E1,-3.730292511E1,-3.181625748E1,-1.126519775E1,5.030593546E1
2.715618592E1,-3.712941742E1,-3.209414673E1,-1.200079346E1,5.052372646E1
2.716622892E1,-3.673092270E1,-3.201527405E1,-1.192565918E1,5.016333124E1
2.717627192E1,-3.619803619E1,-3.253862000E1,-1.270056152E1,5.030272238E1
2.718631492E1,-3.580706024E1,-3.240403748E1,-1.299444580E1,5.001022725E1
2.719635892E1,-3.566246033E1,-3.288431931E1,-1.344732666E1,5.033905171E1
2.720640192E1,-3.519446564E1,-3.272546005E1,-1.355554199E1,4.993354450E1
2.721644492E1,-3.544766235E1,-3.313357544E1,-1.436108398E1,5.060248335E1
2.722648792E1,-3.511327362E1,-3.300068283E1,-1.306286621E1,4.992620079E1
2.723653092E1,-3.502714920E1,-3.339315796E1,-1.444274902E1,5.050343730E1
2.724657392E1,-3.447361755E1,-3.327519989E1,-1.365643311E1,4.982135486E1
2.725661692E1,-3.486347961E1,-3.377758026E1,-1.457916260E1,5.068470303E1
2.726666092E1,-3.444750214E1,-3.352243423E1,-1.380261230E1,5.000896027E1
2.727670392E1,-3.487731171E1,-3.412052917E1,-1.427703857E1,5.083769481E1
2.728674692E1,-3.458031464E1,-3.391788483E1,-1.360327148E1,5.031172892E1
2.729678992E1,-3.489007187E1,-3.458253098E1,-1.418878174E1,5.113306260E1
2.730683292E1,-3.434879303E1,-3.437661362E1,-1.258123779E1,5.019839331E1
2.731687592E1,-3.482907867E1,-3.484315491E1,-1.380023193E1,5.116206179E1
2.732691892E1,-3.434607315E1,-3.480957794E1,-1.236694336E1,5.044106210E1
2.733696292E1,-3.520550537E1,-3.524117279E1,-1.364312744E1,5.164787309E1
2.734700592E1,-3.454915619E1,-3.508251953E1,-1.258489990E1,5.082132501E1
2.735704892E1,-3.525569916E1,-3.544613647E1,-1.313525391E1,5.169069364E1
2.736709192E1,-3.466210175E1,-3.550852585E1,-1.239984131E1,5.114755879E1
2.737713492E1,-3.508150864E1,-3.601639938E1,-1.315576172E1,5.197083162E1
2.738717792E1,-3.439530945E1,-3.595495224E1,-1.228479004E1,5.125145821E1
2.739722092E1,-3.482372665E1,-3.638306427E1,-1.376550293E1,5.221023247E1
2.740726492E1,-3.412017822E1,-3.645838547E1,-1.217132568E1,5.139592982E1
2.741730479E1,-3.432741547E1,-3.677013397E1,-1.346887207E1,5.207518334E1
2.742734779E1,-3.382602692E1,-3.691606903E1,-1.242565918E1,5.158869310E1
2.743739079E1,-3.431692505E1,-3.716907501E1,-1.343127441E1,5.234109871E1
2.744743379E1,-3.357814789E1,-3.729090881E1,-1.312689209E1,5.186925093E1
2.745747679E1,-3.378177643E1,-3.761608124E1,-1.364227295E1,5.236687500E1
2.746751979E1,-3.325981903E1,-3.786013031E1,-1.331256104E1,5.212321278E1
2.747756379E1,-3.322723389E1,-3.808684540E1,-1.381268311E1,5.239701402E1
2.748760679E1,-3.272168732E1,-3.856468201E1,-1.286358643E1,5.218635238E1
2.749764979E1,-3.291280365E1,-3.857059097E1,-1.375738525E1,5.253768915E1
2.750769279E1,-3.252790070E1,-3.918265915E1,-1.302026367E1,5.256303233E1
2.751773579E1,-3.232338333E1,-3.924987030E1,-1.338897705E1,5.257963613E1
2.752777879E1,-3.232218933E1,-3.972518158E1,-1.340917969E1,5.293977781E1
2.753782179E1,-3.236362457E1,-3.956091309E1,-1.347973633E1,5.285994070E1
2.754786579E1,-3.190488815E1,-3.969093704E1,-1.303002930E1,5.256495063E1
2.755790879E1,-3.182467270E1,-4.017970276E1,-1.322027588E1,5.293386440E1
2.756795179E1,-3.148539734E1,-4.039429474E1,-1.301629639E1,5.284366816E1
2.757799479E1,-3.182783890E1,-4.082388687E1,-1.318817139E1,5.341843252E1
2.758803779E1,-3.108692169E1,-4.087820816E1,-1.333312988E1,5.305842963E1
2.759808079E1,-3.127372932E1,-4.142403412E1,-1.328106689E1,5.357595997E1
2.760812379E1,-3.069129181E1,-4.129507446E1,-1.313769531E1,5.310214314E1
2.761816779E1,-3.079138374E1,-4.193626404E1,-1.378503418E1,5.382180526E1
2.762821079E1,-2.992355728E1,-4.198745346E1,-1.298516846E1,5.316935328E1
2.763825379E1,-3.017023087E1,-4.256081390E1,-1.398968506E1,5.401274848E1
2.764829679E1,-2.957456970E1,-4.255696106E1,-1.292071533E1,5.341062621E1
2.765833979E1,-2.985863876E1,-4.304104614E1,-1.397943115E1,5.421710484E1
2.766838279E1,-2.924577713E1,-4.291581345E1,-1.339471436E1,5.363302058E1
2.767842579E1,-2.946978378E1,-4.355490875E1,-1.426177979E1,5.448758203E1
2.768846979E1,-2.872039604E1,-4.340855789E1,-1.374029541E1,5.383270163E1
2.769851279E1,-2.893401527E1,-4.389831924E1,-1.442626953E1,5.451932616E1
2.770855579E1,-2.807995605E1,-4.351287842E1,-1.326013184E1,5.345732519E1
2.771859879E1,-2.855862045E1,-4.400675583E1,-1.472576904E1,5.448887625E1
2.772864179E1,-2.766204834E1,-4.395517349E1,-1.371282959E1,5.371487588E1
2.773868479E1,-2.805914879E1,-4.431831741E1,-1.508966064E1,5.458137913E1
2.774872779E1,-2.696566582E1,-4.425576019E1,-1.431665039E1,5.376509948E1
2.775877179E1,-2.746295547E1,-4.465897369E1,-1.513897705E1,5.456946473E1
2.776881479E1,-2.666062546E1,-4.436381149E1,-1.425268555E1,5.368496778E1
2.777885779E1,-2.706496239E1,-4.492602539E1,-1.525848389E1,5.462308374E1
2.778890079E1,-2.609156227E1,-4.485170364E1,-1.437133789E1,5.384217951E1
2.779894379E1,-2.617517853E1,-4.522856903E1,-1.556774902E1,5.452630775E1
2.780898679E1,-2.542068672E1,-4.534175873E1,-1.416101074E1,5.387597445E1
2.781902979E1,-2.581826210E1,-4.559699631E1,-1.525518799E1,5.457462314E1
2.782907379E1,-2.504672050E1,-4.570124817E1,-1.417651367E1,5.400847926E1
2.783911679E1,-2.529974556E1,-4.592284775E1,-1.474133301E1,5.446367569E1
2.784915979E1,-2.478222847E1,-4.608908463E1,-1.431457520E1,5.425190902E1
2.785920279E1,-2.524440002E1,-4.623980331E1,-1.473913574E1,5.470503876E1
2.786924579E1,-2.456550407E1,-4.641701126E1,-1.414685059E1,5.438875165E1
2.787928879E1,-2.468468666E1,-4.645215225E1,-1.464874268E1,5.460514505E1
2.788933179E1,-2.420182419E1,-4.660776138E1,-1.348175049E1,5.421963954E1
2.789937579E1,-2.413292503E1,-4.676177597E1,-1.447442627E1,5.457628403E1
2.790941879E1,-2.392533112E1,-4.710326004E1,-1.382415771E1,5.460994334E1
2.791946179E1,-2.382247543E1,-4.704226303E1,-1.475982666E1,5.475707561E1
2.792950479E1,-2.351617622E1,-4.724628067E1,-1.456182861E1,5.474731440E1
2.793954779E1,-2.330979729E1,-4.729595184E1,-1.470281982E1,5.473962569E1
2.794959079E1,-2.327571869E1,-4.743554688E1,-1.496588135E1,5.491691718E1
2.795963379E1,-2.278310776E1,-4.722598648E1,-1.450689697E1,5.440417133E1
2.796967779E1,-2.309957695E1,-4.753662872E1,-1.428753662E1,5.474902034E1
2.797972079E1,-2.264451218E1,-4.738157654E1,-1.491986084E1,5.459294803E1
2.798976379E1,-2.288658714E1,-4.759066772E1,-1.489739990E1,5.486893519E1
2.799980679E1,-2.240893173E1,-4.758034515E1,-1.503564453E1,5.470027489E1
2.800984979E1,-2.263980865E1,-4.777399445E1,-1.555413818E1,5.510759200E1
2.801989279E1,-2.235932732E1,-4.764345169E1,-1.438226318E1,5.455902768E1
2.802993579E1,-2.235932732E1,-4.764345169E1,-1.438226318E1,5.455902768E1
2.803997979E1,-2.278247643E1,-4.768630981E1,-1.531573486E1,5.502360503E1
2.805002279E1,-2.213860321E1,-4.751717377E1,-1.454382324E1,5.440149216E1
2.806006579E1,-2.253403282E1,-4.769389725E1,-1.561071777E1,5.501077148E1
2.807010879E1,-2.194858551E1,-4.755109024E1,-1.502020264E1,5.448351197E1
2.808015179E1,-2.257690811E1,-4.777108765E1,-1.527801514E1,5.500192125E1
2.809019479E1,-2.180920792E1,-4.773571014E1,-1.459613037E1,5.447372389E1
2.810023779E1,-2.239308167E1,-4.785021210E1,-1.552392578E1,5.506437302E1
2.811028179E1,-2.183091927E1,-4.775350952E1,-1.471685791E1,5.453047418E1
2.812032479E1,-2.230049324E1,-4.771732712E1,-1.591387939E1,5.502278495E1
2.813036779E1,-2.158679581E1,-4.772652817E1,-1.465869141E1,5.439382757E1
2.814041079E1,-2.211885262E1,-4.780326462E1,-1.603186035E1,5.505829906E1
2.815045379E1,-2.133592606E1,-4.768252182E1,-1.505035400E1,5.436320248E1
2.816049679E1,-2.203562927E1,-4.784606171E1,-1.576507568E1,5.498501786E1
2.817053979E1,-2.118154335E1,-4.776693344E1,-1.516772461E1,5.440953573E1
2.818058379E1,-2.157377625E1,-4.783308792E1,-1.584155273E1,5.481228799E1
2.819062679E1,-2.108923721E1,-4.786411285E1,-1.514202881E1,5.445190779E1
2.820066979E1,-2.165969276E1,-4.775142670E1,-1.588220215E1,5.478672638E1
2.821071279E1,-2.107700157E1,-4.808600235E1,-1.508605957E1,5.462685064E1
2.822075579E1,-2.136850929E1,-4.786554718E1,-1.628808594E1,5.489103333E1
2.823079879E1,-2.053736877E1,-4.813994217E1,-1.535064697E1,5.454245971E1
2.824084279E1,-2.105397987E1,-4.787748718E1,-1.617089844E1,5.474506191E1
2.825088579E1,-2.035446739E1,-4.802018738E1,-1.574639893E1,5.448111432E1
2.826092879E1,-2.029490852E1,-4.798269653E1,-1.617492676E1,5.455135868E1
2.827097179E1,-1.961068344E1,-4.814508820E1,-1.627069092E1,5.447259683E1
2.828101479E1,-1.984400749E1,-4.788571167E1,-1.732403564E1,5.465298003E1
2.829105779E1,-1.936824799E1,-4.813277817E1,-1.638732910E1,5.440990644E1
2.830110079E1,-1.954859924E1,-4.783757401E1,-1.749658203E1,5.455924855E1
2.831114479E1,-1.941278458E1,-4.819906998E1,-1.651757812E1,5.452372822E1
2.832118779E1,-1.939561462E1,-4.806383514E1,-1.720880127E1,5.461194884E1
2.833123079E1,-1.933679199E1,-4.823859024E1,-1.723754883E1,5.475405193E1
2.834127379E1,-1.930984306E1,-4.810552979E1,-1.683105469E1,5.450042603E1
2.835131679E1,-1.924966049E1,-4.839682388E1,-1.699243164E1,5.478635527E1
2.836135979E1,-1.858567238E1,-4.837657166E1,-1.694464111E1,5.452376331E1
2.837140279E1,-1.878049088E1,-4.851830673E1,-1.681018066E1,5.467462940E1
2.838144679E1,-1.802022934E1,-4.850207901E1,-1.707177734E1,5.448509810E1
2.839148979E1,-1.813914680E1,-4.845342255E1,-1.705682373E1,5.447658248E1
2.840153279E1,-1.743991089E1,-4.837269592E1,-1.703619385E1,5.416918038E1
2.841157517E1,-1.771670532E1,-4.826993179E1,-1.738610840E1,5.427840020E1
2.842161817E1,-1.702408218E1,-4.816288757E1,-1.689703369E1,5.380513787E1
2.843166117E1,-1.769711304E1,-4.777938843E1,-1.818902588E1,5.410081728E1
2.844170417E1,-1.717304420E1,-4.769150543E1,-1.765045166E1,5.367431026E1
2.845174817E1,-1.807802582E1,-4.716527176E1,-1.873413086E1,5.387342143E1
2.846179117E1,-1.761915207E1,-4.705436325E1,-1.827416992E1,5.346487545E1
2.847183417E1,-1.861374092E1,-4.640747452E1,-1.944421387E1,5.364888158E1
2.848187717E1,-1.862714577E1,-4.650891876E1,-1.906518555E1,5.360532981E1
2.849192017E1,-1.936901474E1,-4.605233383E1,-2.028839111E1,5.392211974E1
2.850196317E1,-1.849899292E1,-4.625784683E1,-1.946350098E1,5.348671800E1
2.851200717E1,-1.902300644E1,-4.554798126E1,-2.157751465E1,5.387098022E1
2.852205017E1,-1.902300644E1,-4.554798126E1,-2.157751465E1,5.387098022E1
2.853209317E1,-1.822518349E1,-4.595616150E1,-2.047381592E1,5.350984238E1
2.854213617E1,-1.850637436E1,-4.552328110E1,-2.259539795E1,5.408703192E1
2.855217917E1,-1.739469528E1,-4.605328369E1,-2.120477295E1,5.360151825E1
2.856222217E1,-1.788150978E1,-4.553961563E1,-2.245642090E1,5.383210774E1
2.857226517E1,-1.702005959E1,-4.614466858E1,-2.161468506E1,5.372343508E1
2.858230917E1,-1.752808571E1,-4.553475571E1,-2.330029297E1,5.406987533E1
2.859235217E1,-1.675768661E1,-4.624721909E1,-2.220404053E1,5.396892392E1
2.860239517E1,-1.705488968E1,-4.569689941E1,-2.443939209E1,5.455602408E1
2.861243817E1,-1.635042572E1,-4.644240189E1,-2.241497803E1,5.409865390E1
2.862248117E1,-1.658293343E1,-4.589573288E1,-2.493847656E1,5.480273342E1
2.863252417E1,-1.611771774E1,-4.664656448E1,-2.347869873E1,5.465283247E1
2.864256717E1,-1.632558441E1,-4.604238892E1,-2.534515381E1,5.503456282E1
2.865261117E1,-1.596109676E1,-4.669351196E1,-2.436108398E1,5.503183699E1
2.866265417E1,-1.621438980E1,-4.610071182E1,-2.598638916E1,5.534866294E1
2.867269717E1,-1.584773254E1,-4.677011490E1,-2.508789062E1,5.538949838E1
2.868274017E1,-1.604778290E1,-4.632542038E1,-2.680181885E1,5.587408525E1
2.869278317E1,-1.580149364E1,-4.709794235E1,-2.517944336E1,5.569477303E1
2.870282617E1,-1.539009762E1,-4.674142456E1,-2.682318115E1,5.604550760E1
2.871286917E1,-1.516570663E1,-4.747628403E1,-2.556494141E1,5.601394855E1
2.872291317E1,-1.485678959E1,-4.724098587E1,-2.686492920E1,5.633967841E1
2.873295617E1,-1.222096062E1,-4.885175705E1,-2.358734131E1,5.560763181E1
2.874299917E1,-1.173654842E1,-4.886238480E1,-2.379656982E1,5.560176213E1
2.875304217E1,-1.195986843E1,-4.915188980E1,-2.379895020E1,5.590471138E1
2.876308517E1,-1.154173756E1,-4.921585083E1,-2.379766846E1,5.587253979E1
2.877312817E1,-1.161822796E1,-4.924419403E1,-2.350878906E1,5.579101209E1
2.878317217E1,-1.116561031E1,-4.933142471E1,-2.410583496E1,5.602991698E1
2.879321517E1,-1.140306664E1,-4.914216614E1,-2.426440430E1,5.597985117E1
2.880325817E1,-1.118192101E1,-4.930522537E1,-2.428430176E1,5.608714575E1
2.881330117E1,-1.155660248E1,-4.901710129E1,-2.455010986E1,5.602623648E1
2.882334417E1,-1.122047710E1,-4.937087631E1,-2.369018555E1,5.589818803E1
2.883338717E1,-1.168426800E1,-4.875687027E1,-2.466003418E1,5.587371299E1
2.884343017E1,-1.149328518E1,-4.918541336E1,-2.332379150E1,5.563541805E1
2.885347417E1,-1.181810760E1,-4.850601578E1,-2.438098145E1,5.556017900E1
2.886351717E1,-1.139651012E1,-4.897952271E1,-2.327319336E1,5.541223346E1
2.887356017E1,-1.631186295E1,-4.816131973E1,-2.336785889E1,5.596111525E1
2.888360317E1,-1.578014946E1,-4.873872375E1,-2.217675781E1,5.582369477E1
2.889364617E1,-1.643914413E1,-4.811100388E1,-2.297955322E1,5.579403212E1
2.890368917E1,-1.598638058E1,-4.868114471E1,-2.134667969E1,5.550764766E1
2.891373217E1,-1.661670494E1,-4.784898758E1,-2.281671143E1,5.555396310E1
2.892377617E1,-1.596889782E1,-4.858073425E1,-2.092388916E1,5.525307752E1
2.893381917E1,-1.659770203E1,-4.770311737E1,-2.257165527E1,5.532224454E1
2.894386217E1,-1.611501503E1,-4.832812500E1,-2.069708252E1,5.498791322E1
2.895390517E1,-1.679989624E1,-4.755622864E1,-2.161297607E1,5.487214349E1
2.896394817E1,-1.616829300E1,-4.814540100E1,-1.995520020E1,5.456742023E1
2.897399117E1,-1.661747932E1,-4.749867630E1,-2.104132080E1,5.454357937E1
2.898403517E1,-1.610138702E1,-4.810594559E1,-1.936798096E1,5.430060176E1
2.899407817E1,-1.324523163E1,-4.669397736E1,-2.066021729E1,5.275043375E1
2.900412117E1,-1.272205257E1,-4.729755020E1,-1.850006104E1,5.235609931E1
2.901416417E1,-1.272205257E1,-4.729755020E1,-1.850006104E1,5.235609931E1
2.902420717E1,-1.350047493E1,-4.674540710E1,-2.016558838E1,5.266922121E1
2.903425017E1,-1.297282410E1,-4.733399582E1,-1.808532715E1,5.230564390E1
2.904429317E1,-1.370382118E1,-4.690293884E1,-1.873364258E1,5.233191905E1
2.905433717E1,-1.308632660E1,-4.742776871E1,-1.745666504E1,5.220517544E1
2.906438017E1,-1.381777763E1,-4.709899902E1,-1.795654297E1,5.226551562E1
2.907442317E1,-1.350066662E1,-4.743432617E1,-1.701190186E1,5.216980068E1
2.908446617E1,-1.399435425E1,-4.708229446E1,-1.763806152E1,5.218894152E1
2.909450917E1,-1.392844105E1,-4.755259705E1,-1.607336426E1,5.209226425E1
2.910455217E1,-1.420621395E1,-4.726777649E1,-1.693151855E1,5.217983834E1
2.911459517E1,-1.392446518E1,-4.768798828E1,-1.569659424E1,5.210007704E1
2.912463917E1,-1.423387909E1,-4.735239792E1,-1.627612305E1,5.205540398E1
2.913468217E1,-1.433197308E1,-4.774124908E1,-1.573657227E1,5.227113949E1
2.914472517E1,-1.432755852E1,-4.757181549E1,-1.587475586E1,5.215711299E1
2.915476817E1,-1.425130939E1,-4.767704010E1,-1.553692627E1,5.213056733E1
2.916481117E1,-1.417872810E1,-4.772425842E1,-1.504644775E1,5.200996792E1
2.917485417E1,-1.445345783E1,-4.803861618E1,-1.473858643E1,5.228610731E1
2.918489817E1,-1.410703850E1,-4.794570160E1,-1.506634521E1,5.219955551E1
2.919494117E1,-1.448020077E1,-4.820832443E1,-1.460626221E1,5.241241890E1
2.920498417E1,-1.425165558E1,-4.816635513E1,-1.468945312E1,5.233438150E1
2.921502717E1,-1.475949192E1,-4.821743011E1,-1.476501465E1,5.254301881E1
2.922507017E1,-1.641701508E1,-4.722240448E1,-1.515832520E1,5.224221178E1
2.923511317E1,-1.694580841E1,-4.726687241E1,-1.560473633E1,5.258160748E1
2.924515617E1,-1.609962273E1,-4.734739304E1,-1.490557861E1,5.218380738E1
2.925520017E1,-1.674722099E1,-4.731935120E1,-1.545025635E1,5.251952808E1
2.926524317E1,-1.622696114E1,-4.735443497E1,-1.490948486E1,5.223073346E1
2.927528617E1,-1.691313362E1,-4.751441574E1,-1.513439941E1,5.265665996E1
2.928532917E1,-1.624968529E1,-4.751710510E1,-1.472131348E1,5.233206111E1
2.929537217E1,-1.693742752E1,-4.765690613E1,-1.485614014E1,5.271396449E1
2.930541517E1,-1.648380470E1,-4.760679245E1,-1.405603027E1,5.230386689E1
2.931545917E1,-1.723086166E1,-4.764056015E1,-1.537152100E1,5.294156423E1
2.932550217E1,-1.637169266E1,-4.770099258E1,-1.433374023E1,5.242969696E1
2.933554517E1,-1.708410645E1,-4.768157196E1,-1.564245605E1,5.301023891E1
2.934558817E1,-1.624827385E1,-4.777521515E1,-1.440655518E1,5.247881875E1
2.935563117E1,-1.711927795E1,-4.773928452E1,-1.491522217E1,5.286371928E1
2.936567417E1,-1.643643379E1,-4.761494446E1,-1.430767822E1,5.236457722E1
2.937571717E1,-1.704285431E1,-4.774572754E1,-1.501037598E1,5.287177667E1
2.938576117E1,-1.638960838E1,-4.768364716E1,-1.430639648E1,5.241204489E1
2.939580417E1,-1.705465508E1,-4.784203339E1,-1.514587402E1,5.300112186E1
2.940584717E1,-1.637775040E1,-4.783131027E1,-1.387524414E1,5.242697159E1
2.941589033E1,-1.702758217E1,-4.793536377E1,-1.518896484E1,5.308900364E1
2.942593333E1,-1.619910049E1,-4.790512466E1,-1.418133545E1,5.252068260E1
2.943597633E1,-1.680106544E1,-4.813127899E1,-1.473907471E1,5.306727938E1
2.944602033E1,-1.626438904E1,-4.806553650E1,-1.421264648E1,5.269559251E1
2.945606333E1,-1.681668854E1,-4.806815720E1,-1.456903076E1,5.296796586E1
2.946610633E1,-1.652169418E1,-4.812549973E1,-1.428192139E1,5.284887303E1
2.947614933E1,-1.702459145E1,-4.816020584E1,-1.451171875E1,5.310209150E1
2.948619233E1,-1.671336365E1,-4.813794708E1,-1.348657227E1,5.271134703E1
2.949623533E1,-1.665288353E1,-4.802347565E1,-1.399969482E1,5.272157242E1
2.950627833E1,-1.665288353E1,-4.802347565E1,-1.399969482E1,5.272157242E1
2.951632233E1,-1.783597183E1,-4.815678787E1,-1.364044189E1,5.313435578E1
2.952636533E1,-1.795924759E1,-4.780609894E1,-1.401147461E1,5.295544439E1
2.953640833E1,-1.771666336E1,-4.778306198E1,-1.359265137E1,5.274335355E1
2.954645133E1,-1.825170326E1,-4.763792419E1,-1.343255615E1,5.275348385E1
2.955649433E1,-1.813719368E1,-4.765552139E1,-1.346734619E1,5.273875167E1
2.956653733E1,-1.839176941E1,-4.751718140E1,-1.384924316E1,5.280095876E1
2.957658133E1,-1.873109818E1,-4.767681503E1,-1.365155029E1,5.301223968E1
2.958662433E1,-1.884809875E1,-4.742685318E1,-1.362933350E1,5.282344139E1
2.959666733E1,-1.931720734E1,-4.747947693E1,-1.328009033E1,5.295107202E1
2.960671033E1,-1.942435837E1,-4.727707291E1,-1.363989258E1,5.290060482E1
2.961675333E1,-1.676423645E1,-4.768704605E1,-1.246716309E1,5.206269432E1
2.962679633E1,-1.648143387E1,-4.739191818E1,-1.216333008E1,5.162923755E1
2.963684033E1,-1.689456558E1,-4.748490143E1,-1.294909668E1,5.203769129E1
2.964688333E1,-1.647290802E1,-4.730198669E1,-1.220520020E1,5.155387042E1
2.965692633E1,-1.700392914E1,-4.742711639E1,-1.295782471E1,5.202278536E1
2.966696933E1,-1.664072418E1,-4.722193527E1,-1.277008057E1,5.167107343E1
2.967701233E1,-1.737956238E1,-4.713825607E1,-1.352539062E1,5.202884359E1
2.968705533E1,-1.705313110E1,-4.661333084E1,-1.328753662E1,5.138258968E1
2.969709833E1,-1.767662048E1,-4.690940094E1,-1.362072754E1,5.194688660E1
2.970714233E1,-1.738536072E1,-4.657082367E1,-1.294042969E1,5.136678990E1
2.971718533E1,-1.799420166E1,-4.658390808E1,-1.393066406E1,5.184510764E1
2.972722833E1,-1.748748207E1,-4.632690048E1,-1.269079590E1,5.111800112E1
2.973727133E1,-1.807809830E1,-4.649434280E1,-1.358251953E1,5.170131901E1
2.974731433E1,-1.822263527E1,-4.624964905E1,-1.270526123E1,5.130807087E1
2.975735733E1,-1.834289742E1,-4.674579239E1,-1.258648682E1,5.176920554E1
2.976740133E1,-1.794709969E1,-4.631281662E1,-1.215380859E1,5.113404378E1
2.977744433E1,-1.852955055E1,-4.670533752E1,-1.267431641E1,5.182056632E1
2.978748733E1,-1.778021049E1,-4.637321854E1,-1.198583984E1,5.109081756E1
2.979753033E1,-1.848140717E1,-4.677042770E1,-1.301812744E1,5.194715546E1
2.980757333E1,-1.801043892E1,-4.629291153E1,-1.167254639E1,5.102605126E1
2.981761633E1,-1.861713409E1,-4.642463303E1,-1.304937744E1,5.169265407E1
2.982765933E1,-1.810566711E1,-4.610538483E1,-1.197589111E1,5.096021644E1
2.983770333E1,-1.899377823E1,-4.618243790E1,-1.403460693E1,5.187052509E1
2.984774633E1,-1.854364586E1,-4.576267242E1,-1.358380127E1,5.121141129E1
2.985778933E1,-1.924798584E1,-4.584104538E1,-1.371759033E1,5.157575676E1
2.986783233E1,-1.890323830E1,-4.550217056E1,-1.340460205E1,5.106332637E1
2.987787533E1,-1.953942871E1,-4.561972046E1,-1.385589600E1,5.152605189E1
2.988791833E1,-1.917589378E1,-4.552790451E1,-1.333306885E1,5.116908946E1
2.989796233E1,-1.967895508E1,-4.547824097E1,-1.438116455E1,5.159796089E1
2.990800533E1,-1.939950752E1,-4.550593567E1,-1.344281006E1,5.126246400E1
2.991804833E1,-1.947314644E1,-4.538060760E1,-1.403729248E1,5.133856795E1
2.992809133E1,-1.923481560E1,-4.536153030E1,-1.368023682E1,5.113507057E1
2.993813433E1,-1.944107246E1,-4.535324097E1,-1.368383789E1,5.120663223E1
2.994817733E1,-1.934787941E1,-4.541062546E1,-1.382763672E1,5.126079281E1
2.995822133E1,-1.921291733E1,-4.526910400E1,-1.378784180E1,5.107379515E1
2.996826433E1,-1.924375534E1,-4.526428986E1,-1.367333984E1,5.105035042E1
2.997830733E1,-2.025238228E1,-4.506061172E1,-1.401354980E1,5.135170197E1
2.998835033E1,-2.025238228E1,-4.506061172E1,-1.401354980E1,5.135170197E1
2.999839333E1,-2.027857208E1,-4.519445419E1,-1.385632324E1,5.143692127E1
3.000843633E1,-2.031585884E1,-4.463263702E1,-1.437280273E1,5.110170121E1
3.001847933E1,-2.075369644E1,-4.468839264E1,-1.505371094E1,5.152070036E1
3.002852333E1,-2.069661903E1,-4.421155930E1,-1.488970947E1,5.103641311E1
3.003856633E1,-2.095824051E1,-4.423153305E1,-1.596362305E1,5.148313920E1
3.004860933E1,-2.066752815E1,-4.364275360E1,-1.591619873E1,5.084448882E1
3.005865233E1,-2.164813042E1,-4.349666595E1,-1.756182861E1,5.166255243E1
3.006869533E1,-2.134612083E1,-4.286774063E1,-1.750213623E1,5.098651620E1
3.007873833E1,-2.158972931E1,-4.275300598E1,-1.795617676E1,5.115036868E1
3.008878233E1,-2.130480766E1,-4.221097946E1,-1.822149658E1,5.067232533E1
3.009882533E1,-2.151683235E1,-4.211797333E1,-1.889270020E1,5.092967575E1
3.010886833E1,-2.037228203E1,-4.138433838E1,-1.958099365E1,5.011096338E1
3.011891133E1,-2.055173492E1,-4.138795853E1,-2.057196045E1,5.058203709E1
3.012895433E1,-2.021547508E1,-4.088257217E1,-1.990722656E1,4.976291601E1
3.013899733E1,-2.014731407E1,-4.093571472E1,-2.128625488E1,5.034631715E1
3.014904133E1,-2.028020668E1,-4.051772690E1,-2.135003662E1,5.008789315E1
3.015908433E1,-2.025877190E1,-4.050111389E1,-2.242578125E1,5.053388695E1
3.016912733E1,-1.985391998E1,-4.000726318E1,-2.211547852E1,4.983827481E1
3.017917033E1,-2.000671768E1,-4.028050232E1,-2.295812988E1,5.049617161E1
3.018921333E1,-1.917105484E1,-3.977075577E1,-2.294702148E1,4.975749344E1
3.019925633E1,-1.876815224E1,-3.992107010E1,-2.347869873E1,4.997183877E1
3.020929933E1,-1.855373192E1,-3.955629349E1,-2.250518799E1,4.914697151E1
3.021934333E1,-1.857741356E1,-3.969724274E1,-2.365234375E1,4.980386270E1
3.022938633E1,-1.834908867E1,-3.942296600E1,-2.283984375E1,4.911738761E1
3.023942933E1,-1.839389801E1,-3.954780197E1,-2.373309326E1,4.965504849E1
3.024947233E1,-1.810158348E1,-3.941098785E1,-2.327307129E1,4.921919479E1
3.025951533E1,-1.811474228E1,-3.953917313E1,-2.367504883E1,4.951765378E1
3.026955833E1,-1.695762825E1,-3.945060730E1,-2.356427002E1,4.898149032E1
3.027960233E1,-1.701899910E1,-3.972068024E1,-2.404113770E1,4.945053155E1
3.028964533E1,-1.687894821E1,-3.956392288E1,-2.306085205E1,4.880579662E1
3.029968833E1,-1.683950424E1,-3.964718628E1,-2.367816162E1,4.915408041E1
3.030973133E1,-1.661556816E1,-3.979629898E1,-2.325567627E1,4.899641820E1
3.031977433E1,-1.654680252E1,-3.986843872E1,-2.384594727E1,4.931448348E1
3.032981733E1,-1.628368378E1,-3.992798615E1,-2.364758301E1,4.917937187E1
3.033986133E1,-1.632195282E1,-4.016130066E1,-2.310296631E1,4.912314390E1
3.034990433E1,-1.601998520E1,-4.035921097E1,-2.272137451E1,4.900782280E1
3.035994733E1,-1.579606533E1,-4.046046066E1,-2.226641846E1,4.880940430E1
3.036999033E1,-1.540627480E1,-4.056142044E1,-2.247229004E1,4.886293023E1
3.038003333E1,-1.519362164E1,-4.056218719E1,-2.274511719E1,4.892317983E1
3.039007633E1,-1.501136398E1,-4.064358902E1,-2.255462646E1,4.884622352E1
3.040012033E1,-1.497375870E1,-4.047369385E1,-2.284326172E1,4.882773750E1
3.041016333E1,-1.442473793E1,-4.042652893E1,-2.240985107E1,4.842085017E1
3.042020583E1,-1.422368050E1,-4.010308075E1,-2.213610840E1,4.796433537E1
3.043024883E1,-1.419587612E1,-4.008109665E1,-2.291461182E1,4.830213911E1
3.044029183E1,-1.405049801E1,-3.999691010E1,-2.264697266E1,4.806302822E1
3.045033483E1,-1.387800980E1,-4.013525009E1,-2.313952637E1,4.836191824E1
3.046037883E1,-1.343912983E1,-4.008605957E1,-2.326892090E1,4.825914486E1
3.047042183E1,-1.211351490E1,-4.018540192E1,-2.278582764E1,4.775769793E1
3.048046483E1,-1.211351490E1,-4.018540192E1,-2.278582764E1,4.775769793E1
3.049050783E1,-1.121051216E1,-4.020683289E1,-2.269171143E1,4.750977543E1
3.050055083E1,-1.045013237E1,-4.080565262E1,-2.292974854E1,4.795914845E1
3.051059383E1,-9.651088715E0,-4.091280746E1,-2.284912109E1,4.784436919E1
3.052063683E1,-8.830446243E0,-4.121507263E1,-2.324255371E1,4.813393082E1
3.053068083E1,-7.688131332E0,-4.124493408E1,-2.232739258E1,4.752646011E1
3.054072383E1,-6.939252853E0,-4.160853958E1,-2.314257812E1,4.811447515E1
3.055076683E1,-6.337630272E0,-4.146211624E1,-2.238385010E1,4.754271118E1
3.056080983E1,-5.761924744E0,-4.173184204E1,-2.290478516E1,4.795180497E1
3.057085283E1,-5.553339005E0,-4.154031372E1,-2.278198242E1,4.770173960E1
3.058089583E1,-5.232896805E0,-4.152409744E1,-2.310247803E1,4.780542196E1
3.059093983E1,-5.199047089E0,-4.127115631E1,-2.358612061E1,4.781886154E1
3.060098283E1,-4.906435013E0,-4.105966568E1,-2.391369629E1,4.776854740E1
3.061102583E1,-4.672910690E0,-4.076435852E1,-2.312042236E1,4.709695266E1
3.062106883E1,-4.009397507E0,-4.072546005E1,-2.398126221E1,4.743141682E1
3.063111183E1,-3.579223633E0,-4.051161194E1,-2.341418457E1,4.692787639E1
3.064115483E1,-2.362596512E0,-4.013059998E1,-2.435815430E1,4.700389981E1
3.065119883E1,-1.767551422E0,-3.987528610E1,-2.381237793E1,4.647786594E1
3.066124183E1,-4.805526733E-1,-3.982363510E1,-2.399969482E1,4.649879778E1
3.067128483E1,1.140613556E-1,-3.957371521E1,-2.384417725E1,4.620212911E1
3.068132783E1,8.316516876E-1,-3.968958282E1,-2.408758545E1,4.643453889E1
3.069137083E1,1.179710388E0,-3.956382370E1,-2.398217773E1,4.627993854E1
3.070141383E1,1.423933029E0,-3.970323563E1,-2.461932373E1,4.673848099E1
3.071145783E1,1.691129684E0,-3.960507584E1,-2.402813721E1,4.635486306E1
3.072150083E1,1.812671661E0,-3.953223038E1,-2.411920166E1,4.634456717E1
3.073154383E1,1.947647095E0,-3.953364563E1,-2.366015625E1,4.611404840E1
3.074158683E1,2.096052170E0,-3.982939148E1,-2.345642090E1,4.627069852E1
3.075162983E1,2.203983307E0,-3.967642593E1,-2.330316162E1,4.606640488E1
3.076167283E1,2.480855942E0,-3.970973969E1,-2.299224854E1,4.595281890E1
3.077171683E1,3.090000153E0,-3.966111374E1,-2.267108154E1,4.578788030E1
3.078175983E1,3.720335007E0,-3.945891190E1,-2.252038574E1,4.558524317E1
3.079180283E1,4.637538910E0,-3.943950653E1,-2.204028320E1,4.541756848E1
3.080184583E1,5.221174240E0,-3.930303574E1,-2.240167236E1,4.553926002E1
3.081188883E1,5.782691956E0,-3.921817398E1,-2.187896729E1,4.527906697E1
3.082193183E1,6.910522461E0,-3.893852997E1,-2.064245605E1,4.461026147E1
3.083197583E1,7.560459137E0,-3.899376678E1,-2.089569092E1,4.488100143E1
3.084201883E1,9.717512131E0,-3.888441086E1,-2.093188477E1,4.521693543E1
3.085206183E1,8.795223236E0,-3.916178513E1,-2.143652344E1,4.550303180E1
3.086210483E1,7.653251648E0,-3.891017914E1,-2.150250244E1,4.511021960E1
3.087214783E1,5.525447845E0,-3.907643890E1,-2.116265869E1,4.478121006E1
3.088219083E1,9.907869339E0,-3.772138214E1,-1.862023926E1,4.321784187E1
3.089223483E1,8.867183685E0,-3.798464966E1,-1.872808838E1,4.326894788E1
3.090227783E1,9.933452606E0,-3.736355209E1,-1.840124512E1,4.281721999E1
3.091232083E1,1.246842575E1,-3.709950638E1,-1.769134521E1,4.295135283E1
3.092236383E1,1.435702324E1,-3.765442276E1,-2.400897217E1,4.690853242E1
3.093240683E1,1.597560692E1,-3.741678619E1,-2.423199463E1,4.735425503E1
3.094244983E1,1.396812820E1,-3.669899368E1,-2.247882080E1,4.524623882E1
3.095249383E1,1.488352966E1,-3.657670593E1,-2.223303223E1,4.531757489E1
3.096253683E1,1.619520569E1,-3.619429398E1,-2.169677734E1,4.520024061E1
3.097257983E1,1.619520569E1,-3.619429398E1,-2.169677734E1,4.520024061E1
3.098262283E1,1.716073608E1,-3.632545853E1,-2.143908691E1,4.553750375E1
3.099266583E1,1.701947403E1,-3.616706467E1,-2.136999512E1,4.532544268E1
3.100270883E1,1.688655472E1,-3.621385193E1,-2.102893066E1,4.515323606E1
3.101275283E1,1.640039825E1,-3.617958832E1,-2.020184326E1,4.456512252E1
3.102279583E1,1.730638885E1,-3.640915680E1,-2.073779297E1,4.533424590E1
3.103283883E1,1.675667572E1,-3.613666534E1,-1.976007080E1,4.446465070E1
3.104288183E1,1.698031616E1,-3.622954559E1,-1.965197754E1,4.457702695E1
3.105292483E1,1.649462891E1,-3.593878174E1,-1.866552734E1,4.372723095E1
3.106296783E1,1.751831818E1,-3.608510971E1,-1.853601074E1,4.418835037E1
3.107301183E1,1.700432968E1,-3.562963104E1,-1.792626953E1,4.335860901E1
3.108305483E1,1.797964096E1,-3.560815430E1,-1.760058594E1,4.360032989E1
3.109309783E1,2.012454796E1,-3.524143982E1,-1.590209961E1,4.358707702E1
3.110314083E1,2.146339607E1,-3.519079590E1,-1.633020020E1,4.433672209E1
3.111318383E1,2.029892159E1,-3.469266129E1,-1.517211914E1,4.296300925E1
3.112322683E1,2.157791710E1,-3.453979492E1,-1.531518555E1,4.351044527E1
3.113327083E1,2.151275063E1,-3.404563904E1,-1.379602051E1,4.257034365E1
3.114331383E1,2.266621208E1,-3.398518753E1,-1.326287842E1,4.294943638E1
3.115335683E1,2.337830162E1,-3.356832886E1,-1.245635986E1,4.276141473E1
3.116339983E1,2.386586571E1,-3.346496964E1,-1.206414795E1,4.283721985E1
3.117344283E1,2.358632851E1,-3.315540695E1,-1.146978760E1,4.227471975E1
3.118348583E1,2.377201653E1,-3.334682846E1,-1.138824463E1,4.250660953E1
3.119352983E1,2.322122192E1,-3.317564774E1,-1.001324463E1,4.171467150E1
3.120357283E1,2.283965302E1,-3.315221024E1,-1.039025879E1,4.157735286E1
3.121361583E1,2.279889679E1,-3.292024231E1,-9.542114258E0,4.116532513E1
3.122365883E1,2.237833023E1,-3.290592194E1,-9.651916504E0,4.094812394E1
3.123370183E1,2.256798172E1,-3.256031799E1,-1.011376953E1,4.088736285E1
3.124374483E1,2.190674210E1,-3.219932556E1,-9.732116699E0,4.014244650E1
3.125378883E1,2.240309143E1,-3.207029724E1,-1.019628906E1,4.042730243E1
3.126383183E1,2.142098999E1,-3.175433350E1,-9.714355469E0,3.951664472E1
3.127387483E1,2.255789185E1,-3.164933395E1,-9.544128418E0,4.002035996E1
3.128391783E1,2.071598053E1,-3.136569595E1,-9.402587891E0,3.874748238E1
3.129396083E1,2.194604492E1,-3.145434189E1,-9.865966797E0,3.960229554E1
3.130400383E1,1.966567230E1,-3.107363892E1,-9.560913086E0,3.799632563E1
3.131404783E1,1.992973518E1,-3.162984085E1,-9.690124512E0,3.862045688E1
3.132409083E1,1.725147438E1,-3.160723495E1,-8.892211914E0,3.709045838E1
3.133413383E1,1.905336189E1,-3.182366180E1,-1.026831055E1,3.848654637E1
3.134417683E1,1.560767555E1,-3.162129974E1,-9.044006348E0,3.640467256E1
3.135421983E1,1.692004395E1,-3.295021057E1,-1.139575195E1,3.875393433E1
3.136426283E1,1.337632751E1,-3.272994232E1,-1.045709229E1,3.687175126E1
3.137430683E1,1.591648865E1,-3.281521988E1,-1.229187012E1,3.848718407E1
3.138434983E1,1.222141266E1,-3.249151993E1,-1.099542236E1,3.641374888E1
3.139439283E1,1.533308220E1,-3.309966660E1,-1.391015625E1,3.904079642E1
3.140443583E1,1.152241707E1,-3.279385757E1,-1.113812256E1,3.650015019E1
3.141447929E1,1.442048073E1,-3.283972549E1,-1.461724854E1,3.873063116E1
3.142452229E1,1.047266197E1,-3.237510681E1,-1.170886230E1,3.598501975E1
3.143456629E1,1.310068321E1,-3.200096130E1,-1.485217285E1,3.763344873E1
3.144460929E1,8.938596725E0,-3.150843048E1,-1.213427734E1,3.492735875E1
3.145465229E1,1.026754379E1,-3.272238541E1,-1.561968994E1,3.768489984E1
3.146469529E1,1.026754379E1,-3.272238541E1,-1.561968994E1,3.768489984E1
3.147473829E1,5.861389160E0,-3.196669006E1,-1.303143311E1,3.501490262E1
3.148478129E1,8.344673157E0,-3.189240646E1,-1.664105225E1,3.692808931E1
3.149482529E1,4.087249756E0,-3.091179276E1,-1.325537109E1,3.388140205E1
3.150486829E1,6.934429169E0,-3.064203262E1,-1.642864990E1,3.545308180E1
3.151491129E1,1.794122696E0,-3.074340820E1,-1.339251709E1,3.358177390E1
3.152495429E1,5.445663452E0,-3.092052078E1,-1.560369873E1,3.506008086E1
3.153499729E1,2.387161255E0,-2.968505859E1,-1.334295654E1,3.263335306E1
3.154504029E1,4.814577103E0,-3.009018326E1,-1.450732422E1,3.374998870E1
3.155508429E1,1.619186401E0,-2.877894211E1,-1.331109619E1,3.174955992E1
3.156512729E1,3.846305847E0,-2.945834351E1,-1.409643555E1,3.288308936E1
3.157517029E1,1.128355026E0,-2.793487549E1,-1.318225098E1,3.090958095E1
3.158521329E1,2.449092865E-1,-2.753506088E1,-1.387640381E1,3.083494999E1
3.159525629E1,-1.487352371E0,-2.627358246E1,-1.306744385E1,2.938148126E1
3.160529929E1,-8.255138397E-1,-2.645592499E1,-1.302044678E1,2.949795712E1
3.161534329E1,-1.684471130E0,-2.532231140E1,-1.268341064E1,2.837121434E1
3.162538629E1,-2.517198563E0,-2.298978424E1,-1.221490479E1,2.615473890E1
3.163542929E1,-2.273462296E0,-2.248554993E1,-1.251031494E1,2.583169693E1
3.164547229E1,-2.973484039E0,-2.191960144E1,-1.104119873E1,2.472283568E1
3.165551529E1,-1.799932480E0,-2.180419159E1,-1.137591553E1,2.465915615E1
3.166555829E1,-3.589624405E0,-2.099682617E1,-9.816528320E0,2.345455906E1
3.167560229E1,-1.378679276E0,-2.103440094E1,-9.923767090E0,2.329866805E1
3.168564529E1,-3.319358826E0,-1.900698853E1,-9.337524414E0,2.143532407E1
3.169568829E1,-2.890396118E-2,-1.939344025E1,-9.915954590E0,2.178147184E1
3.170573129E1,-3.929405212E0,-1.845235443E1,-8.484558105E0,2.068616290E1
3.171577429E1,-3.149108887E-1,-1.892037201E1,-9.559082031E0,2.120037016E1
3.172581729E1,-5.454647064E0,-1.712284851E1,-7.730834961E0,1.956299887E1
3.173586129E1,-9.577560425E-1,-1.775013733E1,-9.257568359E0,2.004213671E1
3.174590429E1,-6.079023361E0,-1.687261200E1,-7.160278320E0,1.931085566E1
3.175594729E1,-6.680145264E-1,-1.758735657E1,-8.198608398E0,1.941593506E1
3.176599029E1,-6.074466705E0,-1.669995117E1,-6.633483887E0,1.896814760E1
3.177603329E1,-2.026233673E-1,-1.735034943E1,-7.861694336E0,1.904945982E1
3.178607629E1,-7.644973755E0,-1.478108978E1,-5.413574219E0,1.749951498E1
3.179612029E1,-1.863004684E0,-1.555307007E1,-7.045776367E0,1.717590579E1
3.180616329E1,-8.156972885E0,-1.477897644E1,-4.952636719E0,1.759212783E1
3.181620629E1,-2.109621048E0,-1.538832092E1,-7.913513184E0,1.743199968E1
3.182624929E1,-7.830524445E0,-1.519381714E1,-4.480346680E0,1.767039045E1
3.183629229E1,-1.515941620E0,-1.585261536E1,-7.286987305E0,1.751295739E1
3.184633529E1,-8.282714844E0,-1.483525848E1,-4.968505859E0,1.770238148E1
3.185637929E1,-2.013227463E0,-1.543740845E1,-7.249450684E0,1.717326992E1
3.186642229E1,-8.142322540E0,-1.469140625E1,-4.896240234E0,1.749594245E1
3.187646529E1,-1.685012817E0,-1.507055664E1,-6.796203613E0,1.661774140E1
3.188650829E1,-7.552860260E0,-1.335183716E1,-4.846801758E0,1.608753371E1
3.189655129E1,-1.068340302E0,-1.368214417E1,-6.305725098E0,1.510313176E1
3.190659529E1,-6.402450562E0,-1.344326782E1,-4.624694824E0,1.559168449E1
3.191663829E1,-3.648777008E-1,-1.363370514E1,-5.677062988E0,1.477295149E1
3.192668129E1,-3.876815796E0,-1.252089691E1,-6.332885742E0,1.455706021E1
3.193672429E1,1.298431396E0,-1.277410889E1,-6.532897949E0,1.440633672E1
3.194676729E1,-2.917491913E0,-1.284999847E1,-6.781982422E0,1.481990234E1
3.195681029E1,-2.917491913E0,-1.284999847E1,-6.781982422E0,1.481990234E1
3.196685429E1,1.478612900E0,-1.317029572E1,-6.290039062E0,1.466995490E1
3.197689729E1,-1.652198792E0,-1.316571045E1,-6.608398438E0,1.482351586E1
3.198694029E1,1.612854004E0,-1.297098541E1,-6.443847656E0,1.457295211E1
3.199698329E1,-3.618297577E-1,-1.310172272E1,-6.265441895E0,1.452727852E1
3.200702629E1,1.737714767E0,-1.299985504E1,-5.756164551E0,1.432303439E1
3.201706929E1,1.244001389E0,-1.321990204E1,-5.573242188E0,1.440049922E1
3.202711329E1,2.823675156E0,-1.271044922E1,-4.797912598E0,1.387618918E1
3.203715629E1,3.292129517E0,-1.275003815E1,-5.233703613E0,1.417015325E1
3.204719929E1,2.833011627E0,-1.265339661E1,-4.681152344E0,1.378577484E1
3.205724229E1,4.244064331E0,-1.279650879E1,-4.813415527E0,1.431543532E1
3.206728529E1,2.657361984E0,-1.299581909E1,-4.824707031E0,1.411491001E1
3.207732829E1,5.131103516E0,-1.275609589E1,-4.548034668E0,1.448208634E1
3.208737229E1,2.615537643E0,-1.300933838E1,-5.261474609E0,1.427469920E1
3.209741529E1,5.822078705E0,-1.362055206E1,-3.902770996E0,1.531821336E1
3.210745829E1,1.914806366E0,-1.390999603E1,-5.062438965E0,1.492590906E1
3.211750129E1,6.612346649E0,-1.351956940E1,-4.142761230E0,1.560975194E1
3.212754429E1,1.878482819E0,-1.392716980E1,-4.786926270E0,1.484619209E1
3.213758729E1,7.414871216E0,-1.335890198E1,-3.715820312E0,1.572411835E1
3.214763129E1,1.998962402E0,-1.390138245E1,-4.884826660E0,1.486962730E1
3.215767429E1,8.393190384E0,-1.402079010E1,-2.430480957E0,1.652075778E1
3.216771729E1,2.186063766E0,-1.478805542E1,-5.101379395E0,1.579523756E1
3.217776029E1,8.853773117E0,-1.402233887E1,-2.353515625E0,1.674975586E1
3.218780329E1,1.871034622E0,-1.467460632E1,-5.319580078E0,1.572077522E1
3.219784629E1,9.321428299E0,-1.389629364E1,-2.575195312E0,1.693008073E1
3.220789029E1,1.821455002E0,-1.468730927E1,-4.940673828E0,1.560272443E1
3.221793329E1,9.669504166E0,-1.438652802E1,-2.523376465E0,1.751681843E1
3.222797629E1,1.724184036E0,-1.548596191E1,-5.293701172E0,1.645633918E1
3.223801929E1,1.013062096E1,-1.426334381E1,-2.526245117E0,1.767637893E1
3.224806229E1,1.722160339E0,-1.528356171E1,-5.909362793E0,1.647645785E1
3.225810629E1,1.047047234E1,-1.410847473E1,-2.260131836E0,1.771406351E1
3.226814929E1,2.270666122E0,-1.529895782E1,-6.010498047E0,1.659337584E1
3.227819229E1,1.079693794E1,-1.417599487E1,-1.798339844E0,1.790996164E1
3.228823529E1,2.874952316E0,-1.560649872E1,-5.720947266E0,1.686882897E1
3.229827829E1,1.110445595E1,-1.442200470E1,-1.901062012E0,1.830074311E1
3.230832129E1,3.390752792E0,-1.593535614E1,-5.180480957E0,1.709591070E1
3.231836529E1,1.061273766E1,-1.422519684E1,-2.626159668E0,1.794110198E1
3.232840829E1,3.441537857E0,-1.557013702E1,-5.968322754E0,1.702628046E1
3.233845129E1,9.758405685E0,-1.435054779E1,-2.545349121E0,1.753976926E1
3.234849429E1,3.636466980E0,-1.570519257E1,-5.977661133E0,1.719329515E1
3.235853729E1,9.051050186E0,-1.448919678E1,-2.991333008E0,1.734377139E1
3.236858029E1,4.323356628E0,-1.567034149E1,-5.518066406E0,1.716683057E1
3.237862429E1,8.520372391E0,-1.454005432E1,-3.643859863E0,1.724203120E1
3.238866729E1,5.059299469E0,-1.559936523E1,-4.977416992E0,1.713801000E1
3.239871029E1,7.883424759E0,-1.476526642E1,-3.736083984E0,1.714992134E1
3.240875329E1,5.902559280E0,-1.568126678E1,-4.585327148E0,1.737145817E1
3.241879592E1,7.159364700E0,-1.512143707E1,-3.940124512E0,1.718833742E1
3.242883892E1,6.707677841E0,-1.535430145E1,-4.400207520E0,1.732366420E1
3.243888292E1,6.707677841E0,-1.535430145E1,-4.400207520E0,1.732366420E1
3.244892592E1,6.447084427E0,-1.529570007E1,-3.923645020E0,1.705632811E1
3.245896892E1,7.535852432E0,-1.514714813E1,-3.770019531E0,1.733315366E1
3.246901192E1,6.075269699E0,-1.544865417E1,-4.135986328E0,1.710778187E1
3.247905492E1,8.377222061E0,-1.497019196E1,-2.988891602E0,1.741315507E1
3.248909792E1,5.554380417E0,-1.553473663E1,-4.756164551E0,1.716974913E1
3.249914192E1,8.968374252E0,-1.467419434E1,-2.715087891E0,1.741078454E1
3.250918492E1,4.709711075E0,-1.564821625E1,-4.872741699E0,1.705261452E1
3.251922792E1,9.604745865E0,-1.466092682E1,-2.779724121E0,1.774600757E1
3.252927092E1,4.193655014E0,-1.570360565E1,-5.020874023E0,1.701173562E1
3.253931392E1,1.010766792E1,-1.438585663E1,-2.360107422E0,1.773944556E1
3.254935792E1,3.680936813E0,-1.570988464E1,-5.248474121E0,1.696750577E1
3.255940092E1,1.059364891E1,-1.421318054E1,-2.291503906E0,1.787430806E1
3.256944392E1,3.171880722E0,-1.562659454E1,-5.942810059E0,1.701670578E1
3.257948692E1,1.088001442E1,-1.433601379E1,-2.406677246E0,1.815731535E1
3.258952992E1,2.482965469E0,-1.558197784E1,-5.837768555E0,1.682387270E1
3.259957292E1,1.094451714E1,-1.414779663E1,-2.608032227E0,1.807607360E1
3.260961692E1,8.822441101E-2,-2.186690521E1,-8.937988281E-1,2.188534221E1
3.261965992E1,9.008329391E0,-2.052555084E1,1.533020020E0,2.246771876E1
3.262970292E1,-8.816738129E-1,-2.194139099E1,-7.677612305E-1,2.197251566E1
3.263974592E1,8.408956528E0,-2.100460052E1,1.124938965E0,2.265323996E1
3.264978892E1,1.444032669E1,-2.170861053E1,-6.531372070E0,2.687834867E1
3.265983192E1,2.404822159E1,-2.110050964E1,-4.937744141E0,3.237174363E1
3.266987592E1,1.668970108E1,-2.204010010E1,-7.805603027E0,2.872698336E1
3.267991892E1,2.638483810E1,-2.176017761E1,-6.971679688E0,3.490371512E1
3.268996192E1,1.890331650E1,-2.237610626E1,-9.501708984E0,3.079460959E1
3.270000492E1,2.848867035E1,-2.239511871E1,-9.950073242E0,3.757857951E1
3.271004792E1,2.279608536E1,-2.245961761E1,-1.001904297E1,3.353322461E1
3.272009192E1,3.137085342E1,-2.273519897E1,-1.127307129E1,4.034974415E1
3.273013492E1,2.279749489E1,-2.301542664E1,-1.154010010E1,3.438909052E1
3.274017792E1,3.063163757E1,-2.369597626E1,-1.287384033E1,4.081093329E1
3.275022092E1,2.227103424E1,-2.383958435E1,-1.274481201E1,3.502506219E1
3.276026392E1,2.849662399E1,-2.475134659E1,-1.366381836E1,4.014208103E1
3.277030692E1,2.161807251E1,-2.489456940E1,-1.312695312E1,3.548799153E1
3.278035092E1,2.627612305E1,-2.570535278E1,-1.412591553E1,3.937945268E1
3.279039392E1,2.102617836E1,-2.594709396E1,-1.296221924E1,3.582416767E1
3.280043692E1,2.444442368E1,-2.654040909E1,-1.396380615E1,3.868993468E1
3.281047992E1,2.036117744E1,-2.685143280E1,-1.305981445E1,3.614050005E1
3.282052292E1,2.220923615E1,-2.716313934E1,-1.336096191E1,3.754466157E1
3.283056592E1,1.951250839E1,-2.774455261E1,-1.370971680E1,3.658489467E1
3.284060992E1,1.961988449E1,-2.796000671E1,-1.291186523E1,3.651599796E1
3.285065292E1,1.819788361E1,-2.901313782E1,-1.421542358E1,3.708103830E1
3.286069592E1,1.723497009E1,-2.897142792E1,-1.319943237E1,3.620238728E1
3.287073892E1,1.873337555E1,-2.986738968E1,-1.404269409E1,3.794993522E1
3.288078192E1,1.642574120E1,-2.927710342E1,-1.297805786E1,3.599143988E1
3.289082492E1,1.900437355E1,-3.072180557E1,-1.401388550E1,3.874770365E1
3.290086892E1,1.550138283E1,-2.911181259E1,-1.218234253E1,3.515963554E1
3.291091192E1,1.848874855E1,-3.173759460E1,-1.468014526E1,3.955521962E1
3.292095492E1,1.419020653E1,-2.926638794E1,-1.101901245E1,3.434096766E1
3.293099792E1,1.255560112E1,-2.935746765E1,-1.114874268E1,3.382009003E1
3.294104092E1,1.590108299E1,-3.283781433E1,-1.493164062E1,3.942233354E1
3.295108492E1,1.102393723E1,-2.938421631E1,-1.066366577E1,3.314623852E1
3.296112792E1,1.465967560E1,-3.354789352E1,-1.475930786E1,3.947409805E1
3.297117092E1,1.046323586E1,-2.949166489E1,-1.033761597E1,3.295609058E1
3.298121392E1,1.455942345E1,-3.462620163E1,-1.454818726E1,4.028151441E1
3.299125692E1,9.377840042E0,-2.925244904E1,-8.774261475E0,3.194741496E1
3.300129992E1,1.362760544E1,-3.517976379E1,-1.374575806E1,4.015312286E1
3.301134392E1,9.217184067E0,-2.932749176E1,-7.987762451E0,3.176259756E1
3.302138692E1,1.368093491E1,-3.580951309E1,-1.423843384E1,4.089281362E1
3.303142992E1,9.499334335E0,-2.929788208E1,-8.050750732E0,3.183422426E1
3.304147292E1,1.298596001E1,-3.621196365E1,-1.452261353E1,4.111991941E1
3.305151592E1,8.800418854E0,-2.923466492E1,-8.314361572E0,3.164240214E1
3.306155892E1,8.802312851E0,-3.575835800E1,-1.414086914E1,3.944749749E1
3.307160292E1,5.660181046E0,-2.868539810E1,-8.547546387E0,3.046227606E1
3.308164592E1,7.635311127E0,-3.551741791E1,-1.458837891E1,3.914850891E1
3.309168892E1,5.246925354E0,-2.880496216E1,-8.645202637E0,3.052860297E1
3.310173192E1,7.421338081E0,-3.535961914E1,-1.465686035E1,3.898977404E1
3.311177492E1,5.252694130E0,-2.910408401E1,-7.926513672E0,3.061810120E1
3.312181892E1,7.063281059E0,-3.512335968E1,-1.420898438E1,3.854134885E1
3.313186192E1,5.425620079E0,-2.950112152E1,-8.505676270E0,3.117851910E1
3.314190492E1,7.085240364E0,-3.509443283E1,-1.367224121E1,3.832427464E1
3.315194792E1,5.314358711E0,-2.994121933E1,-9.291015625E0,3.179688656E1
3.316199092E1,6.380145073E0,-3.466896439E1,-1.349346924E1,3.774542429E1
3.317203392E1,4.923951149E0,-3.056320190E1,-9.829956055E0,3.248049633E1
3.318207792E1,6.032319069E0,-3.411339188E1,-1.315594482E1,3.705659540E1
3.319212092E1,4.797917366E0,-3.120672607E1,-9.835083008E0,3.306975387E1
3.320216392E1,5.786065102E0,-3.377881241E1,-1.302935791E1,3.666402712E1
3.321220692E1,4.737633705E0,-3.175155258E1,-1.054193115E1,3.378962233E1
3.322224992E1,1.507815266E1,-3.481657410E1,-1.161553955E1,3.967953224E1
3.323229392E1,1.403299236E1,-3.403153992E1,-1.096301270E1,3.840909048E1
3.324233692E1,1.456511211E1,-3.442905807E1,-1.087792969E1,3.893368574E1
3.325237992E1,1.433373356E1,-3.454570007E1,-1.101086426E1,3.898846551E1
3.326242292E1,1.448810101E1,-3.401625443E1,-9.878906250E0,3.827013750E1
3.327246592E1,1.474788761E1,-3.526139450E1,-1.110021973E1,3.980051519E1
3.328250892E1,1.446042919E1,-3.348455811E1,-9.949584961E0,3.780626780E1
3.329255292E1,1.475266361E1,-3.554777908E1,-1.171209717E1,4.023007459E1
3.330259592E1,1.422018528E1,-3.291563416E1,-9.506835938E0,3.709491300E1
3.331263892E1,1.439025593E1,-3.574375916E1,-1.242883301E1,4.048668515E1
3.332268192E1,1.401455021E1,-3.236156082E1,-8.723144531E0,3.632865930E1
3.333272492E1,1.450921154E1,-3.628312683E1,-1.342419434E1,4.131817404E1
3.334276792E1,1.516109562E1,-3.429769897E1,-5.541137695E0,3.790640028E1
3.335281192E1,1.567622852E1,-3.877602768E1,-1.065063477E1,4.315970904E1
3.336285492E1,1.505180073E1,-3.400044632E1,-5.793579102E0,3.763180322E1
3.337289792E1,1.582174397E1,-3.908368301E1,-1.114337158E1,4.361234447E1
3.338294092E1,1.515918064E1,-3.386695862E1,-5.728698730E0,3.754450203E1
3.339298392E1,1.776746178E1,-3.932656097E1,-1.117547607E1,4.457748716E1
3.340302692E1,1.353413582E1,-3.367803955E1,-4.487915039E0,3.657218290E1
3.341307092E1,1.506082535E1,-3.939315796E1,-1.157080078E1,4.373251405E1
3.342311458E1,1.506082535E1,-3.939315796E1,-1.157080078E1,4.373251405E1
3.343315758E1,1.382699013E1,-3.350992584E1,-4.426635742E0,3.651980134E1
3.344320058E1,1.191786003E1,-3.812295532E1,-1.095117188E1,4.141646141E1
3.345324358E1,1.013877678E1,-3.228033447E1,-4.028747559E0,3.407411914E1
3.346328758E1,1.385895538E1,-3.797716522E1,-1.049523926E1,4.176704167E1
3.347333058E1,1.090165710E1,-3.198661041E1,-4.046325684E0,3.403471940E1
3.348337358E1,1.523817635E1,-3.757735443E1,-1.073999023E1,4.194766948E1
3.349341658E1,1.153451347E1,-3.173936081E1,-4.284912109E0,3.404104137E1
3.350345958E1,1.599056816E1,-3.698810577E1,-1.046398926E1,4.163307952E1
3.351350258E1,1.145620155E1,-3.170176315E1,-4.587951660E0,3.401904822E1
3.352354658E1,1.688412094E1,-3.646097946E1,-9.806823730E0,4.136000913E1
3.353358958E1,1.492019844E1,-3.207038879E1,-4.979492188E0,3.571998742E1
3.354363258E1,2.051239777E1,-3.643693924E1,-9.020385742E0,4.277588529E1
3.355367558E1,1.557341194E1,-3.233870316E1,-6.039306641E0,3.639774864E1
3.356371858E1,2.107210541E1,-3.607539749E1,-8.346740723E0,4.260441305E1
3.357376258E1,1.882118797E1,-3.300753403E1,-5.235168457E0,3.835546125E1
3.358380558E1,2.364987946E1,-3.594684219E1,-7.272460938E0,4.363921344E1
3.359384858E1,1.957738686E1,-3.331031036E1,-5.643371582E0,3.904738782E1
3.360389158E1,2.339536476E1,-3.548715973E1,-7.206787109E0,4.311170814E1
3.361393458E1,2.098964310E1,-3.343684769E1,-5.724609375E0,3.989184194E1
3.362397758E1,2.395971107E1,-3.490014648E1,-6.363891602E0,4.280872686E1
3.363402158E1,2.183769417E1,-3.373815918E1,-6.497741699E0,4.071079609E1
3.364406458E1,2.384578133E1,-3.464452362E1,-5.324462891E0,4.239356330E1
3.365410758E1,2.390771866E1,-3.340727997E1,-5.651000977E0,4.146756779E1
3.366415058E1,2.459945107E1,-3.354168701E1,-4.680480957E0,4.185791039E1
3.367419358E1,2.483581924E1,-3.392624283E1,-5.320373535E0,4.238058806E1
3.368423758E1,2.447842789E1,-3.339821625E1,-5.013549805E0,4.171054977E1
3.369428058E1,2.456724167E1,-3.331283569E1,-5.647155762E0,4.177540848E1
3.370432358E1,2.308158302E1,-3.223166275E1,-5.133300781E0,3.997487130E1
3.371436658E1,2.567537498E1,-3.395893097E1,-6.315002441E0,4.303850751E1
3.372440958E1,2.300572968E1,-3.249269104E1,-5.204223633E0,4.015124547E1
3.373445258E1,2.505123329E1,-3.327891541E1,-6.861999512E0,4.221537087E1
3.374449658E1,2.135274696E1,-3.136708450E1,-5.389648438E0,3.832599775E1
3.375453958E1,2.576454926E1,-3.414613342E1,-7.103942871E0,4.336169312E1
3.376458258E1,2.153707695E1,-3.166477966E1,-5.609130859E0,3.870356965E1
3.377462558E1,2.659957886E1,-3.504323959E1,-6.558532715E0,4.448123861E1
3.378466858E1,2.183444405E1,-3.232162857E1,-5.511657715E0,3.939300688E1
3.379471258E1,2.569749069E1,-3.522302246E1,-6.562133789E0,4.409176725E1
3.380475558E1,2.087871170E1,-3.212026596E1,-4.391113281E0,3.856052338E1
3.381479858E1,2.666379929E1,-3.597595596E1,-6.538330078E0,4.525458386E1
3.382484158E1,2.136587524E1,-3.273979187E1,-4.717529297E0,3.937828944E1
3.383488458E1,2.718964005E1,-3.684034729E1,-6.533142090E0,4.625115847E1
3.384492758E1,2.202392578E1,-3.354140854E1,-4.960205078E0,4.043121354E1
3.385497158E1,2.552213097E1,-3.685546112E1,-6.065429688E0,4.523818764E1
3.386501458E1,2.044915962E1,-3.361705780E1,-4.692382812E0,3.962692470E1
3.387505758E1,2.656499481E1,-3.750492859E1,-5.273010254E0,4.626146620E1
3.388510058E1,2.182808113E1,-3.430519485E1,-4.135986328E0,4.087074630E1
3.389514358E1,2.613957596E1,-3.804768753E1,-5.480712891E0,4.648593520E1
3.390518658E1,2.179402924E1,-3.501947784E1,-3.945251465E0,4.143559518E1
3.391523058E1,2.179402924E1,-3.501947784E1,-3.945251465E0,4.143559518E1
3.392527358E1,2.717007446E1,-3.864141846E1,-4.706298828E0,4.747126937E1
3.393531658E1,2.198174286E1,-3.599233627E1,-4.684204102E0,4.243332485E1
3.394535958E1,2.659917831E1,-3.915032578E1,-4.875549316E0,4.758187971E1
3.395540258E1,2.306654549E1,-3.670131683E1,-4.816284180E0,4.361477698E1
3.396544658E1,2.674200058E1,-3.975484085E1,-4.617736816E0,4.813424414E1
3.397548958E1,2.382762718E1,-3.780209732E1,-4.516418457E0,4.491271996E1
3.398553258E1,2.679737091E1,-4.023715591E1,-4.538940430E0,4.855645976E1
3.399557558E1,2.491094971E1,-3.858418655E1,-3.813293457E0,4.608509601E1
3.400561858E1,2.725093079E1,-4.048529053E1,-4.145202637E0,4.897810411E1
3.401566158E1,2.622342682E1,-3.916328812E1,-3.414367676E0,4.725557276E1
3.402570558E1,2.609796715E1,-4.111903763E1,-3.487731934E0,4.882666709E1
3.403574858E1,2.572841835E1,-4.023618317E1,-3.141357422E0,4.786198986E1
3.404579158E1,2.667677498E1,-4.137648392E1,-2.773803711E0,4.930879974E1
3.405583458E1,2.696759224E1,-4.108353043E1,-2.552795410E0,4.921000171E1
3.406587758E1,2.423949051E1,-4.163848877E1,-2.993103027E0,4.827292526E1
3.407592158E1,2.481246567E1,-4.156040192E1,-2.323608398E0,4.845951523E1
3.408596458E1,2.472495270E1,-4.183824539E1,-2.874633789E0,4.868290853E1
3.409600758E1,2.573577499E1,-4.228224564E1,-2.389404297E0,4.955630801E1
3.410605058E1,2.554091263E1,-4.219867706E1,-2.982055664E0,4.941618378E1
3.411609358E1,2.677064896E1,-4.266242218E1,-2.066589355E0,5.040853800E1
3.412613658E1,2.247732162E1,-4.243988037E1,-2.838684082E0,4.810853937E1
3.413618058E1,2.370978546E1,-4.317291641E1,-3.067749023E0,4.935043791E1
3.414622358E1,2.299185944E1,-4.275938797E1,-3.229553223E0,4.865614939E1
3.415626658E1,2.428094864E1,-4.375020218E1,-3.665283203E0,5.017049889E1
3.416630958E1,2.345800400E1,-4.311141205E1,-4.041381836E0,4.924636603E1
3.417635258E1,2.482268143E1,-4.434498596E1,-3.535034180E0,5.094251427E1
3.418639658E1,2.363805771E1,-4.380470276E1,-4.078002930E0,4.994236542E1
3.419643958E1,2.470009232E1,-4.503296661E1,-4.337158203E0,5.154486962E1
3.420648258E1,2.301217270E1,-4.462854385E1,-3.923950195E0,5.036530953E1
3.421652558E1,2.424701309E1,-4.578141022E1,-4.540893555E0,5.200456595E1
3.422656858E1,2.309030914E1,-4.518185425E1,-4.431945801E0,5.093333362E1
3.423661158E1,2.421517563E1,-4.637530136E1,-5.276489258E0,5.258217042E1
3.424665558E1,2.435107040E1,-4.593534470E1,-4.776977539E0,5.220967378E1
3.425669858E1,2.542639542E1,-4.693138123E1,-4.838317871E0,5.359538644E1
3.426674158E1,2.468490219E1,-4.614030457E1,-5.159667969E0,5.258226198E1
3.427678458E1,2.581037521E1,-4.704714584E1,-5.622314453E0,5.395572092E1
3.428682758E1,2.498828506E1,-4.629870987E1,-5.776855469E0,5.292784697E1
3.429687158E1,2.608683395E1,-4.716603088E1,-6.363708496E0,5.427388102E1
3.430691458E1,2.517401314E1,-4.653730011E1,-5.454589844E0,5.319026029E1
3.431695758E1,2.596832848E1,-4.728148651E1,-6.114135742E0,5.428881751E1
3.432700058E1,2.537741280E1,-4.682630157E1,-6.039489746E0,5.360215514E1
3.433704358E1,2.615825844E1,-4.761901093E1,-6.386596680E0,5.470478318E1
3.434708658E1,2.535623741E1,-4.709545898E1,-6.685607910E0,5.390378823E1
3.435713058E1,2.595660591E1,-4.766948318E1,-6.817321777E0,5.470466976E1
3.436717358E1,2.462353134E1,-4.698802567E1,-7.273803711E0,5.354531793E1
3.437721658E1,2.509862900E1,-4.768468857E1,-7.804382324E0,5.444886670E1
3.438725958E1,2.440809250E1,-4.738364410E1,-7.503479004E0,5.382626594E1
3.439730258E1,2.475878143E1,-4.773694992E1,-8.440917969E0,5.443402192E1
3.440734658E1,2.475878143E1,-4.773694992E1,-8.440917969E0,5.443402192E1
3.441738867E1,2.465100098E1,-4.748920822E1,-8.140930176E0,5.412182084E1
3.442743167E1,2.585216522E1,-4.794751358E1,-8.862243652E0,5.518911005E1
3.443747467E1,2.559458923E1,-4.778648758E1,-9.099365234E0,5.496753443E1
3.444751767E1,2.591384125E1,-4.790596008E1,-9.112609863E0,5.522271125E1
3.445756067E1,2.577539062E1,-4.762967682E1,-9.615295410E0,5.500373425E1
3.446760467E1,2.591904831E1,-4.772421646E1,-9.778686523E0,5.518170541E1
3.447764767E1,2.589643478E1,-4.765788651E1,-9.655273438E0,5.509195754E1
3.448769067E1,2.552139854E1,-4.725789261E1,-1.046148682E1,5.471830502E1
3.449773367E1,2.585301018E1,-4.719841003E1,-1.021801758E1,5.477660019E1
3.450777667E1,2.590933800E1,-4.698884583E1,-1.084674072E1,5.474392397E1
3.451782067E1,2.599074364E1,-4.695693970E1,-1.083209229E1,5.475223433E1
3.452786367E1,2.592276573E1,-4.675583267E1,-1.082373047E1,5.454585973E1
3.453790667E1,2.625201988E1,-4.687899399E1,-1.154547119E1,5.495549591E1
3.454794967E1,2.596188927E1,-4.667726898E1,-1.156475830E1,5.464916073E1
3.455799267E1,2.557005501E1,-4.654516220E1,-1.240765381E1,5.453649888E1
3.456803567E1,2.497422981E1,-4.639101028E1,-1.246899414E1,5.414160881E1
3.457807967E1,2.508209419E1,-4.668130875E1,-1.235198975E1,5.441348809E1
3.458812267E1,2.476910210E1,-4.637187195E1,-1.274035645E1,5.409413655E1
3.459816567E1,2.488230705E1,-4.665602493E1,-1.289080811E1,5.442505673E1
3.460820867E1,2.447015572E1,-4.644921875E1,-1.324310303E1,5.414515880E1
3.461825167E1,2.483979797E1,-4.675859070E1,-1.397167969E1,5.475937546E1
3.462829567E1,2.434595108E1,-4.644454956E1,-1.317681885E1,5.406893815E1
3.463833867E1,2.453680801E1,-4.672527695E1,-1.406622314E1,5.461835851E1
3.464838167E1,2.405092621E1,-4.649351120E1,-1.385644531E1,5.414882004E1
3.465842467E1,2.411106873E1,-4.681930161E1,-1.435705566E1,5.458494010E1
3.466846767E1,2.355008698E1,-4.649947739E1,-1.466723633E1,5.414735280E1
3.467851067E1,2.328023148E1,-4.677277374E1,-1.499499512E1,5.435541757E1
3.468855467E1,2.293866730E1,-4.652064133E1,-1.491992188E1,5.397181297E1
3.469859767E1,2.333078766E1,-4.675645065E1,-1.507061768E1,5.438395763E1
3.470864067E1,2.295580673E1,-4.668294525E1,-1.435162354E1,5.396513262E1
3.471868367E1,2.315205765E1,-4.704134369E1,-1.472784424E1,5.445929843E1
3.472872667E1,2.272747803E1,-4.679913330E1,-1.454431152E1,5.402068245E1
3.473877067E1,2.289366150E1,-4.714731979E1,-1.503265381E1,5.452495008E1
3.474881367E1,2.244412994E1,-4.692709351E1,-1.516198730E1,5.418281031E1
3.475885667E1,2.248452377E1,-4.742918396E1,-1.505468750E1,5.460517298E1
3.476889967E1,2.222666931E1,-4.731177139E1,-1.495202637E1,5.436903193E1
3.477894267E1,2.206515312E1,-4.728803253E1,-1.457733154E1,5.418050939E1
3.478898667E1,2.158439445E1,-4.735205460E1,-1.426470947E1,5.395910576E1
3.479902967E1,2.134428978E1,-4.756703568E1,-1.522088623E1,5.431276983E1
3.480907267E1,2.072820854E1,-4.779615402E1,-1.467242432E1,5.412403352E1
3.481911567E1,2.030942345E1,-4.793468094E1,-1.526800537E1,5.425235760E1
3.482915867E1,1.976855659E1,-4.780663300E1,-1.515173340E1,5.390589034E1
3.483920167E1,1.953907204E1,-4.819678879E1,-1.494146729E1,5.411056487E1
3.484924567E1,1.905103874E1,-4.833467102E1,-1.516064453E1,5.412049189E1
3.485928867E1,1.890466690E1,-4.825152588E1,-1.514587402E1,5.399068142E1
3.486933167E1,1.877481842E1,-4.841689682E1,-1.523413086E1,5.411809723E1
3.487937467E1,1.854375458E1,-4.858418274E1,-1.569512939E1,5.431970851E1
3.488941767E1,1.825386429E1,-4.884696960E1,-1.535028076E1,5.435863428E1
3.489946167E1,1.825386429E1,-4.884696960E1,-1.535028076E1,5.435863428E1
3.490950467E1,1.805344391E1,-4.886464691E1,-1.569140625E1,5.440497022E1
3.491954767E1,1.771475410E1,-4.897423553E1,-1.530230713E1,5.428120174E1
3.492959067E1,1.759932137E1,-4.878134918E1,-1.515917969E1,5.402922236E1
3.493963367E1,1.737372398E1,-4.891383743E1,-1.561083984E1,5.420431808E1
3.494967667E1,1.706583977E1,-4.893257141E1,-1.543096924E1,5.407175088E1
3.495972067E1,1.689211845E1,-4.920381927E1,-1.612652588E1,5.446489084E1
3.496976367E1,1.668954659E1,-4.910804367E1,-1.636700439E1,5.438768014E1
3.497980667E1,1.588804436E1,-4.953135300E1,-1.619384766E1,5.447958870E1
3.498984967E1,1.586919403E1,-4.932463455E1,-1.623461914E1,5.429837706E1
3.499989267E1,1.580645752E1,-4.972088623E1,-1.621295166E1,5.463396772E1
3.500993667E1,1.520374298E1,-4.974975204E1,-1.613037109E1,5.446448844E1
3.501997967E1,1.468613625E1,-5.045923615E1,-1.646221924E1,5.507106112E1
3.503002267E1,1.468525887E1,-5.045085526E1,-1.447430420E1,5.450184498E1
3.504006567E1,1.394206047E1,-5.116746521E1,-1.467926025E1,5.502700453E1
3.505010867E1,1.283269691E1,-5.130778122E1,-1.356671143E1,5.460056944E1
3.506015267E1,1.241174698E1,-5.192999649E1,-1.360516357E1,5.509878832E1
3.507019567E1,1.145040131E1,-5.188603973E1,-1.347833252E1,5.481731713E1
3.508023867E1,1.121446228E1,-5.255342865E1,-1.370812988E1,5.545755000E1
3.509028167E1,1.117359734E1,-5.239097214E1,-1.400494385E1,5.536968206E1
3.510032467E1,1.119723511E1,-5.278380966E1,-1.437994385E1,5.584166385E1
3.511036767E1,1.128106308E1,-5.260871887E1,-1.351690674E1,5.547653967E1
3.512041167E1,1.135712242E1,-5.281659317E1,-1.442462158E1,5.591642381E1
3.513045467E1,1.117183495E1,-5.260823822E1,-1.407189941E1,5.559186072E1
3.514049767E1,1.129807854E1,-5.270977402E1,-1.469500732E1,5.587405566E1
3.515054067E1,1.151788139E1,-5.216934967E1,-1.471667480E1,5.541554975E1
3.516058367E1,1.171522141E1,-5.238082886E1,-1.484942627E1,5.569114027E1
3.517062767E1,1.163058090E1,-5.204339218E1,-1.493792725E1,5.537984067E1
3.518067067E1,1.161342239E1,-5.237609100E1,-1.562329102E1,5.587677255E1
3.519071367E1,1.203294945E1,-5.197804642E1,-1.495281982E1,5.540844703E1
3.520075667E1,1.208954048E1,-5.215696335E1,-1.552630615E1,5.574560070E1
3.521079967E1,1.207358742E1,-5.233855820E1,-1.491809082E1,5.574626105E1
3.522084367E1,1.209179497E1,-5.268768311E1,-1.538439941E1,5.620394294E1
3.523088667E1,1.255368805E1,-5.269900513E1,-1.513214111E1,5.624732811E1
3.524092967E1,1.287760162E1,-5.321888351E1,-1.419415283E1,5.656461934E1
3.525097267E1,1.311577988E1,-5.353391647E1,-1.367919922E1,5.678929816E1
3.526101567E1,1.346437073E1,-5.388997269E1,-1.324017334E1,5.710271995E1
3.527105867E1,1.390743637E1,-5.424588013E1,-1.273901367E1,5.743095652E1
3.528110267E1,1.447981644E1,-5.443335724E1,-1.245068359E1,5.768600338E1
3.529114567E1,1.485602379E1,-5.509930420E1,-1.215216064E1,5.834646326E1
3.530118867E1,1.551239967E1,-5.523722076E1,-1.198986816E1,5.861349708E1
3.531123167E1,1.577541542E1,-5.557759094E1,-1.153887939E1,5.891415861E1
3.532127467E1,1.640659523E1,-5.564377975E1,-1.143035889E1,5.912748681E1
3.533131867E1,1.672446251E1,-5.599664688E1,-1.187371826E1,5.963486642E1
3.534136167E1,1.695879173E1,-5.593044281E1,-1.132934570E1,5.953292471E1
3.535140467E1,1.653600121E1,-5.642591476E1,-1.146496582E1,5.990633217E1
3.536144767E1,1.680149269E1,-5.642657471E1,-1.132452393E1,5.995409354E1
3.537149067E1,1.699468422E1,-5.652277756E1,-1.146185303E1,6.012501767E1
3.538153367E1,1.733128929E1,-5.642848969E1,-1.144018555E1,6.012841160E1
3.539157767E1,1.733128929E1,-5.642848969E1,-1.144018555E1,6.012841160E1
3.540162067E1,1.760649681E1,-5.651968765E1,-1.168151855E1,6.034005053E1
3.541166367E1,1.800675774E1,-5.624590302E1,-1.160937500E1,6.018822574E1
3.542170692E1,1.848409081E1,-5.654722214E1,-1.213269043E1,6.071616030E1
3.543174992E1,1.916238213E1,-5.637084198E1,-1.095141602E1,6.053761002E1
3.544179392E1,1.973219490E1,-5.649819183E1,-1.171923828E1,6.098151968E1
3.545183692E1,2.014563179E1,-5.649373245E1,-1.021954346E1,6.084264422E1
3.546187992E1,2.070621681E1,-5.680113220E1,-1.070812988E1,6.139853483E1
3.547192292E1,2.117122841E1,-5.666156006E1,-1.005102539E1,6.131701568E1
3.548196592E1,2.190817833E1,-5.712973785E1,-1.014715576E1,6.202209280E1
3.549200992E1,2.249977303E1,-5.699527740E1,-9.291625977E0,6.197609011E1
3.550205292E1,2.313727379E1,-5.714266205E1,-9.472717285E0,6.237266739E1
3.551209592E1,2.362017632E1,-5.716768646E1,-8.060485840E0,6.237810943E1
3.552213892E1,2.445851517E1,-5.673302841E1,-1.095074463E1,6.274371909E1
3.553218192E1,2.494190979E1,-5.664191055E1,-9.712768555E0,6.264776746E1
3.554222492E1,2.559598923E1,-5.663573456E1,-1.051684570E1,6.303463442E1
3.555226892E1,2.584767532E1,-5.654410553E1,-9.700256348E0,6.292402691E1
3.556231192E1,2.659520340E1,-5.647728729E1,-1.035156250E1,6.327830331E1
3.557235492E1,2.694573975E1,-5.648706818E1,-9.806518555E0,6.334847723E1
3.558239792E1,2.782046509E1,-5.658567047E1,-1.058502197E1,6.393714938E1
3.559244092E1,2.806516266E1,-5.658604431E1,-9.643310547E0,6.389543962E1
3.560248492E1,2.903305054E1,-5.635406494E1,-1.069952393E1,6.428980068E1
3.561252792E1,2.935577774E1,-5.631761169E1,-9.492980957E0,6.421488738E1
3.562257092E1,3.060311890E1,-5.622749329E1,-1.022747803E1,6.482810497E1
3.563261392E1,3.099733353E1,-5.615206909E1,-9.591918945E0,6.485286777E1
3.564265692E1,3.208620453E1,-5.624598694E1,-9.745971680E0,6.548373486E1
3.565270092E1,3.227035904E1,-5.612838364E1,-9.355590820E0,6.541634812E1
3.566274392E1,3.318638992E1,-5.605770874E1,-9.044616699E0,6.576935667E1
3.567278692E1,3.348244476E1,-5.605723572E1,-8.530151367E0,6.585021842E1
3.568282992E1,3.466921234E1,-5.688570404E1,-8.625244141E0,6.717389705E1
3.569287292E1,3.464848328E1,-5.693116379E1,-8.094970703E0,6.713570849E1
3.570291692E1,3.532993317E1,-5.683834839E1,-8.316040039E0,6.743855386E1
3.571295992E1,3.553907776E1,-5.684408951E1,-8.092285156E0,6.752600713E1
3.572300292E1,3.629185486E1,-5.684315872E1,-7.632751465E0,6.787121862E1
3.573304592E1,3.675738525E1,-5.658951187E1,-8.546875000E0,6.801858053E1
3.574308892E1,3.691514587E1,-5.654758072E1,-8.039550781E0,6.800728826E1
3.575313192E1,3.747972107E1,-5.635127640E1,-9.026794434E0,6.827648835E1
3.576317592E1,3.758825684E1,-5.628237152E1,-8.312011719E0,6.818850295E1
3.577321892E1,3.832266998E1,-5.616893768E1,-8.939758301E0,6.858203754E1
3.578326192E1,3.821102905E1,-5.592825699E1,-8.477111816E0,6.826356346E1
3.579330492E1,3.894285583E1,-5.592369080E1,-9.057373047E0,6.874620876E1
3.580334792E1,3.850452423E1,-5.569190979E1,-8.306640625E0,6.821427622E1
3.581339192E1,3.928214264E1,-5.581902695E1,-9.524841309E0,6.891714664E1
3.582343492E1,3.871354675E1,-5.560321808E1,-7.628234863E0,6.818098364E1
3.583347792E1,3.964268494E1,-5.574635315E1,-9.504516602E0,6.906181430E1
3.584352092E1,3.897887421E1,-5.545497131E1,-7.751525879E0,6.822530785E1
3.585356392E1,3.996475220E1,-5.556130219E1,-8.751708984E0,6.899878353E1
3.586360792E1,4.508016205E1,-5.582310486E1,-6.831237793E0,7.207708274E1
3.587365092E1,4.508016205E1,-5.582310486E1,-6.831237793E0,7.207708274E1
3.588369392E1,4.618992996E1,-5.600907898E1,-8.273254395E0,7.306827832E1
3.589373692E1,4.536562729E1,-5.577822876E1,-6.828247070E0,7.222102118E1
3.590377992E1,4.658537292E1,-5.591323853E1,-8.284729004E0,7.324700641E1
3.591382292E1,4.564651108E1,-5.555152512E1,-6.112915039E0,7.215915497E1
3.592386692E1,4.700049973E1,-5.574248123E1,-8.328002930E0,7.338683002E1
3.593390992E1,4.582976151E1,-5.537376785E1,-6.289001465E0,7.215381310E1
3.594395292E1,4.697695160E1,-5.573348999E1,-8.283813477E0,7.335991721E1
3.595399592E1,4.575364685E1,-5.536814117E1,-6.877075195E0,7.215484336E1
3.596403892E1,4.699918365E1,-5.577074051E1,-7.925781250E0,7.336291140E1
3.597408292E1,4.585119629E1,-5.534210968E1,-6.213256836E0,7.213657786E1
3.598412592E1,4.692077637E1,-5.588677979E1,-7.550720215E0,7.336146663E1
3.599416892E1,4.567245483E1,-5.567413712E1,-5.938598633E0,7.225544705E1
3.600421192E1,4.688941193E1,-5.599766159E1,-7.865417480E0,7.345896709E1
3.601425492E1,4.576917267E1,-5.575448990E1,-6.293457031E0,7.240847956E1
3.602429892E1,4.666226959E1,-5.601457977E1,-7.798706055E0,7.331998613E1
3.603434192E1,4.591674423E1,-5.576975250E1,-6.667236328E0,7.254698295E1
3.604438492E1,4.669672775E1,-5.593322754E1,-7.496215820E0,7.324823259E1
3.605442792E1,4.606483459E1,-5.586048126E1,-6.691345215E0,7.271269802E1
3.606447092E1,4.680215454E1,-5.595494080E1,-6.882263184E0,7.327184054E1
3.607451392E1,4.615220642E1,-5.582234573E1,-6.450622559E0,7.271706108E1
3.608455792E1,4.680600739E1,-5.600079727E1,-6.813842773E0,7.330293361E1
3.609460092E1,4.631912613E1,-5.612401581E1,-5.817504883E0,7.300143806E1
3.610464392E1,4.665943909E1,-5.624766541E1,-6.026062012E0,7.332950663E1
3.611468692E1,4.607034683E1,-5.640976715E1,-5.696228027E0,7.305467611E1
3.612472992E1,4.602570724E1,-5.640430450E1,-5.220031738E0,7.298671129E1
3.613477392E1,4.591584015E1,-5.655276489E1,-5.622680664E0,7.306226202E1
3.614481692E1,4.553318405E1,-5.659999847E1,-5.124633789E0,7.282233551E1
3.615485992E1,4.562084198E1,-5.664793396E1,-6.027282715E0,7.298340758E1
3.616490292E1,4.528516006E1,-5.668069458E1,-5.271667480E0,7.274089179E1
3.617494592E1,4.529759979E1,-5.675002289E1,-6.008056641E0,7.285968974E1
3.618498992E1,4.470939636E1,-5.671578217E1,-5.893066406E0,7.245921819E1
3.619503292E1,4.466450882E1,-5.689425278E1,-6.647521973E0,7.263651902E1
3.620507592E1,4.401130295E1,-5.676008606E1,-6.200073242E0,7.209121351E1
3.621511892E1,4.404000473E1,-5.679892731E1,-7.591735840E0,7.227222574E1
3.622516192E1,4.323003006E1,-5.685733032E1,-6.008117676E0,7.167767427E1
3.623520492E1,4.344669724E1,-5.709851837E1,-7.134826660E0,7.210244138E1
3.624524892E1,4.260774994E1,-5.709909058E1,-5.706726074E0,7.147232487E1
3.625529192E1,4.273475266E1,-5.747294235E1,-6.844421387E0,7.194612075E1
3.626533492E1,4.184914017E1,-5.748288727E1,-5.959533691E0,7.135228730E1
3.627537792E1,4.029346085E1,-5.799588776E1,-6.997680664E0,7.096515707E1
3.628542092E1,3.960082626E1,-5.783617020E1,-5.650451660E0,7.032194272E1
3.629546492E1,3.966171646E1,-5.832438660E1,-6.937561035E0,7.087253049E1
3.630550792E1,3.906544495E1,-5.845534515E1,-5.671997070E0,7.053586263E1
3.631555092E1,3.889222717E1,-5.849582672E1,-6.884826660E0,7.058164008E1
3.632559392E1,3.841714859E1,-5.848516846E1,-5.656799316E0,7.020250433E1
3.633563692E1,3.815368652E1,-5.890403748E1,-7.286010742E0,7.055831190E1
3.634568092E1,3.746947098E1,-5.897923660E1,-6.240173340E0,7.015305673E1
3.635572392E1,3.702567673E1,-5.933843613E1,-7.156494141E0,7.030765355E1
3.636576692E1,3.702567673E1,-5.933843613E1,-7.156494141E0,7.030765355E1
3.637580992E1,3.619284058E1,-5.913409424E1,-6.489257812E0,6.963385152E1
3.638585292E1,3.556237411E1,-5.954180527E1,-7.647766113E0,6.977390167E1
3.639589692E1,3.152746010E1,-5.982838440E1,-8.101135254E0,6.811053305E1
3.640593992E1,3.085832787E1,-5.987551117E1,-9.582763672E0,6.803780270E1
3.641598292E1,3.004660225E1,-5.983925247E1,-8.798278809E0,6.753476255E1
3.642602654E1,2.950538826E1,-5.983511353E1,-1.034313965E1,6.751140115E1
3.643606954E1,2.877113533E1,-5.967757416E1,-9.861083984E0,6.698083355E1
3.644611254E1,2.832725716E1,-5.970373535E1,-1.048449707E1,6.690959716E1
3.645615654E1,2.758656502E1,-5.948686600E1,-1.055755615E1,6.641662283E1
3.646619954E1,2.710410309E1,-5.963103485E1,-1.178039551E1,6.655276433E1
3.647624254E1,2.615262604E1,-5.949060822E1,-1.220849609E1,6.612215734E1
3.648628554E1,2.560767365E1,-5.942250824E1,-1.292956543E1,6.598455196E1
3.649632854E1,2.493574524E1,-5.936837006E1,-1.251849365E1,6.559807495E1
3.650637254E1,2.462429047E1,-5.913840866E1,-1.317706299E1,6.540139180E1
3.651641554E1,2.396608353E1,-5.909163666E1,-1.319836426E1,6.511828853E1
3.652645854E1,2.266144371E1,-5.873815918E1,-1.388983154E1,6.447200784E1
3.653650154E1,2.190520668E1,-5.859426117E1,-1.436273193E1,6.418265802E1
3.654654454E1,2.156773567E1,-5.842964935E1,-1.434814453E1,6.391447721E1
3.655658854E1,2.075617790E1,-5.827311325E1,-1.511755371E1,6.367978548E1
3.656663154E1,2.042852974E1,-5.808554077E1,-1.520812988E1,6.342351369E1
3.657667454E1,1.968044853E1,-5.810992432E1,-1.568792725E1,6.332609588E1
3.658671754E1,1.925706673E1,-5.788026810E1,-1.592810059E1,6.304493986E1
3.659676054E1,1.870916176E1,-5.788570786E1,-1.650048828E1,6.303216656E1
3.660680354E1,1.829394722E1,-5.750482178E1,-1.647546387E1,6.255328882E1
3.661684754E1,1.785342598E1,-5.746525574E1,-1.727331543E1,6.260485494E1
3.662689054E1,1.570419502E1,-5.802626801E1,-1.727508545E1,6.254676728E1
3.663693354E1,1.499864388E1,-5.794427490E1,-1.809362793E1,6.252901473E1
3.664697654E1,1.442413139E1,-5.755194855E1,-1.767364502E1,6.190831993E1
3.665701954E1,1.372450066E1,-5.754080200E1,-1.829394531E1,6.191909438E1
3.666706354E1,1.334089851E1,-5.711461639E1,-1.845373535E1,6.148657843E1
3.667710654E1,1.250750160E1,-5.720205307E1,-1.893847656E1,6.154005497E1
3.668714954E1,9.117086411E0,-5.699545288E1,-1.926647949E1,6.085063801E1
3.669719254E1,8.276443481E0,-5.703996658E1,-1.998187256E1,6.100272564E1
3.670723554E1,8.052263260E0,-5.653433609E1,-1.934387207E1,6.029225064E1
3.671727954E1,7.603866577E0,-5.663177872E1,-2.017718506E1,6.059782128E1
3.672732254E1,7.433742523E0,-5.645576477E1,-1.975738525E1,6.027327912E1
3.673736554E1,6.890195847E0,-5.642828751E1,-2.082269287E1,6.054098585E1
3.674740854E1,3.840564728E0,-5.631712723E1,-2.041961670E1,6.002773944E1
3.675745154E1,3.271013260E0,-5.633512878E1,-2.081610107E1,6.014695609E1
3.676749454E1,2.861251831E0,-5.598289871E1,-2.058178711E1,5.971500373E1
3.677753854E1,2.315227509E0,-5.605655289E1,-2.136395264E1,6.003428914E1
3.678758154E1,1.859447479E0,-5.567880630E1,-2.109429932E1,5.956976146E1
3.679762454E1,1.267206192E0,-5.557615662E1,-2.240698242E1,5.993653191E1
3.680766754E1,-6.748027802E-1,-5.555752945E1,-2.207843018E1,5.978755319E1
3.681771054E1,-9.496898651E-1,-5.533412552E1,-2.301141357E1,5.993573652E1
3.682775454E1,-1.090244293E0,-5.521702194E1,-2.230914307E1,5.956346203E1
3.683779754E1,-1.550535202E0,-5.499966049E1,-2.270703125E1,5.952290384E1
3.684784054E1,-1.820781708E0,-5.502795029E1,-2.265753174E1,5.953783926E1
3.685788354E1,-1.820781708E0,-5.502795029E1,-2.265753174E1,5.953783926E1
3.686792654E1,-3.292213440E0,-5.464105225E1,-2.311010742E1,5.941851837E1
3.687797054E1,-3.568019867E0,-5.458581543E1,-2.300762939E1,5.934385412E1
3.688801354E1,-3.680301666E0,-5.433285904E1,-2.343029785E1,5.928391898E1
3.689805654E1,-4.000188828E0,-5.438149643E1,-2.292901611E1,5.915309328E1
3.690809954E1,-3.972946167E0,-5.426124954E1,-2.367913818E1,5.933606903E1
3.691814254E1,-4.308380127E0,-5.430266190E1,-2.337927246E1,5.927842448E1
3.692818554E1,-4.522310257E0,-5.401549911E1,-2.352795410E1,5.909052427E1
3.693822954E1,-4.922702789E0,-5.404726028E1,-2.372161865E1,5.922883199E1
3.694827254E1,-5.114095688E0,-5.384254456E1,-2.353295898E1,5.898282578E1
3.695831554E1,-5.597326279E0,-5.370460510E1,-2.404931641E1,5.910908805E1
3.696835854E1,-5.921531677E0,-5.348130035E1,-2.384338379E1,5.885423498E1
3.697840154E1,-6.391695023E0,-5.339837265E1,-2.376110840E1,5.879481473E1
3.698844554E1,-6.564455032E0,-5.317736435E1,-2.407598877E1,5.874161544E1
3.699848854E1,-7.593046188E0,-5.321179199E1,-2.423065186E1,5.895993255E1
3.700853154E1,-7.613706589E0,-5.280352402E1,-2.442462158E1,5.867489085E1
3.701857454E1,-8.164754868E0,-5.296932983E1,-2.521545410E1,5.923033218E1
3.702861754E1,-8.223136902E0,-5.252610779E1,-2.467535400E1,5.861301114E1
3.703866154E1,-8.691555023E0,-5.253271103E1,-2.558874512E1,5.907632972E1
3.704870454E1,-8.664077759E0,-5.223656464E1,-2.488049316E1,5.850439187E1
3.705874754E1,-1.046712875E1,-5.189622879E1,-2.564575195E1,5.882587815E1
3.706879054E1,-1.048163986E1,-5.148542023E1,-2.544732666E1,5.837961720E1
3.707883354E1,-1.115309715E1,-5.152772903E1,-2.599444580E1,5.878103136E1
3.708887654E1,-1.106412888E1,-5.109714890E1,-2.593023682E1,5.835846772E1
3.709892054E1,-1.163740730E1,-5.121156693E1,-2.646966553E1,5.881068805E1
3.710896354E1,-1.144747925E1,-5.088230896E1,-2.585974121E1,5.821323184E1
3.711900654E1,-1.234156036E1,-5.075356674E1,-2.701129150E1,5.880347369E1
3.712904954E1,-1.219881630E1,-5.032503128E1,-2.630834961E1,5.808226194E1
3.713909254E1,-1.249867058E1,-5.044786453E1,-2.743548584E1,5.876997265E1
3.714913654E1,-1.245985413E1,-4.992928696E1,-2.674597168E1,5.799593660E1
3.715917954E1,-1.277969170E1,-5.006538010E1,-2.733404541E1,5.845522083E1
3.716922254E1,-1.263295937E1,-4.969481659E1,-2.689630127E1,5.790144627E1
3.717926554E1,-1.286993790E1,-4.986061478E1,-2.763891602E1,5.844335622E1
3.718930854E1,-1.281628227E1,-4.956909943E1,-2.704986572E1,5.790550876E1
3.719935254E1,-1.301624298E1,-4.944432449E1,-2.829632568E1,5.843668243E1
3.720939554E1,-1.286461449E1,-4.935883331E1,-2.740856934E1,5.790528823E1
3.721943854E1,-1.329285526E1,-4.919593430E1,-2.834313965E1,5.831186429E1
3.722948154E1,-1.315785122E1,-4.901169205E1,-2.763690186E1,5.778471554E1
3.723952454E1,-1.350150871E1,-4.888074493E1,-2.784210205E1,5.785153939E1
3.724956854E1,-1.339892197E1,-4.874547577E1,-2.785290527E1,5.771860055E1
3.725961154E1,-1.357716084E1,-4.864982986E1,-2.825640869E1,5.787546867E1
3.726965454E1,-1.361146069E1,-4.850429153E1,-2.809698486E1,5.768343538E1
3.727969754E1,-1.367265892E1,-4.852719498E1,-2.870214844E1,5.801416706E1
3.728974054E1,-1.357577515E1,-4.851845551E1,-2.826971436E1,5.777126401E1
3.729978354E1,-1.337704849E1,-4.828081894E1,-2.888067627E1,5.782798947E1
3.730982754E1,-1.364688110E1,-4.829705429E1,-2.850659180E1,5.771887553E1
3.731987054E1,-1.356156445E1,-4.802836990E1,-2.883111572E1,5.763569709E1
3.732991354E1,-1.382691669E1,-4.804758835E1,-2.893707275E1,5.776771201E1
3.733995654E1,-1.362922192E1,-4.784009933E1,-2.894586182E1,5.755253001E1
3.734999954E1,-1.362922192E1,-4.784009933E1,-2.894586182E1,5.755253001E1
3.736004354E1,-1.380587101E1,-4.792678452E1,-2.926568604E1,5.782784042E1
3.737008654E1,-1.372157478E1,-4.780214691E1,-2.878637695E1,5.746287812E1
3.738012954E1,-1.404924107E1,-4.787008286E1,-2.872546387E1,5.756803177E1
3.739017254E1,-1.399278545E1,-4.757899857E1,-2.879431152E1,5.734693998E1
3.740021554E1,-1.433427143E1,-4.762235260E1,-2.907427979E1,5.760792957E1
3.741025854E1,-1.417507744E1,-4.728328705E1,-2.919281006E1,5.734860254E1
3.742030183E1,-1.441947937E1,-4.745505524E1,-2.970697021E1,5.781356011E1
3.743034483E1,-1.448010921E1,-4.724399948E1,-2.873193359E1,5.715936544E1
3.744038783E1,-1.484306431E1,-4.725289917E1,-2.956597900E1,5.768275438E1
3.745043083E1,-1.522645378E1,-4.721085358E1,-2.886743164E1,5.739371220E1
3.746047383E1,-1.551135826E1,-4.734359741E1,-2.975134277E1,5.802724229E1
3.747051783E1,-1.516044426E1,-4.707612228E1,-2.917529297E1,5.742123370E1
3.748056083E1,-1.540505791E1,-4.737703705E1,-2.951763916E1,5.790673942E1
3.749060383E1,-1.531628609E1,-4.706314087E1,-2.940722656E1,5.757006880E1
3.750064683E1,-1.550323868E1,-4.731087875E1,-2.974035645E1,5.799274489E1
3.751068983E1,-1.514038467E1,-4.693423462E1,-2.900439453E1,5.721283536E1
3.752073383E1,-1.551103020E1,-4.702445602E1,-3.011920166E1,5.795737943E1
3.753077683E1,-1.519129848E1,-4.684040451E1,-2.912231445E1,5.720933703E1
3.754081983E1,-1.540697289E1,-4.701134109E1,-3.032672119E1,5.802715764E1
3.755086283E1,-1.542052269E1,-4.672367096E1,-2.950781250E1,5.737251037E1
3.756090583E1,-1.564475060E1,-4.699964523E1,-2.976983643E1,5.779245655E1
3.757094883E1,-1.528117466E1,-4.677735519E1,-2.942150879E1,5.733463558E1
3.758099283E1,-1.544791126E1,-4.703837967E1,-3.004327393E1,5.791239446E1
3.759103583E1,-1.512148285E1,-4.674612427E1,-2.934515381E1,5.722759325E1
3.760107883E1,-1.534660435E1,-4.694533157E1,-3.059216309E1,5.809701252E1
3.761112183E1,-1.526463127E1,-4.664401627E1,-2.896868896E1,5.698998299E1
3.762116483E1,-1.539297867E1,-4.675758362E1,-3.029638672E1,5.780213202E1
3.763120883E1,-1.513316059E1,-4.667154312E1,-2.927453613E1,5.713356240E1
3.764125183E1,-1.539853764E1,-4.677113724E1,-2.991156006E1,5.761384959E1
3.765129483E1,-1.522881603E1,-4.654877472E1,-2.972534180E1,5.729137117E1
3.766133783E1,-1.526327705E1,-4.669006729E1,-2.999847412E1,5.755726244E1
3.767138083E1,-1.512980175E1,-4.675674057E1,-2.984295654E1,5.749526715E1
3.768142483E1,-1.530633450E1,-4.670097351E1,-3.034729004E1,5.776004515E1
3.769146783E1,-1.526883507E1,-4.666889191E1,-2.942974854E1,5.724712128E1
3.770151083E1,-1.529837608E1,-4.638660812E1,-3.006457520E1,5.735535202E1
3.771155383E1,-1.523682308E1,-4.658709335E1,-2.960528564E1,5.726247447E1
3.772159683E1,-1.525540447E1,-4.637342834E1,-3.013317871E1,5.736924857E1
3.773163983E1,-1.548995018E1,-4.647257996E1,-3.003045654E1,5.745839856E1
3.774168383E1,-1.543408489E1,-4.627873230E1,-2.981671143E1,5.717489239E1
3.775172683E1,-1.552949524E1,-4.629158020E1,-3.016534424E1,5.739358512E1
3.776176983E1,-1.541524410E1,-4.615788269E1,-2.986718750E1,5.709841306E1
3.777181283E1,-1.559986877E1,-4.633612061E1,-2.998760986E1,5.735545941E1
3.778185583E1,-1.540945721E1,-4.611399078E1,-3.020953369E1,5.724130889E1
3.779189983E1,-1.536350536E1,-4.592975998E1,-3.022821045E1,5.709049707E1
3.780194283E1,-1.509740829E1,-4.571525192E1,-3.024853516E1,5.685762811E1
3.781198583E1,-1.549403095E1,-4.581117249E1,-3.064184570E1,5.725077491E1
3.782202883E1,-1.525498199E1,-4.569619370E1,-2.976885986E1,5.663074793E1
3.783207183E1,-1.525498199E1,-4.569619370E1,-2.976885986E1,5.663074793E1
3.784211483E1,-1.556770706E1,-4.587830734E1,-3.070562744E1,5.735859259E1
3.785215883E1,-1.538207626E1,-4.560926437E1,-3.012036133E1,5.678071357E1
3.786220183E1,-1.562012291E1,-4.574595642E1,-3.090734863E1,5.737547358E1
3.787224483E1,-1.542814922E1,-4.546663666E1,-3.024621582E1,5.674571710E1
3.788228783E1,-1.588234901E1,-4.552082825E1,-3.080541992E1,5.721336130E1
3.789233083E1,-1.569398499E1,-4.536739349E1,-3.063226318E1,5.694591386E1
3.790237483E1,-1.592361259E1,-4.552860641E1,-3.102435303E1,5.734915798E1
3.791241783E1,-1.570717049E1,-4.543841934E1,-3.003332520E1,5.668655731E1
3.792246083E1,-1.604602242E1,-4.558893585E1,-3.119647217E1,5.752430602E1
3.793250383E1,-1.573149681E1,-4.544158554E1,-3.019195557E1,5.678003055E1
3.794254683E1,-1.600783920E1,-4.550170135E1,-3.127496338E1,5.748720794E1
3.795259083E1,-1.567817783E1,-4.553715134E1,-3.028686523E1,5.689228083E1
3.796263383E1,-1.569801044E1,-4.602172470E1,-3.068017578E1,5.749521600E1
3.797267683E1,-1.509346199E1,-4.593694305E1,-3.011938477E1,5.696659258E1
3.798271983E1,-1.540387726E1,-4.630667496E1,-3.076397705E1,5.768890590E1
3.799276283E1,-1.474348545E1,-4.649809647E1,-2.973193359E1,5.712644933E1
3.800280583E1,-1.476992226E1,-4.684981918E1,-3.052075195E1,5.783227871E1
3.801284983E1,-1.404367352E1,-4.701981735E1,-2.909082031E1,5.704703162E1
3.802289283E1,-1.642407227E1,-4.759409714E1,-2.996221924E1,5.858910149E1
3.803293583E1,-1.569017982E1,-4.789881897E1,-2.847631836E1,5.789109870E1
3.804297883E1,-1.540775490E1,-4.810726166E1,-2.884368896E1,5.816928681E1
3.805302183E1,-1.479193497E1,-4.826483917E1,-2.829046631E1,5.786749108E1
3.806306583E1,-1.475307274E1,-4.847897339E1,-2.895092773E1,5.836111919E1
3.807310883E1,-1.408920288E1,-4.873622894E1,-2.871813965E1,5.829628800E1
3.808315183E1,-1.439039230E1,-4.863763809E1,-2.939672852E1,5.862483158E1
3.809319483E1,-1.399958420E1,-4.893730545E1,-2.836322021E1,5.826937861E1
3.810323783E1,-1.364358711E1,-4.878430939E1,-2.931188965E1,5.852557720E1
3.811328083E1,-1.340256310E1,-4.903612137E1,-2.846783447E1,5.826308862E1
3.812332483E1,-1.295113182E1,-4.894300079E1,-2.913287354E1,5.841124432E1
3.813336783E1,-1.251307106E1,-4.919879532E1,-2.884729004E1,5.838890777E1
3.814341083E1,-1.167078972E1,-4.922677612E1,-2.850048828E1,5.806686363E1
3.815345383E1,-1.145430565E1,-4.941952515E1,-2.872088623E1,5.829562496E1
3.816349683E1,-1.071998215E1,-4.932186508E1,-2.842730713E1,5.792819851E1
3.817354083E1,-1.038179588E1,-4.952471542E1,-2.861425781E1,5.813135878E1
3.818358383E1,-9.595251083E0,-4.953287888E1,-2.878918457E1,5.808951783E1
3.819362683E1,-9.547533035E0,-4.970622253E1,-2.889959717E1,5.828422310E1
3.820366983E1,-7.959333420E0,-5.000662613E1,-2.864093018E1,5.817487883E1
3.821371283E1,-7.587085724E0,-5.011808777E1,-2.925134277E1,5.852373574E1
3.822375583E1,-6.487884521E0,-5.034351349E1,-2.832818604E1,5.812958042E1
3.823379983E1,-6.028755188E0,-5.035478592E1,-2.943096924E1,5.863558906E1
3.824384283E1,-5.021953583E0,-5.066311646E1,-2.858734131E1,5.838841897E1
3.825388583E1,-4.575227737E0,-5.060807800E1,-2.937158203E1,5.869241943E1
3.826392883E1,-3.506954193E0,-5.113647842E1,-2.850372314E1,5.864895895E1
3.827397183E1,-2.882219315E0,-5.127169800E1,-2.884729004E1,5.890042739E1
3.828401583E1,-1.666521072E0,-5.191482925E1,-2.810998535E1,5.906012246E1
3.829405883E1,-6.935729980E-1,-5.203599930E1,-2.855407715E1,5.935959559E1
3.830410183E1,1.124019623E-1,-5.276247025E1,-2.709344482E1,5.931227236E1
3.831414483E1,1.288751602E0,-5.285374832E1,-2.831335449E1,5.997354112E1
3.832418783E1,1.288751602E0,-5.285374832E1,-2.831335449E1,5.997354112E1
3.833423083E1,2.174829483E0,-5.392173386E1,-2.612292480E1,5.995573755E1
3.834427483E1,2.975627899E0,-5.345526505E1,-2.812158203E1,6.047431768E1
3.835431783E1,3.679424286E0,-5.437614441E1,-2.627453613E1,6.050334282E1
3.836436083E1,5.165767670E0,-5.462425232E1,-2.688476562E1,6.110061145E1
3.837440383E1,5.732089996E0,-5.563976669E1,-2.492047119E1,6.123455216E1
3.838444683E1,6.908592224E0,-5.560435867E1,-2.642932129E1,6.195225883E1
3.839449083E1,7.021980286E0,-5.651454163E1,-2.435443115E1,6.193819451E1
3.840453383E1,8.439872742E0,-5.675758362E1,-2.560931396E1,6.283702501E1
3.841457683E1,8.173492432E0,-5.763001251E1,-2.292614746E1,6.255903259E1
3.842462021E1,9.850185394E0,-5.805023956E1,-2.434509277E1,6.371451960E1
3.843466321E1,9.586143494E0,-5.836366653E1,-2.243005371E1,6.325598017E1
3.844470721E1,1.114442444E1,-5.891133118E1,-2.300927734E1,6.421970088E1
3.845475021E1,1.069405937E1,-5.969302750E1,-2.099426270E1,6.417460170E1
3.846479321E1,1.254820824E1,-6.037602234E1,-2.095068359E1,6.512797207E1
3.847483621E1,1.233853340E1,-6.097728729E1,-1.885211182E1,6.500670036E1
3.848487921E1,1.439027214E1,-6.148152542E1,-1.842248535E1,6.577572399E1
3.849492221E1,1.402356148E1,-6.187603760E1,-1.543075562E1,6.529481238E1
3.850496621E1,1.605439568E1,-6.236006927E1,-1.536428833E1,6.620108169E1
3.851500921E1,1.580282974E1,-6.274966812E1,-1.345672607E1,6.609337148E1
3.852505221E1,1.722720337E1,-6.286896133E1,-1.322070312E1,6.651368150E1
3.853509521E1,1.690004539E1,-6.281575012E1,-1.171685791E1,6.609625373E1
3.854513821E1,1.771405220E1,-6.302095795E1,-1.110034180E1,6.639763832E1
3.855518221E1,1.723000526E1,-6.281586456E1,-1.064715576E1,6.600051400E1
3.856522521E1,1.747979164E1,-6.286369324E1,-9.805175781E0,6.598127397E1
3.857526821E1,1.779546165E1,-6.299057007E1,-9.190277100E0,6.609804510E1
3.858531121E1,1.759150887E1,-6.293391037E1,-8.763275146E0,6.593127672E1
3.859535421E1,1.770595360E1,-6.288668442E1,-8.760040283E0,6.591641810E1
3.860539721E1,1.717741203E1,-6.275476074E1,-8.652740479E0,6.563606781E1
3.861544121E1,1.765854073E1,-6.297785950E1,-8.819915771E0,6.599868000E1
3.862548421E1,1.671677589E1,-6.247857666E1,-7.440155029E0,6.510283438E1
3.863552721E1,1.697195816E1,-6.284039307E1,-8.759643555E0,6.567871588E1
3.864557021E1,1.590175629E1,-6.204112244E1,-7.208068848E0,6.445093469E1
3.865561321E1,1.643887711E1,-6.249369812E1,-8.928466797E0,6.523355352E1
3.866565721E1,1.571129608E1,-6.135428619E1,-7.740173340E0,6.380519996E1
3.867570021E1,1.636187744E1,-6.205652618E1,-9.040771484E0,6.481094834E1
3.868574321E1,1.596467209E1,-6.069588470E1,-7.277343750E0,6.318085871E1
3.869578621E1,1.658310318E1,-6.158728790E1,-8.920349121E0,6.440159913E1
3.870582921E1,1.634047699E1,-6.006962204E1,-6.372375488E0,6.257777441E1
3.871587221E1,1.665885162E1,-6.111077881E1,-8.443603516E0,6.390100989E1
3.872591621E1,1.664413834E1,-5.944090271E1,-5.320556641E0,6.195608589E1
3.873595921E1,1.767308235E1,-6.106092072E1,-6.913085938E0,6.394188483E1
3.874600221E1,1.782733727E1,-5.924105835E1,-4.284729004E0,6.201351345E1
3.875604521E1,1.784041405E1,-6.085898972E1,-5.684143066E0,6.367422151E1
3.876608821E1,1.819064140E1,-5.885790253E1,-3.128295898E0,6.168418241E1
3.877613121E1,1.820703316E1,-6.054461670E1,-4.829284668E0,6.340716567E1
3.878617521E1,1.867595482E1,-5.845844650E1,-2.501159668E0,6.142016815E1
3.879621821E1,1.861719894E1,-6.001349640E1,-4.169677734E0,6.297305820E1
3.880626121E1,1.947989655E1,-5.811914825E1,-1.496276855E0,6.131509282E1
3.881630421E1,1.947989655E1,-5.811914825E1,-1.496276855E0,6.131509282E1
3.882634721E1,1.904564667E1,-5.959906006E1,-3.732849121E0,6.267949249E1
3.883639121E1,1.979577255E1,-5.773344421E1,-1.479492188E0,6.105089753E1
3.884643421E1,1.913561249E1,-5.915379333E1,-2.635559082E0,6.222771973E1
3.885647721E1,1.978216553E1,-5.741262054E1,-1.428405762E0,6.074194114E1
3.886652021E1,1.893804932E1,-5.886799622E1,-2.700134277E0,6.189815357E1
3.887656321E1,1.965679550E1,-5.727069855E1,-1.364685059E0,6.056554207E1
3.888660621E1,1.884922791E1,-5.855333710E1,-2.471740723E0,6.156213268E1
3.889665021E1,1.938471603E1,-5.713391876E1,-1.151855469E0,6.034383697E1
3.890669321E1,1.869750977E1,-5.791609192E1,-2.292907715E0,6.090261078E1
3.891673621E1,1.933188629E1,-5.685742950E1,-1.077758789E0,6.006372184E1
3.892677921E1,1.894397736E1,-5.750114441E1,-1.922424316E0,6.057187137E1
3.893682221E1,1.946936417E1,-5.665734482E1,-1.101196289E0,5.991930821E1
3.894686621E1,1.943993759E1,-5.706490326E1,-8.316650391E-1,6.029101114E1
3.895690921E1,1.962538528E1,-5.650568771E1,-2.839965820E-1,5.981746522E1
3.896695221E1,1.967196655E1,-5.663705826E1,-9.460449219E-2,5.995624727E1
3.897699521E1,1.965309906E1,-5.612240601E1,2.638549805E-1,5.946459769E1
3.898703821E1,2.065759468E1,-5.604634094E1,4.850463867E-1,5.973410936E1
3.899708121E1,2.031939507E1,-5.605694199E1,5.799560547E-1,5.962880939E1
3.900712521E1,2.051002312E1,-5.561675644E1,7.227172852E-1,5.928243387E1
3.901716821E1,2.003809547E1,-5.575988007E1,9.270019531E-1,5.925832286E1
3.902721121E1,2.079876900E1,-5.535453033E1,1.393341064E0,5.914942282E1
3.903725421E1,1.998202324E1,-5.571956635E1,9.699096680E-1,5.920212877E1
3.904729721E1,2.081417274E1,-5.527643585E1,1.625579834E0,5.908770310E1
3.905734121E1,1.948464394E1,-5.556908798E1,9.328002930E-1,5.889350563E1
3.906738421E1,2.080904198E1,-5.488852310E1,1.715789795E0,5.872571950E1
3.907742721E1,1.953021049E1,-5.529683304E1,1.876525879E0,5.867444261E1
3.908747021E1,2.115756798E1,-5.462837982E1,2.052093506E0,5.861837299E1
3.909751321E1,1.974784279E1,-5.496314621E1,2.210052490E0,5.844492337E1
3.910755621E1,2.159910393E1,-5.422360229E1,3.060913086E0,5.844732265E1
3.911760021E1,1.995791817E1,-5.481679916E1,2.253967285E0,5.838047907E1
3.912764321E1,2.172410393E1,-5.396944809E1,3.046295166E0,5.825734231E1
3.913768621E1,1.987093163E1,-5.436184692E1,2.325317383E0,5.792643115E1
3.914772921E1,2.162056541E1,-5.355608368E1,3.231567383E0,5.784588123E1
3.915777221E1,1.972860146E1,-5.413800812E1,2.880371094E0,5.769261804E1
3.916781521E1,2.164005089E1,-5.339903259E1,2.949066162E0,5.769268130E1
3.917785921E1,1.960477257E1,-5.399373627E1,2.900207520E0,5.751592707E1
3.918790221E1,2.135286903E1,-5.323801804E1,2.897247314E0,5.743366280E1
3.919794521E1,1.913114357E1,-5.371175385E1,2.503082275E0,5.707204724E1
3.920798821E1,2.101951790E1,-5.314931107E1,3.067626953E0,5.723704862E1
3.921803121E1,1.910622978E1,-5.340725327E1,2.253479004E0,5.676672340E1
3.922807521E1,2.096176720E1,-5.278157425E1,2.770294189E0,5.685916632E1
3.923811821E1,1.905869102E1,-5.302490997E1,2.816741943E0,5.641638784E1
3.924816121E1,2.076294899E1,-5.259780502E1,2.679870605E0,5.661104884E1
3.925820421E1,1.897760963E1,-5.293322372E1,2.756774902E0,5.629987255E1
3.926824721E1,2.035164452E1,-5.236169815E1,2.695251465E0,5.624234391E1
3.927829021E1,1.889707375E1,-5.251644135E1,3.207519531E0,5.590495675E1
3.928833421E1,2.016840935E1,-5.225741196E1,3.503356934E0,5.612375032E1
3.929837721E1,1.908823204E1,-5.237874603E1,2.992675781E0,5.582875376E1
3.930842021E1,1.908823204E1,-5.237874603E1,2.992675781E0,5.582875376E1
3.931846321E1,1.991737556E1,-5.209573364E1,3.506927490E0,5.588350252E1
3.932850621E1,1.896068764E1,-5.226480103E1,3.460754395E0,5.570542095E1
3.933854921E1,1.956179237E1,-5.197867203E1,3.597595215E0,5.565418904E1
3.934859321E1,1.880084419E1,-5.205425262E1,3.710479736E0,5.546967296E1
3.935863621E1,1.907193184E1,-5.181960678E1,3.608856201E0,5.533564922E1
3.936867921E1,1.855382729E1,-5.187628555E1,3.963287354E0,5.523677359E1
3.937872221E1,1.845891762E1,-5.157242584E1,4.355377197E0,5.494921344E1
3.938876521E1,2.002746964E1,-5.156616592E1,3.972991943E0,5.546128085E1
3.939880921E1,1.985417938E1,-5.149909592E1,4.226409912E0,5.535528755E1
3.940885221E1,2.013198853E1,-5.139424133E1,4.178741455E0,5.535455613E1
3.941889521E1,1.974132919E1,-5.133299255E1,4.158599854E0,5.515514623E1
3.942893758E1,2.001762009E1,-5.131016541E1,4.464752197E0,5.525732712E1
3.943898058E1,1.927026367E1,-5.117987061E1,4.072418213E0,5.483891690E1
3.944902358E1,1.957181931E1,-5.124220276E1,4.019592285E0,5.499978706E1
3.945906758E1,1.861610794E1,-5.102753067E1,3.723266602E0,5.444475251E1
3.946911058E1,1.942925262E1,-5.106917191E1,3.474182129E0,5.475058098E1
3.947915358E1,1.853837204E1,-5.091488266E1,4.521453857E0,5.437315568E1
3.948919658E1,1.935172653E1,-5.085006714E1,4.264617920E0,5.457477085E1
3.949923958E1,1.823217773E1,-5.082755661E1,4.534698486E0,5.418871014E1
3.950928258E1,1.940175247E1,-5.074732590E1,4.451660156E0,5.451180022E1
3.951932658E1,1.854774094E1,-5.052085495E1,4.492462158E0,5.400516360E1
3.952936958E1,1.988408279E1,-5.060809708E1,4.879119873E0,5.459269227E1
3.953941258E1,1.876153564E1,-5.032724762E1,5.371704102E0,5.397853534E1
3.954945558E1,2.031930542E1,-5.034157562E1,5.613006592E0,5.457704877E1
3.955949858E1,1.889014435E1,-5.012644958E1,6.180145264E0,5.392302567E1
3.956954158E1,2.031139374E1,-5.011110306E1,5.482208252E0,5.434822879E1
3.957958558E1,1.962191963E1,-4.964822388E1,6.208404541E0,5.374486163E1
3.958962858E1,2.106582451E1,-4.969763947E1,5.635406494E0,5.427137493E1
3.959967158E1,1.943165016E1,-4.982559204E1,5.661560059E0,5.377947483E1
3.960971458E1,2.072604561E1,-4.990922928E1,5.824676514E0,5.435464093E1
3.961975758E1,1.914013100E1,-5.010294342E1,5.377502441E0,5.390331239E1
3.962980158E1,2.046381187E1,-5.025465012E1,5.042541504E0,5.449518033E1
3.963984458E1,1.893625069E1,-5.035767746E1,4.969116211E0,5.402933819E1
3.964988758E1,2.036060524E1,-5.050683594E1,4.188629150E0,5.461720733E1
3.965993058E1,1.924477005E1,-5.065766907E1,4.679016113E0,5.439167033E1
3.966997358E1,2.072069931E1,-5.069113159E1,4.402374268E0,5.493923098E1
3.968001658E1,1.959141159E1,-5.082980347E1,4.710998535E0,5.467801968E1
3.969006058E1,2.080961990E1,-5.090255356E1,4.699554443E0,5.519235501E1
3.970010358E1,1.972709274E1,-5.113033295E1,4.390930176E0,5.497953622E1
3.971014658E1,2.101224899E1,-5.113924026E1,4.539550781E0,5.547381386E1
3.972018958E1,2.004587173E1,-5.121365738E1,3.951293945E0,5.513881028E1
3.973023258E1,2.074891663E1,-5.125832748E1,3.985046387E0,5.544199015E1
3.974027558E1,2.037609482E1,-5.170275879E1,4.272033691E0,5.573697855E1
3.975031958E1,2.067721939E1,-5.170581055E1,3.582000732E0,5.580205171E1
3.976036258E1,2.064232063E1,-5.109164047E1,4.025604248E0,5.525094223E1
3.977040558E1,2.079078484E1,-5.113036346E1,3.455352783E0,5.530379973E1
3.978044858E1,2.062409782E1,-5.140974045E1,2.812988281E0,5.546375147E1
3.979049158E1,2.046107674E1,-5.166542816E1,2.908447266E0,5.564558557E1
3.980053558E1,2.046543884E1,-5.094681549E1,3.242614746E0,5.499933405E1
3.981057858E1,2.058472443E1,-5.124744797E1,2.517913818E0,5.528446159E1
3.982062158E1,2.032514572E1,-5.138947678E1,2.363189697E0,5.531342095E1
3.983066458E1,2.059948730E1,-5.145689774E1,2.547760010E0,5.548551417E1
3.984070758E1,2.005337906E1,-5.165542603E1,1.804565430E0,5.544075672E1
3.985075058E1,2.070479584E1,-5.188493347E1,1.555053711E0,5.588517768E1
3.986079458E1,1.965247345E1,-5.313177490E1,1.387207031E0,5.666682945E1
3.987083758E1,2.027621078E1,-5.309878159E1,8.926391602E-1,5.684542316E1
3.988088058E1,1.926480484E1,-5.369473648E1,6.682739258E-1,5.705001333E1
3.989092358E1,2.022494125E1,-5.353137970E1,2.562255859E-1,5.722519124E1
3.990096658E1,1.900937271E1,-5.416078568E1,-3.830566406E-1,5.740116452E1
3.991100958E1,2.012838364E1,-5.373315430E1,-2.675781250E-1,5.738009495E1
3.992105358E1,1.891666031E1,-5.444981766E1,-1.392456055E0,5.765901156E1
3.993109658E1,1.988097191E1,-5.469499207E1,-2.441406250E-4,5.819617858E1
3.994113958E1,1.842192650E1,-5.536821365E1,-1.190856934E0,5.836458343E1
3.995118258E1,1.962471199E1,-5.489023209E1,-4.978027344E-1,5.829506589E1
3.996122558E1,1.799616432E1,-5.585916519E1,-1.385986328E0,5.870288940E1
3.997126858E1,1.935596275E1,-5.531778336E1,-1.477966309E0,5.862503590E1
3.998131258E1,1.786653709E1,-5.627287292E1,-2.423095703E0,5.909078412E1
3.999135558E1,1.888398933E1,-5.549235535E1,-1.173156738E0,5.862919795E1
4.000139858E1,1.765165138E1,-5.658841705E1,-2.480346680E0,5.932943503E1
4.001144158E1,1.894970894E1,-5.593084335E1,-1.343383789E0,5.906907302E1
4.002148458E1,1.758617973E1,-5.675753784E1,-3.179382324E0,5.950462412E1
4.003152758E1,1.845412254E1,-5.606389236E1,-2.277648926E0,5.906693111E1
4.004157158E1,1.749043465E1,-5.706185150E1,-4.029602051E0,5.981812345E1
4.005161458E1,1.779989815E1,-5.696179581E1,-3.063598633E0,5.975674181E1
4.006165758E1,1.668316841E1,-5.777598572E1,-4.351928711E0,6.029371375E1
4.007170058E1,1.728785896E1,-5.715371704E1,-3.768859863E0,5.982994020E1
4.008174358E1,1.639904594E1,-5.794223404E1,-5.221130371E0,6.044411796E1
4.009178758E1,1.685119820E1,-5.745942688E1,-4.476379395E0,6.004653687E1
4.010183058E1,1.641039848E1,-5.810977936E1,-6.351867676E0,6.071568050E1
4.011187358E1,1.657276154E1,-5.773181915E1,-5.162109375E0,6.028487987E1
4.012191658E1,1.636657333E1,-5.836472321E1,-7.044616699E0,6.102403020E1
4.013195958E1,1.634088135E1,-5.797346497E1,-6.541320801E0,6.058659853E1
4.014200258E1,1.648390198E1,-5.846923828E1,-7.460327148E0,6.120479827E1
4.015204658E1,1.629215240E1,-5.826383209E1,-7.497802734E0,6.096167161E1
4.016208958E1,1.645687103E1,-5.842049408E1,-8.029357910E0,6.122298034E1
4.017213258E1,1.588725853E1,-5.738544083E1,-7.788391113E0,6.005125177E1
4.018217558E1,1.567434883E1,-5.733623886E1,-8.483825684E0,6.004252490E1
4.019221858E1,1.532174110E1,-5.732568359E1,-8.760437012E0,5.998112209E1
4.020226158E1,1.500698280E1,-5.729435730E1,-9.602355957E0,6.000048459E1
4.021230558E1,1.430408669E1,-5.719005966E1,-1.009564209E1,5.980996413E1
4.022234858E1,1.388668251E1,-5.701885223E1,-1.057342529E1,5.963041827E1
4.023239158E1,1.323539543E1,-5.680305481E1,-1.188140869E1,5.952252179E1
4.024243458E1,1.294230080E1,-5.657328796E1,-1.244909668E1,5.935503407E1
4.025247758E1,1.198819733E1,-5.610762024E1,-1.410186768E1,5.908167733E1
4.026252058E1,1.147424698E1,-5.573078918E1,-1.459362793E1,5.874140944E1
4.027256458E1,1.063361740E1,-5.559906769E1,-1.537799072E1,5.865844138E1
4.028260758E1,1.063361740E1,-5.559906769E1,-1.537799072E1,5.865844138E1
4.029265058E1,9.753223419E0,-5.535338593E1,-1.639642334E1,5.854882918E1
4.030269358E1,8.698013306E0,-5.507492065E1,-1.748345947E1,5.843435356E1
4.031273658E1,7.831455231E0,-5.469330215E1,-1.772686768E1,5.802526027E1
4.032277958E1,6.850471497E0,-5.436085892E1,-1.924926758E1,5.807379998E1
4.033282358E1,5.465686798E0,-5.374143600E1,-1.919592285E1,5.732799604E1
4.034286658E1,4.435256958E0,-5.341095734E1,-2.073907471E1,5.746747852E1
4.035290958E1,3.644348145E0,-5.313576889E1,-2.033996582E1,5.701232690E1
4.036295258E1,2.727806091E0,-5.262488174E1,-2.160101318E1,5.695105684E1
4.037299558E1,2.118640900E0,-5.214930344E1,-2.180004883E1,5.656218363E1
4.038303858E1,5.154857635E-1,-5.272760773E1,-2.312921143E1,5.757974265E1
4.039308258E1,-2.715988159E-1,-5.217987061E1,-2.301922607E1,5.703242439E1
4.040312558E1,-1.403669357E0,-5.179500580E1,-2.428869629E1,5.722441508E1
4.041316858E1,-2.164831161E0,-5.156340790E1,-2.384216309E1,5.684998037E1
4.042321192E1,-3.723541260E0,-5.136472702E1,-2.538269043E1,5.741498859E1
4.043325492E1,-4.556602478E0,-5.082742691E1,-2.467590332E1,5.668412615E1
4.044329792E1,-5.579296112E0,-5.067632294E1,-2.637145996E1,5.739923477E1
4.045334192E1,-5.935440063E0,-5.050876617E1,-2.595672607E1,5.709743022E1
4.046338492E1,-6.561567307E0,-5.006193542E1,-2.657305908E1,5.705592882E1
4.047342792E1,-7.048112869E0,-4.990431976E1,-2.639709473E1,5.689396836E1
4.048347092E1,-7.983022690E0,-5.003655624E1,-2.697265625E1,5.740130484E1
4.049351392E1,-8.291812897E0,-4.976429749E1,-2.603881836E1,5.677375738E1
4.050355792E1,-8.802997589E0,-4.943551254E1,-2.729602051E1,5.715273749E1
4.051360092E1,-9.319608688E0,-4.938307953E1,-2.654406738E1,5.683424287E1
4.052364392E1,-9.773838043E0,-4.900016785E1,-2.758135986E1,5.707254831E1
4.053368692E1,-1.010911179E1,-4.897347260E1,-2.712628174E1,5.688963280E1
4.054372992E1,-1.083400726E1,-4.903636932E1,-2.738464355E1,5.720017423E1
4.055377292E1,-1.109974289E1,-4.882624054E1,-2.742218018E1,5.708924612E1
4.056381692E1,-1.119554520E1,-4.870442200E1,-2.806091309E1,5.731383600E1
4.057385992E1,-1.149833107E1,-4.858929062E1,-2.809368896E1,5.729211237E1
4.058390292E1,-1.149795532E1,-4.850355911E1,-2.805145264E1,5.719862077E1
4.059394592E1,-1.172261810E1,-4.856684875E1,-2.722137451E1,5.689606141E1
4.060398892E1,-1.163030815E1,-4.822517776E1,-2.759716797E1,5.676738076E1
4.061403192E1,-1.189872360E1,-4.855888748E1,-2.749591064E1,5.705760492E1
4.062407592E1,-1.195331764E1,-4.840581131E1,-2.712072754E1,5.675859612E1
4.063411892E1,-1.219727325E1,-4.855822754E1,-2.765844727E1,5.719846713E1
4.064416192E1,-1.196605682E1,-4.851655197E1,-2.711322021E1,5.685216831E1
4.065420492E1,-1.211979294E1,-4.867580795E1,-2.739379883E1,5.715456128E1
4.066424792E1,-1.196977806E1,-4.851732254E1,-2.682177734E1,5.671520002E1
4.067429092E1,-1.213125610E1,-4.867114639E1,-2.668395996E1,5.681620882E1
4.068433492E1,-1.192390823E1,-4.847259140E1,-2.670281982E1,5.661106156E1
4.069437792E1,-1.216106796E1,-4.865399551E1,-2.684588623E1,5.688413189E1
4.070442092E1,-1.058467484E1,-4.746509552E1,-2.704083252E1,5.564330380E1
4.071446392E1,-1.096258354E1,-4.751111603E1,-2.779968262E1,5.612759337E1
4.072450692E1,-1.101393318E1,-4.716127014E1,-2.656488037E1,5.523753248E1
4.073454992E1,-1.116524887E1,-4.726900482E1,-2.752258301E1,5.582574831E1
4.074459392E1,-1.097720146E1,-4.705865479E1,-2.665551758E1,5.518634396E1
4.075463692E1,-1.138159752E1,-4.719447708E1,-2.717791748E1,5.563720543E1
4.076467992E1,-1.097069359E1,-4.678206253E1,-2.718524170E1,5.520828614E1
4.077472292E1,-1.097069359E1,-4.678206253E1,-2.718524170E1,5.520828614E1
4.078476592E1,-1.120543861E1,-4.704270554E1,-2.757598877E1,5.566878080E1
4.079480892E1,-1.108287811E1,-4.663799286E1,-2.727581787E1,5.515344781E1
4.080485292E1,-1.129383469E1,-4.682665253E1,-2.809155273E1,5.576218633E1
4.081489592E1,-1.118460083E1,-4.662080002E1,-2.681091309E1,5.493104178E1
4.082493892E1,-9.681388855E0,-4.610708618E1,-2.839825439E1,5.500957679E1
4.083498192E1,-9.586683273E0,-4.573556519E1,-2.760485840E1,5.427406956E1
4.084502492E1,-9.828458786E0,-4.578399277E1,-2.865820312E1,5.490050275E1
4.085506792E1,-9.644096375E0,-4.556881332E1,-2.810357666E1,5.439978275E1
4.086511192E1,-9.801288605E0,-4.579331970E1,-2.818151855E1,5.465611929E1
4.087515492E1,-9.916675568E0,-4.562960815E1,-2.794342041E1,5.441724303E1
4.088519792E1,-9.898416519E0,-4.568161774E1,-2.815167236E1,5.456469101E1
4.089524092E1,-9.458217621E0,-4.547235870E1,-2.732904053E1,5.388942144E1
4.090528392E1,-9.507055283E0,-4.563207245E1,-2.821856689E1,5.448814232E1
4.091532692E1,-8.070034027E0,-4.480762100E1,-2.775988770E1,5.332410069E1
4.092537092E1,-8.034961700E0,-4.489549637E1,-2.831726074E1,5.368457376E1
4.093541392E1,-7.844285965E0,-4.487366867E1,-2.794403076E1,5.344200424E1
4.094545692E1,-7.562126160E0,-4.503371811E1,-2.795977783E1,5.354410047E1
4.095549992E1,-7.117769241E0,-4.489519501E1,-2.794177246E1,5.335713469E1
4.096554292E1,-6.988279343E0,-4.508605194E1,-2.794598389E1,5.350295453E1
4.097558592E1,-6.757251740E0,-4.514797974E1,-2.758074951E1,5.333571289E1
4.098562992E1,-6.375711441E0,-4.517721939E1,-2.780285645E1,5.342873454E1
4.099567292E1,-5.607736588E0,-4.494437790E1,-2.712390137E1,5.279346399E1
4.100571592E1,-5.204765320E0,-4.493196869E1,-2.722772217E1,5.279507786E1
4.101575892E1,-4.877531052E0,-4.516344833E1,-2.714154053E1,5.291682716E1
4.102580192E1,-4.454799652E0,-4.529771805E1,-2.702154541E1,5.293290486E1
4.103584492E1,-4.004814148E0,-4.516846085E1,-2.714959717E1,5.285195378E1
4.104588892E1,-3.713283539E0,-4.523018265E1,-2.663421631E1,5.262071242E1
4.105593192E1,-3.164274216E0,-4.541179657E1,-2.685632324E1,5.285362804E1
4.106597492E1,-2.808629990E0,-4.543519974E1,-2.654620361E1,5.269674282E1
4.107601792E1,-2.007141113E0,-4.506604767E1,-2.632342529E1,5.222930200E1
4.108606092E1,-1.362192154E0,-4.506412125E1,-2.632800293E1,5.220914029E1
4.109610392E1,-9.529685974E-1,-4.532738113E1,-2.597766113E1,5.225244978E1
4.110614792E1,-3.484992981E-1,-4.517417145E1,-2.601916504E1,5.213275522E1
4.111619092E1,4.911174774E-1,-4.497293472E1,-2.613262939E1,5.201653942E1
4.112623392E1,1.002143860E0,-4.487080383E1,-2.518603516E1,5.146581094E1
4.113627692E1,1.407934189E0,-4.517970276E1,-2.547473145E1,5.188593029E1
4.114631992E1,1.997375488E0,-4.505937576E1,-2.500762939E1,5.157245758E1
4.115636292E1,2.403661728E0,-4.510696411E1,-2.493316650E1,5.159533499E1
4.116640692E1,2.691791534E0,-4.489342499E1,-2.494982910E1,5.143111238E1
4.117644992E1,2.922090530E0,-4.532143402E1,-2.473895264E1,5.171640719E1
4.118649292E1,3.343639374E0,-4.516780853E1,-2.449078369E1,5.148892442E1
4.119653592E1,3.442768097E0,-4.496071625E1,-2.436804199E1,5.125543999E1
4.120657892E1,3.787317276E0,-4.489759827E1,-2.372082520E1,5.091969806E1
4.121662192E1,4.094944000E0,-4.506602478E1,-2.420703125E1,5.131954323E1
4.122666592E1,4.178152084E0,-4.511120987E1,-2.375927734E1,5.115644114E1
4.123670892E1,4.256282806E0,-4.507382202E1,-2.379998779E1,5.114884939E1
4.124675192E1,4.278440475E0,-4.494937897E1,-2.333331299E1,5.082514356E1
4.125679492E1,4.254846573E0,-4.537717056E1,-2.301550293E1,5.105785643E1
4.126683792E1,4.254846573E0,-4.537717056E1,-2.301550293E1,5.105785643E1
4.127688092E1,4.336780548E0,-4.523934174E1,-2.279119873E1,5.084136550E1
4.128692492E1,4.288917542E0,-4.566772461E1,-2.275128174E1,5.120113969E1
4.129696792E1,4.045881271E0,-4.571697998E1,-2.198345947E1,5.088893695E1
4.130701092E1,3.995634079E0,-4.598170471E1,-2.267578125E1,5.142444278E1
4.131705392E1,3.763339996E0,-4.579437637E1,-2.212493896E1,5.099804466E1
4.132709692E1,3.832082748E0,-4.591736603E1,-2.267285156E1,5.135316503E1
4.133713992E1,4.050964355E0,-4.577059555E1,-2.220666504E1,5.103424048E1
4.134718392E1,4.273418427E0,-4.600166702E1,-2.212036133E1,5.122231798E1
4.135722692E1,4.347309113E0,-4.586042404E1,-2.210156250E1,5.109360679E1
4.136726992E1,4.515039444E0,-4.601314163E1,-2.168524170E1,5.106705877E1
4.137731292E1,4.704160690E0,-4.604064560E1,-2.171685791E1,5.112232480E1
4.138735592E1,4.865966797E0,-4.614344406E1,-2.175317383E1,5.124544501E1
4.139739892E1,4.885787964E0,-4.638415527E1,-2.074975586E1,5.104814544E1
4.140744192E1,4.815876007E0,-4.636730957E1,-2.115789795E1,5.119352209E1
4.141748592E1,5.040798187E0,-4.651227951E1,-2.054003906E1,5.109496058E1
4.142752883E1,5.115564346E0,-4.647605896E1,-2.036621094E1,5.099976081E1
4.143757183E1,5.404590607E0,-4.657403564E1,-2.051959229E1,5.118011394E1
4.144761483E1,5.667631149E0,-4.658740234E1,-2.030352783E1,5.113454158E1
4.145765783E1,5.912631989E0,-4.686197662E1,-2.034240723E1,5.142779017E1
4.146770083E1,5.604719162E0,-4.640438843E1,-1.984033203E1,5.077813424E1
4.147774483E1,5.760484695E0,-4.652554321E1,-1.966906738E1,5.083976364E1
4.148778783E1,5.952566147E0,-4.646269989E1,-2.005102539E1,5.095349982E1
4.149783083E1,5.993436813E0,-4.657650375E1,-1.965527344E1,5.090797345E1
4.150787383E1,5.929594040E0,-4.644055939E1,-1.989434814E1,5.086915303E1
4.151791683E1,6.000772476E0,-4.658849716E1,-2.022796631E1,5.114360135E1
4.152795983E1,5.931791306E0,-4.647259521E1,-1.944061279E1,5.072302909E1
4.153800383E1,5.922101974E0,-4.661810684E1,-1.993621826E1,5.104676264E1
4.154804683E1,5.946767807E0,-4.646979904E1,-1.930194092E1,5.066923320E1
4.155808983E1,5.907655716E0,-4.669781494E1,-1.931536865E1,5.087897191E1
4.156813283E1,6.094354630E0,-4.653955460E1,-1.918157959E1,5.070507170E1
4.157817583E1,6.277662277E0,-4.677212906E1,-1.921173096E1,5.095224928E1
4.158821883E1,6.230871201E0,-4.659140015E1,-1.926892090E1,5.080229952E1
4.159826283E1,6.306650162E0,-4.690856552E1,-1.896948242E1,5.099047577E1
4.160830583E1,6.471073151E0,-4.677572632E1,-1.812115479E1,5.057884549E1
4.161834883E1,6.719104767E0,-4.696689987E1,-1.832495117E1,5.086098591E1
4.162839183E1,6.836906433E0,-4.695844269E1,-1.791619873E1,5.072305991E1
4.163843483E1,7.001438141E0,-4.713827896E1,-1.828155518E1,5.104167649E1
4.164847783E1,6.996215820E0,-4.691216278E1,-1.765423584E1,5.060998020E1
4.165852183E1,7.188327789E0,-4.716123962E1,-1.742315674E1,5.078800026E1
4.166856483E1,7.196445465E0,-4.703330231E1,-1.790234375E1,5.083713470E1
4.167860783E1,7.130584717E0,-4.716637421E1,-1.789306641E1,5.094775677E1
4.168865083E1,7.175045013E0,-4.707423782E1,-1.749456787E1,5.072992256E1
4.169869383E1,7.234134674E0,-4.718635178E1,-1.801293945E1,5.102303878E1
4.170873683E1,7.187881470E0,-4.708682251E1,-1.741748047E1,5.071689186E1
4.171878083E1,7.284084320E0,-4.722499847E1,-1.773175049E1,5.096737526E1
4.172882383E1,7.334304810E0,-4.701483154E1,-1.717895508E1,5.058955336E1
4.173886683E1,7.484832764E0,-4.703449631E1,-1.681475830E1,5.050745154E1
4.174890983E1,7.347099304E0,-4.684274292E1,-1.701092529E1,5.037453734E1
4.175895283E1,7.347099304E0,-4.684274292E1,-1.701092529E1,5.037453734E1
4.176899583E1,7.277935028E0,-4.694135284E1,-1.694195557E1,5.043301303E1
4.177903983E1,7.314819336E0,-4.680690002E1,-1.720135498E1,5.040118138E1
4.178908283E1,6.876491547E0,-4.677897263E1,-1.771105957E1,5.048999948E1
4.179912583E1,6.820915222E0,-4.676158142E1,-1.716528320E1,5.027740376E1
4.180916883E1,6.785614014E0,-4.687321472E1,-1.801257324E1,5.067144769E1
4.181921183E1,6.588367462E0,-4.689305496E1,-1.755999756E1,5.050464042E1
4.182925483E1,6.477069855E0,-4.674381256E1,-1.788031006E1,5.046426393E1