"Time (s)","Magnetic Field x (µT)","Magnetic Field y (µT)","Magnetic Field z (µT)","Absolute field (µT)"
4.768333398E-3,2.354916763E1,-3.978938293E1,-1.701641846E1,4.926780681E1
1.481233304E-2,2.346126938E1,-3.964234161E1,-1.709539795E1,4.913449949E1
2.485633316E-2,2.361150742E1,-3.945209503E1,-1.714941406E1,4.907212536E1
3.490033327E-2,2.366004944E1,-3.926178360E1,-1.744543457E1,4.904720969E1
4.494533315E-2,2.402774811E1,-3.859090424E1,-1.791711426E1,4.886321267E1
5.498933326E-2,2.446001816E1,-3.796778107E1,-1.847015381E1,4.879540418E1
6.503333338E-2,2.507503510E1,-3.752864838E1,-1.957293701E1,4.919610449E1
7.507733349E-2,2.557844925E1,-3.684994507E1,-1.990673828E1,4.907599970E1
8.512133313E-2,2.627697563E1,-3.621837234E1,-2.107775879E1,4.946232768E1
9.516633349E-2,2.663950920E1,-3.532799530E1,-2.163806152E1,4.925379588E1
1.052103331E-1,2.701603699E1,-3.428764725E1,-2.184301758E1,4.881215448E1
1.152543332E-1,2.700555801E1,-3.346879196E1,-2.296496582E1,4.875294713E1
1.252983334E-1,2.706862640E1,-3.281113815E1,-2.341467285E1,4.855438422E1
1.353423335E-1,2.699531555E1,-3.204248428E1,-2.449011230E1,4.853074759E1
1.453873334E-1,2.693479919E1,-3.124232864E1,-2.545495605E1,4.847186085E1
1.554313335E-1,2.719669342E1,-3.068643570E1,-2.574365234E1,4.841542218E1
1.654753331E-1,2.711637497E1,-2.986791229E1,-2.671038818E1,4.838217454E1
1.755193332E-1,2.707946968E1,-2.910564423E1,-2.733966064E1,4.824824606E1
1.855633333E-1,2.698296547E1,-2.855085373E1,-2.785754395E1,4.815884580E1
1.956083332E-1,2.674931908E1,-2.764508820E1,-2.912603760E1,4.825042009E1
2.056523333E-1,2.678122139E1,-2.701263809E1,-2.949548340E1,4.813418719E1
2.156963334E-1,2.667591095E1,-2.628330612E1,-3.018273926E1,4.809796414E1
2.257407918E-1,2.648873901E1,-2.564218140E1,-3.052313232E1,4.786268242E1
2.357847914E-1,2.646180725E1,-2.504229355E1,-3.082666016E1,4.772448727E1
2.458297918E-1,2.620865250E1,-2.453200531E1,-3.167950439E1,4.787800903E1
2.558737914E-1,2.616053009E1,-2.399002838E1,-3.162890625E1,4.754242849E1
2.659177915E-1,2.596695328E1,-2.348368073E1,-3.211358643E1,4.750840300E1
2.759617916E-1,2.595109177E1,-2.306557465E1,-3.269470215E1,4.769091576E1
2.860057917E-1,2.591888428E1,-2.269593811E1,-3.248797607E1,4.735359288E1
2.960507916E-1,2.581511497E1,-2.214344406E1,-3.281402588E1,4.726005259E1
3.060947917E-1,2.579020500E1,-2.167065811E1,-3.284570312E1,4.704882901E1
3.161387914E-1,2.563220024E1,-2.115661621E1,-3.264520264E1,4.658670791E1
3.261827915E-1,2.558149147E1,-2.069545364E1,-3.347406006E1,4.693854710E1
3.362267916E-1,2.543807602E1,-2.023189926E1,-3.327294922E1,4.651359596E1
3.462717915E-1,2.529930496E1,-1.965813065E1,-3.391638184E1,4.665638101E1
3.563157916E-1,2.530469894E1,-1.912044525E1,-3.449249268E1,4.685777701E1
3.663597917E-1,2.500723267E1,-1.839114761E1,-3.419421387E1,4.618268353E1
3.764037914E-1,2.456198883E1,-1.723250961E1,-3.502044678E1,4.611596660E1
3.864477915E-1,2.412900925E1,-1.642557907E1,-3.519427490E1,4.572357949E1
3.964927914E-1,2.402885056E1,-1.567194748E1,-3.614434814E1,4.614552524E1
4.065367915E-1,2.348925781E1,-1.506452942E1,-3.679193115E1,4.617717485E1
4.165807916E-1,2.305719185E1,-1.449692535E1,-3.718078613E1,4.608910715E1
4.266247917E-1,2.211385155E1,-1.378807831E1,-3.815246582E1,4.620329189E1
4.366687918E-1,2.155478287E1,-1.306852722E1,-3.844110107E1,4.596861233E1
4.467137917E-1,2.095141983E1,-1.252235413E1,-3.882641602E1,4.586133367E1
4.567577918E-1,2.007675552E1,-1.203941345E1,-3.961145020E1,4.601185255E1
4.668017915E-1,1.934414673E1,-1.154637146E1,-3.953009033E1,4.549882139E1
4.768457916E-1,1.900605011E1,-1.084769440E1,-4.014642334E1,4.572349201E1
4.868897917E-1,1.870994186E1,-1.034946442E1,-4.042529297E1,4.573158263E1
4.969347916E-1,1.839699554E1,-9.887496948E0,-4.010809326E1,4.522025195E1
5.069787917E-1,1.826748657E1,-9.501373291E0,-4.058703613E1,4.551136849E1
5.170227918E-1,1.854495430E1,-9.429588318E0,-4.059820557E1,4.561849144E1
5.270667914E-1,1.834499931E1,-9.046478271E0,-4.037060547E1,4.525664100E1
5.371117918E-1,1.838136482E1,-8.656890869E0,-4.075396729E1,4.553792026E1
5.471557914E-1,1.814441490E1,-8.313247681E0,-4.093365479E1,4.554002606E1
5.571997915E-1,1.793923950E1,-8.132240295E0,-4.047680664E1,4.501468118E1
5.672437917E-1,1.795591736E1,-7.899673462E0,-4.055364990E1,4.504906580E1
5.772877918E-1,1.774555588E1,-7.899810791E0,-4.040582275E1,4.483237978E1
5.873327916E-1,1.764701080E1,-7.722930908E0,-4.058618164E1,4.492548043E1
5.973767918E-1,1.748497772E1,-7.798034668E0,-4.079003906E1,4.505952815E1
6.074207914E-1,1.750838852E1,-7.835807800E0,-4.021569824E1,4.455609877E1
6.174647915E-1,1.762499619E1,-7.789009094E0,-4.021533203E1,4.459352065E1
6.275087916E-1,1.757944870E1,-8.452239990E0,-4.049163818E1,4.494496791E1
6.375537915E-1,1.776163483E1,-8.315979004E0,-3.980804443E1,4.437692621E1
6.475977916E-1,1.839312363E1,-8.383857727E0,-3.976086426E1,4.460406252E1
6.576417917E-1,1.909371948E1,-8.413742065E0,-3.917718506E1,4.438708155E1
6.676857914E-1,1.981977081E1,-8.417381287E0,-3.928143311E1,4.479627897E1
6.777297915E-1,2.032939911E1,-8.574851990E0,-3.917657471E1,4.496239051E1
6.877747914E-1,2.042347717E1,-8.706413269E0,-3.858691406E1,4.451819840E1
6.978187915E-1,2.035758591E1,-8.986541748E0,-3.894946289E1,4.485810848E1
7.078627916E-1,2.000543594E1,-9.325096130E0,-3.891479492E1,4.473853092E1
7.179067917E-1,1.956559372E1,-9.692024231E0,-3.893994141E1,4.464377704E1
7.279507914E-1,1.865932846E1,-1.047768402E1,-3.923303223E1,4.468985588E1
7.379957917E-1,1.773507690E1,-1.128677368E1,-3.953137207E1,4.477335805E1
7.480397914E-1,1.720637512E1,-1.227323914E1,-3.950018311E1,4.479906482E1
7.580837915E-1,1.635644150E1,-1.346103668E1,-3.947998047E1,4.480403492E1
7.681277916E-1,1.579202461E1,-1.407739639E1,-3.905352783E1,4.441552844E1
7.781717917E-1,1.595421028E1,-1.425025940E1,-3.946093750E1,4.488621511E1
7.882167916E-1,1.657276344E1,-1.399438858E1,-3.913500977E1,4.474425538E1
7.982607917E-1,1.714599800E1,-1.363812256E1,-3.928350830E1,4.497974721E1
8.083047918E-1,1.738802528E1,-1.313033295E1,-3.952075195E1,4.512913584E1
8.183487915E-1,1.725343513E1,-1.254093170E1,-3.912377930E1,4.456036466E1
8.283927916E-1,1.675376320E1,-1.208266449E1,-3.964947510E1,4.470749644E1
8.384377914E-1,1.624097633E1,-1.188568115E1,-3.979687500E1,4.459630017E1
8.484817916E-1,1.579444122E1,-1.181714630E1,-3.991186523E1,4.452040326E1
8.585257917E-1,1.533465195E1,-1.183564758E1,-4.044036865E1,4.484035594E1
8.685697918E-1,1.442297554E1,-1.214628601E1,-4.045849609E1,4.463680537E1
8.786137914E-1,1.366066933E1,-1.232738495E1,-4.114593506E1,4.507289960E1
8.886587918E-1,1.284959602E1,-1.245152283E1,-4.126867676E1,4.498062049E1
8.987027914E-1,1.225516701E1,-1.238462830E1,-4.118194580E1,4.471600157E1
9.087467915E-1,1.120838928E1,-1.233985138E1,-4.170452881E1,4.491288953E1
9.187907916E-1,1.058768082E1,-1.221870422E1,-4.131518555E1,4.436598105E1
9.288347918E-1,9.899955750E0,-1.176326752E1,-4.217749023E1,4.489236315E1
9.388797916E-1,1.048522949E1,-1.090293884E1,-4.170764160E1,4.436599465E1
9.489237918E-1,1.018528748E1,-1.054759979E1,-4.184552002E1,4.434004384E1
9.589677914E-1,1.000768280E1,-1.016515350E1,-4.227618408E1,4.461793139E1
9.690117915E-1,1.038064575E1,-1.011582184E1,-4.227880859E1,4.469435438E1
9.790557916E-1,1.008576202E1,-9.768356323E0,-4.201800537E1,4.430187531E1
9.891007915E-1,1.007582474E1,-9.334236145E0,-4.266387939E1,4.482027235E1
9.991447916E-1,1.007582474E1,-9.334236145E0,-4.266387939E1,4.482027235E1
1.009188792E0,1.010801315E1,-8.957229614E0,-4.232641602E1,4.442892509E1
1.019232791E0,9.951679230E0,-8.379440308E0,-4.266400146E1,4.460345234E1
1.029276791E0,9.999042511E0,-7.890518188E0,-4.276702881E1,4.462353506E1
1.039321791E0,9.854537964E0,-7.254348755E0,-4.252655029E1,4.425206181E1
1.049365791E0,9.640596390E0,-6.745574951E0,-4.289221191E1,4.447679983E1
1.059409792E0,9.489171982E0,-6.263938904E0,-4.264471436E1,4.413448740E1
1.069453792E0,9.465156555E0,-5.943122864E0,-4.291796875E1,4.434931724E1
1.079497791E0,9.326303482E0,-5.859077454E0,-4.326159668E1,4.464162265E1
1.089542792E0,9.055965424E0,-5.982292175E0,-4.271472168E1,4.407205211E1
1.099586792E0,8.792078018E0,-6.110778809E0,-4.293646240E1,4.425135091E1
1.109630791E0,8.637287140E0,-6.484924316E0,-4.271789551E1,4.406217844E1
1.119674792E0,8.320243835E0,-6.873130798E0,-4.261114502E1,4.395652471E1
1.129718792E0,8.433572769E0,-7.150405884E0,-4.312261963E1,4.451756707E1
1.139763792E0,8.384021759E0,-7.320281982E0,-4.279052734E1,4.421433681E1
1.149807792E0,8.520713806E0,-7.382827759E0,-4.285321045E1,4.431146979E1
1.159851792E0,8.674823761E0,-7.419082642E0,-4.261761475E1,4.411979648E1
1.169895791E0,8.693513870E0,-7.490211487E0,-4.239538574E1,4.392094243E1
1.179939792E0,8.413215637E0,-7.579704285E0,-4.300177002E1,4.446781240E1
1.189984791E0,8.228263855E0,-7.715469360E0,-4.283062744E1,4.429103115E1
1.200028792E0,7.992307663E0,-7.807571411E0,-4.303973389E1,4.446632261E1
1.210072792E0,7.786062241E0,-7.906028748E0,-4.324084473E1,4.464189410E1
1.220116792E0,7.587322235E0,-8.052238464E0,-4.279821777E1,4.420512920E1
1.230160917E0,7.285835266E0,-8.319526672E0,-4.334197998E1,4.473058404E1
1.240204917E0,7.144031525E0,-8.476280212E0,-4.301757812E1,4.442292809E1
1.250249917E0,6.908821106E0,-8.543930054E0,-4.296038818E1,4.434326897E1
1.260293917E0,6.823202133E0,-8.524253845E0,-4.362048340E1,4.496627139E1
1.270337916E0,6.838949203E0,-8.585929871E0,-4.308673096E1,4.446297114E1
1.280381917E0,6.877107620E0,-8.479904175E0,-4.345159912E1,4.480228622E1
1.290426916E0,6.839298248E0,-8.580314636E0,-4.328002930E1,4.464928595E1
1.300470917E0,6.971569061E0,-8.605026245E0,-4.306665039E1,4.446780440E1
1.310514917E0,7.019540787E0,-8.624473572E0,-4.327600098E1,4.468185043E1
1.320558917E0,7.241144180E0,-8.687141418E0,-4.308624268E1,4.454576190E1
1.330602916E0,7.359460831E0,-8.772064209E0,-4.314538574E1,4.463894135E1
1.340646917E0,7.484216690E0,-8.849998474E0,-4.307910156E1,4.461104083E1
1.350691916E0,7.564861298E0,-9.120483398E0,-4.279858398E1,4.440866058E1
1.360735917E0,7.534793854E0,-9.135826111E0,-4.303875732E1,4.463822431E1
1.370779917E0,7.616664886E0,-9.283943176E0,-4.290722656E1,4.455597913E1
1.380823917E0,7.702898026E0,-9.432136536E0,-4.276037598E1,4.446065217E1
1.390867916E0,7.540384293E0,-9.521224976E0,-4.311999512E1,4.479782472E1
1.400912917E0,7.624675751E0,-9.649101257E0,-4.264465332E1,4.438251111E1
1.410956916E0,7.600711823E0,-9.702575684E0,-4.285705566E1,4.459414777E1
1.421000917E0,7.602863312E0,-9.796340942E0,-4.254724121E1,4.431748595E1
1.431044917E0,7.712045670E0,-9.816268921E0,-4.258703613E1,4.437894130E1
1.441088917E0,7.734878540E0,-9.805229187E0,-4.316717529E1,4.493746642E1
1.451133917E0,7.864652634E0,-9.916580200E0,-4.285302734E1,4.468303119E1
1.461177917E0,7.737440109E0,-9.845115662E0,-4.300927734E1,4.479500217E1
1.471221916E0,7.785102844E0,-9.921554565E0,-4.291644287E1,4.473104224E1
1.481265916E0,7.897424698E0,-1.011024475E1,-4.284930420E1,4.472861764E1
1.491309917E0,7.897424698E0,-1.011024475E1,-4.284930420E1,4.472861764E1
1.501354916E0,7.724607468E0,-1.023101044E1,-4.320623779E1,4.506797221E1
1.511398917E0,7.831979752E0,-1.044314575E1,-4.265649414E1,4.460914360E1
1.521442917E0,7.703601837E0,-1.052040863E1,-4.277441406E1,4.471772554E1
1.531486917E0,7.852941513E0,-1.059023285E1,-4.310168457E1,4.507301782E1
1.541530916E0,7.651473999E0,-1.070234680E1,-4.256323242E1,4.455012947E1
1.551575917E0,7.818544388E0,-1.087709045E1,-4.311413574E1,4.514719741E1
1.561619916E0,7.836053848E0,-1.099121857E1,-4.303820801E1,4.510540959E1
1.571663917E0,7.855401993E0,-1.113772583E1,-4.274804688E1,4.486816008E1
1.581707917E0,8.050628662E0,-1.134784698E1,-4.342028809E1,4.559503998E1
1.591751917E0,8.179157257E0,-1.111663055E1,-4.291168213E1,4.507649666E1
1.601796917E0,8.303052902E0,-1.121264648E1,-4.337445068E1,4.556322092E1
1.611840917E0,8.457963943E0,-1.134941864E1,-4.340246582E1,4.565216859E1
1.621884916E0,8.364784241E0,-1.141897583E1,-4.282525635E1,4.510393781E1
1.631928917E0,8.411293030E0,-1.154626465E1,-4.288635254E1,4.520293477E1
1.641972917E0,8.385253906E0,-1.173175812E1,-4.263952637E1,4.501195220E1
1.652017917E0,8.435796738E0,-1.191825867E1,-4.274151611E1,4.516685462E1
1.662061917E0,8.394214630E0,-1.214770508E1,-4.311883545E1,4.557700680E1
1.672105917E0,8.376420975E0,-1.227612305E1,-4.273608398E1,4.524644185E1
1.682149916E0,8.349042892E0,-1.235066223E1,-4.284625244E1,4.536569985E1
1.692193917E0,8.262342453E0,-1.264276123E1,-4.250122070E1,4.510498282E1
1.702238916E0,8.237335205E0,-1.281011200E1,-4.228851318E1,4.494742493E1
1.712282917E0,8.331758499E0,-1.287516785E1,-4.270135498E1,4.537172979E1
1.722326917E0,8.367757797E0,-1.325341797E1,-4.246057129E1,4.526115965E1
1.732370917E0,8.374368668E0,-1.327011871E1,-4.269970703E1,4.549165948E1
1.742414916E0,8.444093704E0,-1.334225464E1,-4.276434326E1,4.558626473E1
1.752458917E0,8.421627045E0,-1.347819519E1,-4.250042725E1,4.537479326E1
1.762503916E0,8.437654495E0,-1.344353485E1,-4.258831787E1,4.544983456E1
1.772547917E0,8.430709839E0,-1.348930359E1,-4.219140625E1,4.509049724E1
1.782591917E0,8.348806381E0,-1.356113434E1,-4.217828369E1,4.508452670E1
1.792635917E0,8.331604004E0,-1.365644836E1,-4.252191162E1,4.543156584E1
1.802679916E0,8.285072327E0,-1.372388458E1,-4.238269043E1,4.531313143E1
1.812724917E0,8.287506104E0,-1.371491241E1,-4.269891357E1,4.560678459E1
1.822768916E0,8.292608261E0,-1.384622192E1,-4.224176025E1,4.522003453E1
1.832812916E0,8.405588150E0,-1.383615112E1,-4.205651855E1,4.506488370E1
1.842856917E0,8.520967484E0,-1.383759689E1,-4.254412842E1,4.554216549E1
1.852900917E0,8.359512329E0,-1.396350098E1,-4.226879883E1,4.529362163E1
1.862945917E0,8.365934372E0,-1.391473389E1,-4.281353760E1,4.578872873E1
1.872989917E0,8.079656601E0,-1.396959305E1,-4.251959229E1,4.547907331E1
1.883033917E0,8.121574402E0,-1.401192856E1,-4.201336670E1,4.502684859E1
1.893077916E0,7.891517639E0,-1.410479736E1,-4.242108154E1,4.539569934E1
1.903121917E0,8.054546356E0,-1.400434113E1,-4.216448975E1,4.515353234E1
1.913166916E0,8.104494095E0,-1.394627762E1,-4.236260986E1,4.532959517E1
1.923210917E0,8.210872650E0,-1.387401581E1,-4.255999756E1,4.551109905E1
1.933254917E0,8.125865936E0,-1.390586853E1,-4.228686523E1,4.525021379E1
1.943298917E0,8.113821030E0,-1.389902878E1,-4.245825195E1,4.540616975E1
1.953342916E0,8.200460434E0,-1.384156418E1,-4.239471436E1,4.534477098E1
1.963387917E0,8.106681824E0,-1.380302811E1,-4.225585938E1,4.518627587E1
1.973431916E0,7.870000839E0,-1.383174896E1,-4.279846191E1,4.566138998E1
1.983475917E0,7.870000839E0,-1.383174896E1,-4.279846191E1,4.566138998E1
1.993519917E0,8.032016754E0,-1.384156418E1,-4.244171143E1,4.535858310E1
2.003563917E0,8.040128708E0,-1.377210236E1,-4.272735596E1,4.560637477E1
2.013608917E0,7.886219025E0,-1.374285126E1,-4.252807617E1,4.538387020E1
2.023652917E0,7.801643372E0,-1.362152100E1,-4.197308350E1,4.481240020E1
2.033696916E0,7.610164642E0,-1.350919342E1,-4.253979492E1,4.527744543E1
2.043740917E0,7.779903412E0,-1.343569946E1,-4.236816406E1,4.512323396E1
2.053784917E0,7.756649017E0,-1.346128845E1,-4.244726562E1,4.520113107E1
2.063829917E0,7.657855988E0,-1.345744324E1,-4.280334473E1,4.551781911E1
2.073873917E0,7.615917206E0,-1.332537842E1,-4.239624023E1,4.508890208E1
2.083917917E0,7.710817337E0,-1.317134094E1,-4.276983643E1,4.541145047E1
2.093961916E0,7.632497787E0,-1.311302185E1,-4.225915527E1,4.490036268E1
2.104005917E0,7.572841644E0,-1.302376556E1,-4.207885742E1,4.469448111E1
2.114049917E0,7.672641754E0,-1.289268494E1,-4.243493652E1,4.500905014E1
2.124094917E0,7.687673569E0,-1.296788025E1,-4.234027100E1,4.494401841E1
2.134138917E0,7.773494720E0,-1.292294312E1,-4.260986328E1,4.519989079E1
2.144182917E0,7.822477341E0,-1.279536438E1,-4.265441895E1,4.521406813E1
2.154226916E0,7.779933929E0,-1.281858063E1,-4.225396729E1,4.483571269E1
2.164270916E0,7.951389313E0,-1.272406769E1,-4.255529785E1,4.512294168E1
2.174315916E0,7.903415680E0,-1.264868927E1,-4.253436279E1,4.507355475E1
2.184359916E0,7.878070831E0,-1.262047577E1,-4.260821533E1,4.513092534E1
2.194403917E0,7.891511917E0,-1.263959503E1,-4.285656738E1,4.537312741E1
2.204447917E0,7.968736649E0,-1.252362823E1,-4.231652832E1,4.484451580E1
2.214491917E0,8.019969940E0,-1.233526611E1,-4.257373047E1,4.504443622E1
2.224536917E0,8.024574280E0,-1.240422058E1,-4.231860352E1,4.482323822E1
2.234580583E0,7.982624054E0,-1.236210632E1,-4.231286621E1,4.479868979E1
2.244624583E0,7.993869781E0,-1.231361389E1,-4.294378662E1,4.538387214E1
2.254668583E0,7.743284225E0,-1.216254425E1,-4.253625488E1,4.491346026E1
2.264712583E0,7.732254028E0,-1.199447632E1,-4.265460205E1,4.497855367E1
2.274757583E0,7.862989426E0,-1.197139740E1,-4.274365234E1,4.507949394E1
2.284801583E0,7.915470123E0,-1.198430634E1,-4.239947510E1,4.476598881E1
2.294845583E0,7.804107666E0,-1.187277222E1,-4.281201172E1,4.510803880E1
2.304889583E0,7.770862579E0,-1.187774658E1,-4.277136230E1,4.506502638E1
2.314933583E0,7.973707199E0,-1.185974884E1,-4.285595703E1,4.517595270E1
2.324977583E0,8.011941910E0,-1.183576965E1,-4.316070557E1,4.546562615E1
2.335022583E0,7.985830307E0,-1.172133636E1,-4.270880127E1,4.500227681E1
2.345066583E0,8.007707596E0,-1.158339691E1,-4.325494385E1,4.548943429E1
2.355110583E0,7.919204712E0,-1.144841766E1,-4.278845215E1,4.499590768E1
2.365154583E0,8.055376053E0,-1.132373047E1,-4.290423584E1,4.509866304E1
2.375198583E0,8.136638641E0,-1.134825897E1,-4.339501953E1,4.558635311E1
2.385243583E0,8.038351059E0,-1.131444550E1,-4.300781250E1,4.519185436E1
2.395287583E0,8.101646423E0,-1.102576447E1,-4.341302490E1,4.551807210E1
2.405331583E0,8.050464630E0,-1.079871368E1,-4.346923828E1,4.550820667E1
2.415375583E0,8.069234848E0,-1.063095856E1,-4.295605469E1,4.498169033E1
2.425419583E0,8.098123550E0,-1.042642212E1,-4.332324219E1,4.529010043E1
2.435464583E0,8.066686630E0,-1.032427979E1,-4.311083984E1,4.505781506E1
2.445508583E0,8.034729004E0,-1.003505707E1,-4.321575928E1,4.508726084E1
2.455552583E0,8.048830032E0,-9.833183289E0,-4.347216797E1,4.529132970E1
2.465596583E0,8.187786102E0,-9.595878601E0,-4.286474609E1,4.468229163E1
2.475640583E0,8.187786102E0,-9.595878601E0,-4.286474609E1,4.468229163E1
2.485685583E0,8.377592087E0,-9.140197754E0,-4.324334717E1,4.498571260E1
2.495729583E0,8.374961853E0,-8.855697632E0,-4.267614746E1,4.438261967E1
2.505773583E0,8.386789322E0,-8.485458374E0,-4.291448975E1,4.454205506E1
2.515817583E0,8.411233902E0,-7.873970032E0,-4.331408691E1,4.482028988E1
2.525861583E0,8.436862946E0,-7.233642578E0,-4.329840088E1,4.470187647E1
2.535905583E0,8.374410629E0,-6.649536133E0,-4.345404053E1,4.475042706E1
2.545950583E0,8.277332306E0,-6.092491150E0,-4.342907715E1,4.462866142E1
2.555994583E0,8.385683060E0,-5.730606079E0,-4.331030273E1,4.448529925E1
2.566038583E0,8.356372833E0,-5.346366882E0,-4.362951660E1,4.474312600E1
2.576082583E0,8.347139359E0,-5.050811768E0,-4.343884277E1,4.452098939E1
2.586126583E0,8.364986420E0,-4.631416321E0,-4.348327637E1,4.452211067E1
2.596171583E0,8.436641693E0,-4.183158875E0,-4.394836426E1,4.494590596E1
2.606215583E0,8.595657349E0,-3.867721558E0,-4.349725342E1,4.450680454E1
2.616259583E0,8.675951004E0,-3.217369080E0,-4.365899658E1,4.462881997E1
2.626303583E0,8.776798248E0,-2.950134277E0,-4.357202148E1,4.454499451E1
2.636347583E0,8.796146393E0,-2.580085754E0,-4.351806641E1,4.447303832E1
2.646391583E0,8.687503815E0,-2.237030029E0,-4.397900391E1,4.488462777E1
2.656436583E0,8.737546921E0,-2.073287964E0,-4.359197998E1,4.450734735E1
2.666480583E0,8.851867676E0,-1.767982483E0,-4.399505615E1,4.491153849E1
2.676524583E0,8.546890259E0,-1.932662964E0,-4.376013184E1,4.462884334E1
2.686568583E0,8.654438019E0,-1.908050537E0,-4.346032715E1,4.435470652E1
2.696612583E0,8.652976990E0,-1.893623352E0,-4.372290039E1,4.461111788E1
2.706657583E0,8.835350037E0,-1.907440186E0,-4.347241211E1,4.440216608E1
2.716701583E0,8.711997986E0,-1.835510254E0,-4.375494385E1,4.465157464E1
2.726745583E0,8.718055725E0,-1.789451599E0,-4.374920654E1,4.464526521E1
2.736789583E0,8.577423096E0,-1.792846680E0,-4.332019043E1,4.419757216E1
2.746833583E0,8.501234055E0,-1.759262085E0,-4.368859863E1,4.454278431E1
2.756878583E0,8.454399109E0,-1.721488953E0,-4.357696533E1,4.442288032E1
2.766922583E0,8.724449158E0,-1.835487366E0,-4.343634033E1,4.434186158E1
2.776966583E0,8.658067703E0,-1.805740356E0,-4.354754639E1,4.443660238E1
2.787010583E0,8.690435410E0,-1.975280762E0,-4.314843750E1,4.405919950E1
2.797054583E0,8.812072754E0,-1.947021484E0,-4.348144531E1,4.440810292E1
2.807099583E0,8.861297607E0,-1.975975037E0,-4.371948242E1,4.465221401E1
2.817143583E0,8.667291641E0,-2.048744202E0,-4.346997070E1,4.437293826E1
2.827187583E0,8.496639252E0,-1.878021240E0,-4.366674805E1,4.452532681E1
2.837231583E0,8.663627625E0,-1.875198364E0,-4.351196289E1,4.440569476E1
2.847275583E0,8.494493484E0,-1.857017517E0,-4.355383301E1,4.441330097E1
2.857319583E0,8.656435013E0,-1.864875793E0,-4.388269043E1,4.476719947E1
2.867364583E0,8.668085098E0,-1.869621277E0,-4.336840820E1,4.426567534E1
2.877408583E0,8.696966171E0,-1.825599670E0,-4.379315186E1,4.468568209E1
2.887452583E0,8.658082962E0,-1.877601624E0,-4.339324951E1,4.428839455E1
2.897496583E0,8.857172012E0,-2.022720337E0,-4.326123047E1,4.420492003E1
2.907540583E0,8.652570724E0,-1.917190552E0,-4.361816406E1,4.450940166E1
2.917585583E0,8.617874146E0,-1.853729248E0,-4.330450439E1,4.419258046E1
2.927629583E0,8.628215790E0,-1.729988098E0,-4.371289062E1,4.458986178E1
2.937673583E0,8.618824005E0,-1.772987366E0,-4.383636475E1,4.471078713E1
2.947717583E0,8.807956696E0,-1.812774658E0,-4.328906250E1,4.421322410E1
2.957761583E0,8.723926544E0,-1.762268066E0,-4.360345459E1,4.450251381E1
2.967805583E0,8.723926544E0,-1.762268066E0,-4.360345459E1,4.450251381E1
2.977850583E0,8.654939651E0,-1.772171021E0,-4.342529297E1,4.431483544E1
2.987894583E0,8.723997116E0,-1.747322083E0,-4.373712158E1,4.463291459E1
2.997938583E0,8.688526154E0,-1.670066833E0,-4.378790283E1,4.467281102E1
3.007982583E0,8.376123428E0,-1.708946228E0,-4.331774902E1,4.415322549E1
3.018026583E0,8.437522888E0,-1.789047241E0,-4.375799561E1,4.459994016E1
3.028071583E0,8.404468536E0,-1.746505737E0,-4.351818848E1,4.435671428E1
3.038115583E0,8.261034012E0,-1.825241089E0,-4.344158936E1,4.425774366E1
3.048159583E0,8.269660950E0,-1.856567383E0,-4.378594971E1,4.459869422E1
3.058203583E0,8.222208023E0,-1.882621765E0,-4.326733398E1,4.408186883E1
3.068247583E0,8.349048615E0,-1.923843384E0,-4.349462891E1,4.433046954E1
3.078292583E0,8.294885635E0,-2.008979797E0,-4.362103271E1,4.444812282E1
3.088336583E0,8.313423157E0,-2.201560974E0,-4.329608154E1,4.414193644E1
3.098380583E0,8.274047852E0,-2.120376587E0,-4.368737793E1,4.451452409E1
3.108424583E0,8.108369827E0,-2.249580383E0,-4.354901123E1,4.435451107E1
3.118468583E0,8.042331696E0,-2.169929504E0,-4.377252197E1,4.455806743E1
3.128512583E0,8.025205612E0,-2.252876282E0,-4.381280518E1,4.459866897E1
3.138557583E0,8.062784195E0,-2.500106812E0,-4.337872314E1,4.419245009E1
3.148601583E0,7.828470230E0,-2.488899231E0,-4.385504150E1,4.461775690E1
3.158645583E0,7.731937408E0,-2.581115723E0,-4.346789551E1,4.422559162E1
3.168689583E0,7.833261490E0,-2.790306091E0,-4.335382080E1,4.414407742E1
3.178733583E0,7.796220779E0,-2.897026062E0,-4.389617920E1,4.467715710E1
3.188778583E0,7.777120590E0,-3.124313354E0,-4.353228760E1,4.433176065E1
3.198822583E0,7.844778061E0,-3.299690247E0,-4.405908203E1,4.487350229E1
3.208866583E0,7.664478302E0,-3.485893250E0,-4.407653809E1,4.487356559E1
3.218910583E0,7.775592804E0,-3.585945129E0,-4.362023926E1,4.445271779E1
3.228955208E0,7.684963226E0,-3.743850708E0,-4.385687256E1,4.468221513E1
3.238999208E0,7.770162582E0,-4.021270752E0,-4.384210205E1,4.470655385E1
3.249044208E0,7.751108170E0,-4.178153992E0,-4.426544189E1,4.513275966E1
3.259088208E0,7.701354980E0,-4.343658447E0,-4.412957764E1,4.500664239E1
3.269132208E0,7.626882553E0,-4.586647034E0,-4.382189941E1,4.471650184E1
3.279176208E0,7.661479950E0,-4.859260559E0,-4.426025391E1,4.518053523E1
3.289220208E0,7.758567810E0,-4.902229309E0,-4.386218262E1,4.481203288E1
3.299265208E0,7.481815338E0,-5.187156677E0,-4.369732666E1,4.463564173E1
3.309309208E0,7.229833603E0,-5.501296997E0,-4.420825195E1,4.513207621E1
3.319353208E0,7.074193954E0,-5.851005554E0,-4.397912598E1,4.492707433E1
3.329397208E0,7.085996628E0,-6.265144348E0,-4.421203613E1,4.521247086E1
3.339441208E0,7.132648468E0,-6.602539062E0,-4.423022461E1,4.528554919E1
3.349485208E0,7.274168015E0,-7.039878845E0,-4.382067871E1,4.497471842E1
3.359530208E0,7.360980988E0,-7.303550720E0,-4.434857178E1,4.554472212E1
3.369574208E0,7.601902008E0,-7.357460022E0,-4.411138916E1,4.536227271E1
3.379618208E0,7.641351700E0,-7.759040833E0,-4.412701416E1,4.545092242E1
3.389662208E0,7.709299088E0,-7.864883423E0,-4.421527100E1,4.556621416E1
3.399706208E0,7.730558395E0,-8.159873962E0,-4.397637939E1,4.539016436E1
3.409751208E0,8.037977219E0,-8.306915283E0,-4.437957764E1,4.586023147E1
3.419795208E0,8.243539810E0,-8.572021484E0,-4.396850586E1,4.554849074E1
3.429839208E0,8.264003754E0,-8.583854675E0,-4.382775879E1,4.541859487E1
3.439883208E0,8.339012146E0,-8.472572327E0,-4.406530762E1,4.564071582E1
3.449927208E0,8.341894150E0,-8.395561218E0,-4.407012939E1,4.563166610E1
3.459971208E0,8.408882141E0,-8.628753662E0,-4.367022705E1,4.530180371E1
3.470016208E0,8.520265579E0,-8.636703491E0,-4.408489990E1,4.572380094E1
3.480060208E0,8.748813629E0,-8.759574890E0,-4.391326904E1,4.562507085E1
3.490104208E0,8.924867630E0,-8.762939453E0,-4.395056152E1,4.569566969E1
3.500148208E0,9.135372162E0,-8.747962952E0,-4.419885254E1,4.597304043E1
3.510192208E0,9.175666809E0,-8.847740173E0,-4.408435059E1,4.589014419E1
3.520237208E0,9.297779083E0,-8.730270386E0,-4.467663574E1,4.646146896E1
3.530281208E0,9.368350983E0,-8.871994019E0,-4.466235352E1,4.648875240E1
3.540325208E0,9.385547638E0,-8.920654297E0,-4.429461670E1,4.614845226E1
3.550369208E0,9.522502899E0,-8.914619446E0,-4.468066406E1,4.654578652E1
3.560413208E0,9.680936813E0,-9.105056763E0,-4.429290771E1,4.624374844E1
3.570457208E0,9.839336395E0,-9.254638672E0,-4.401696777E1,4.604296178E1
3.580502208E0,9.884099960E0,-9.125625610E0,-4.460662842E1,4.659102675E1
3.590546208E0,9.688800812E0,-9.422866821E0,-4.421289062E1,4.623248834E1
3.600590208E0,9.631578445E0,-9.799949646E0,-4.448742676E1,4.656111528E1
3.610634208E0,9.408271790E0,-1.011862183E1,-4.446710205E1,4.656420568E1
3.620678208E0,9.266729355E0,-1.038803864E1,-4.408428955E1,4.622994922E1
3.630722208E0,9.176420212E0,-1.073391724E1,-4.432739258E1,4.652248274E1
3.640767208E0,9.243949890E0,-1.107329559E1,-4.401007080E1,4.631365691E1
3.650811208E0,9.132528305E0,-1.129425049E1,-4.422430420E1,4.654838611E1
3.660855208E0,9.188188553E0,-1.145446014E1,-4.485565186E1,4.719806108E1
3.670899208E0,9.015266418E0,-1.172891235E1,-4.448547363E1,4.688069729E1
3.680943208E0,9.100307465E0,-1.194241333E1,-4.479376221E1,4.724317903E1
3.690988208E0,8.703884125E0,-1.226570892E1,-4.443621826E1,4.691250055E1
3.701032208E0,8.816738129E0,-1.242177582E1,-4.438946533E1,4.693037415E1
3.711076208E0,8.541093826E0,-1.273760986E1,-4.467004395E1,4.722933214E1
3.721120208E0,8.399385452E0,-1.290557098E1,-4.454742432E1,4.713360215E1
3.731164208E0,8.347951889E0,-1.314255905E1,-4.479492188E1,4.742362476E1
3.741208208E0,8.434072495E0,-1.327002335E1,-4.481292725E1,4.749132075E1
3.751253208E0,8.365186691E0,-1.349594498E1,-4.435107422E1,4.710769219E1
3.761297208E0,8.323474884E0,-1.363768005E1,-4.490966797E1,4.766702034E1
3.771341208E0,7.951234818E0,-1.391012573E1,-4.465686035E1,4.744416623E1
3.781385208E0,7.759548187E0,-1.397724152E1,-4.492541504E1,4.768507927E1
3.791429208E0,7.656913757E0,-1.433234406E1,-4.503479004E1,4.787668251E1
3.801474208E0,7.242052078E0,-1.439783478E1,-4.468218994E1,4.749992697E1
3.811518208E0,7.170688629E0,-1.460744858E1,-4.493383789E1,4.778960260E1
3.821562208E0,7.257617950E0,-1.475045013E1,-4.479022217E1,4.771176793E1
3.831606208E0,7.208461761E0,-1.484720230E1,-4.442199707E1,4.738897721E1
3.841650208E0,7.136791229E0,-1.496908569E1,-4.492144775E1,4.788469258E1
3.851694208E0,6.964420319E0,-1.499916840E1,-4.470904541E1,4.766945505E1
3.861739208E0,6.907192230E0,-1.514680481E1,-4.507208252E1,4.804818023E1
3.871783208E0,6.691801071E0,-1.535708618E1,-4.513574219E1,4.814411200E1
3.881827208E0,6.820545197E0,-1.567576218E1,-4.470135498E1,4.785875566E1
3.891871208E0,6.572891235E0,-1.590655518E1,-4.508044434E1,4.825420042E1
3.901915208E0,6.468864441E0,-1.606349564E1,-4.487841797E1,4.810358093E1
3.911959208E0,6.453147888E0,-1.619784164E1,-4.510015869E1,4.835325745E1
3.922004208E0,6.436317444E0,-1.639889145E1,-4.547686768E1,4.876981973E1
3.932048208E0,6.141937256E0,-1.660846329E1,-4.504034424E1,4.839625042E1
3.942092208E0,5.947471619E0,-1.684518814E1,-4.527386475E1,4.867089080E1
3.952136208E0,5.947471619E0,-1.684518814E1,-4.527386475E1,4.867089080E1
3.962180208E0,5.851228714E0,-1.687504196E1,-4.508441162E1,4.849338192E1
3.972225208E0,5.917343140E0,-1.695520020E1,-4.495599365E1,4.841007260E1
3.982269208E0,5.799762726E0,-1.705807114E1,-4.544244385E1,4.888384949E1
3.992313208E0,5.699487686E0,-1.721373749E1,-4.510443115E1,4.861282370E1
4.002357208E0,5.530361176E0,-1.734916687E1,-4.557006836E1,4.907351237E1
4.012401208E0,5.290695190E0,-1.756821823E1,-4.553179932E1,4.908949477E1
4.022445208E0,5.129981995E0,-1.773966599E1,-4.536669922E1,4.898111741E1
4.032490208E0,5.011205673E0,-1.781319809E1,-4.572381592E1,4.932635756E1
4.042534208E0,4.797641754E0,-1.789249039E1,-4.510705566E1,4.876274243E1
4.052578208E0,4.750526428E0,-1.807504272E1,-4.561657715E1,4.929651896E1
4.062622208E0,4.661664963E0,-1.819586563E1,-4.583544922E1,4.953492759E1
4.072666208E0,4.477947235E0,-1.844474030E1,-4.545660400E1,4.926015939E1
4.082711208E0,4.240201950E0,-1.861914444E1,-4.596179199E1,4.977085669E1
4.092755208E0,4.314695358E0,-1.874871826E1,-4.586120605E1,4.973310018E1
4.102799208E0,4.065965652E0,-1.890013885E1,-4.576562500E1,4.968138240E1
4.112843208E0,3.994432449E0,-1.908111572E1,-4.620819092E1,5.015218216E1
4.122887208E0,3.645196915E0,-1.910724258E1,-4.581048584E1,4.976921531E1
4.132931208E0,3.517879486E0,-1.921559525E1,-4.611962891E1,5.008627304E1
4.142976208E0,3.480846405E0,-1.937847519E1,-4.641290283E1,5.041625870E1
4.153020208E0,3.425670624E0,-1.944288635E1,-4.621630859E1,5.025642475E1
4.163064208E0,3.138378143E0,-1.938190460E1,-4.644476318E1,5.042443525E1
4.173108208E0,2.974086761E0,-1.968582916E1,-4.611572266E1,5.022984111E1
4.183152208E0,2.866403580E0,-1.972994232E1,-4.654620361E1,5.063631073E1
4.193196208E0,2.565660477E0,-1.974072647E1,-4.667755127E1,5.074517403E1
4.203241208E0,2.419450760E0,-1.983909225E1,-4.648461914E1,5.059904288E1
4.213285208E0,1.977788925E0,-1.989651871E1,-4.652868652E1,5.064288475E1
4.223329208E0,1.903533936E0,-2.001184845E1,-4.687823486E1,5.100653315E1
4.233372792E0,1.790081024E0,-2.014445496E1,-4.677923584E1,5.096371613E1
4.243416792E0,1.695589066E0,-2.031636047E1,-4.697515869E1,5.120834951E1
4.253460791E0,1.739627838E0,-2.058200073E1,-4.696942139E1,5.131054087E1
4.263505792E0,1.371500015E0,-2.056286621E1,-4.713366699E1,5.144215240E1
4.273549791E0,1.014217377E0,-2.056945038E1,-4.695916748E1,5.127664513E1
4.283593792E0,7.681236267E-1,-2.080987930E1,-4.689965820E1,5.131490066E1
4.293637792E0,8.383197784E-1,-2.074062729E1,-4.728381348E1,5.163947538E1
4.303681792E0,5.329589844E-1,-2.082801437E1,-4.709271240E1,5.149576477E1
4.313726792E0,1.597232819E-1,-2.083534241E1,-4.744580078E1,5.181931123E1
4.323770792E0,-1.599216461E-1,-2.082221222E1,-4.761016846E1,5.196458638E1
4.333814791E0,-4.614315033E-1,-2.095900726E1,-4.744360352E1,5.186895429E1
4.343858792E0,-8.500976562E-1,-2.102202988E1,-4.766857910E1,5.210510378E1
4.353902792E0,-1.158601761E0,-2.118058014E1,-4.733172607E1,5.186763563E1
4.363946792E0,-1.392654419E0,-2.121049500E1,-4.722625732E1,5.178941943E1
4.373991792E0,-1.677293777E0,-2.119549561E1,-4.766912842E1,5.219586337E1
4.384035792E0,-1.706626892E0,-2.126829529E1,-4.733679199E1,5.192325910E1
4.394079791E0,-2.199155807E0,-2.134672546E1,-4.775219727E1,5.235256744E1
4.404123791E0,-2.684638977E0,-2.137625504E1,-4.759808350E1,5.224680965E1
4.414167792E0,-2.810834885E0,-2.132249069E1,-4.736529541E1,5.201942533E1
4.424211792E0,-2.810834885E0,-2.132249069E1,-4.736529541E1,5.201942533E1
4.434256792E0,-3.035253525E0,-2.140327835E1,-4.793151855E1,5.258082882E1
4.444300792E0,-3.297992706E0,-2.166923904E1,-4.790917969E1,5.268512290E1
4.454344791E0,-3.691759109E0,-2.177663422E1,-4.795220947E1,5.279455726E1
4.464388791E0,-3.791328430E0,-2.197092819E1,-4.808911133E1,5.300621176E1
4.474432792E0,-3.967868805E0,-2.215636444E1,-4.780157471E1,5.283596325E1
4.484477791E0,-4.367161751E0,-2.242565536E1,-4.826220703E1,5.339684211E1
4.494521792E0,-4.730758667E0,-2.264365005E1,-4.759393311E1,5.291783663E1
4.504565792E0,-5.072014809E0,-2.279294586E1,-4.745068359E1,5.288488526E1
4.514609792E0,-5.312400818E0,-2.305879974E1,-4.760650635E1,5.316304445E1
4.524653791E0,-5.474672318E0,-2.333145523E1,-4.742858887E1,5.313943810E1
4.534697792E0,-5.480718613E0,-2.348835754E1,-4.768774414E1,5.344026719E1
4.544742791E0,-5.401322365E0,-2.370394516E1,-4.748767090E1,5.334913483E1
4.554786792E0,-5.547985077E0,-2.386624527E1,-4.750061035E1,5.344797270E1
4.564830792E0,-5.749558449E0,-2.410556412E1,-4.757714844E1,5.364439111E1
4.574874792E0,-5.868930817E0,-2.451355743E1,-4.713769531E1,5.345391629E1
4.584918791E0,-6.034017563E0,-2.482810593E1,-4.719586182E1,5.366836670E1
4.594962792E0,-6.343576431E0,-2.509799576E1,-4.726312256E1,5.388833925E1
4.605007791E0,-6.618010521E0,-2.546663284E1,-4.677215576E1,5.366546381E1
4.615051792E0,-6.768357277E0,-2.579096985E1,-4.690777588E1,5.395668841E1
4.625095792E0,-6.828569412E0,-2.599850845E1,-4.660504150E1,5.380131686E1
4.635139792E0,-6.861599922E0,-2.610358810E1,-4.644720459E1,5.371984437E1
4.645183791E0,-6.949334145E0,-2.625158310E1,-4.678228760E1,5.409271017E1
4.655227792E0,-6.990612030E0,-2.621408463E1,-4.662615967E1,5.394483900E1
4.665272791E0,-7.157627106E0,-2.606431580E1,-4.708551025E1,5.429203864E1
4.675316792E0,-7.318105698E0,-2.591639328E1,-4.716479492E1,5.431143518E1
4.685360792E0,-7.357252121E0,-2.584733963E1,-4.703234863E1,5.416877276E1
4.695404792E0,-7.254954338E0,-2.553303146E1,-4.776654053E1,5.464624829E1
4.705448791E0,-7.433013916E0,-2.538743591E1,-4.767132568E1,5.451905071E1
4.715492791E0,-7.308467865E0,-2.513334274E1,-4.790289307E1,5.458741415E1
4.725537791E0,-7.327589989E0,-2.497431183E1,-4.807476807E1,5.466802677E1
4.735581791E0,-7.380560875E0,-2.507438278E1,-4.771044922E1,5.440114259E1
4.745625792E0,-7.321718216E0,-2.503305817E1,-4.762231445E1,5.429683594E1
4.755669792E0,-7.506623268E0,-2.516477966E1,-4.774456787E1,5.448999256E1
4.765713791E0,-7.606132507E0,-2.515983963E1,-4.765191650E1,5.442036318E1
4.775758792E0,-7.388712883E0,-2.515841293E1,-4.819604492E1,5.486709000E1
4.785802791E0,-7.376992226E0,-2.516692352E1,-4.804705811E1,5.473859558E1
4.795846791E0,-7.430147171E0,-2.507997894E1,-4.852331543E1,5.512462763E1
4.805890792E0,-7.523043633E0,-2.509590912E1,-4.858599854E1,5.519963853E1
4.815934792E0,-7.567510605E0,-2.498790741E1,-4.868420410E1,5.524323001E1
4.825978792E0,-7.450866699E0,-2.481822968E1,-4.879968262E1,5.525277335E1
4.836023792E0,-7.432295799E0,-2.454101944E1,-4.891217041E1,5.522590941E1
4.846067792E0,-7.260923386E0,-2.422056198E1,-4.945422363E1,5.554346826E1
4.856111791E0,-7.217978477E0,-2.390419006E1,-4.969439697E1,5.561512929E1
4.866155792E0,-7.139477730E0,-2.368673325E1,-4.946118164E1,5.530318222E1
4.876199792E0,-7.090611458E0,-2.342039490E1,-5.013031006E1,5.578386554E1
4.886243792E0,-6.939763069E0,-2.318071365E1,-5.010583496E1,5.564261401E1
4.896288792E0,-6.831737518E0,-2.285594940E1,-5.045782471E1,5.581271481E1
4.906332792E0,-6.742701530E0,-2.268799210E1,-5.098248291E1,5.620874107E1
4.916376791E0,-6.742701530E0,-2.268799210E1,-5.098248291E1,5.620874107E1
4.926420792E0,-6.685711861E0,-2.248416519E1,-5.083178711E1,5.598309574E1
4.936464792E0,-6.780604362E0,-2.243825150E1,-5.127557373E1,5.637939506E1
4.946508792E0,-6.851700783E0,-2.249476242E1,-5.154943848E1,5.665955124E1
4.956553792E0,-7.000132561E0,-2.250661087E1,-5.137005615E1,5.651930695E1
4.966597792E0,-7.128003120E0,-2.247089005E1,-5.208715820E1,5.717360735E1
4.976641791E0,-7.229498863E0,-2.249274063E1,-5.189178467E1,5.701707070E1
4.986685792E0,-7.379259109E0,-2.245296097E1,-5.234490967E1,5.743325247E1
4.996729792E0,-7.393183708E0,-2.254028702E1,-5.260028076E1,5.770193446E1
5.006773792E0,-7.924083710E0,-2.251876831E1,-5.192895508E1,5.715332365E1
5.016818792E0,-8.003933907E0,-2.260270309E1,-5.273760986E1,5.793272511E1
5.026862792E0,-8.186371803E0,-2.252624893E1,-5.252349854E1,5.773358184E1
5.036906791E0,-8.445274353E0,-2.271891403E1,-5.281140137E1,5.810779490E1
5.046950791E0,-8.590764999E0,-2.284624100E1,-5.329394531E1,5.861737437E1
5.056994792E0,-8.531852722E0,-2.311386490E1,-5.279455566E1,5.826069317E1
5.067038792E0,-8.642518044E0,-2.307093048E1,-5.318725586E1,5.861608258E1
5.077083792E0,-8.770555496E0,-2.316442108E1,-5.314880371E1,5.863709051E1
5.087127792E0,-9.017259598E0,-2.309484863E1,-5.306677246E1,5.857273550E1
5.097171791E0,-8.869426727E0,-2.299773026E1,-5.363745117E1,5.902997963E1
5.107215791E0,-9.103134155E0,-2.309239197E1,-5.354888916E1,5.902210729E1
5.117259792E0,-9.109928131E0,-2.304267883E1,-5.369445801E1,5.913586610E1
5.127303792E0,-9.078349113E0,-2.311076355E1,-5.434301758E1,5.974686079E1
5.137348792E0,-8.975942612E0,-2.336566162E1,-5.412005615E1,5.962803172E1
5.147392792E0,-8.954853058E0,-2.355103683E1,-5.443151855E1,5.998025460E1
5.157436792E0,-8.933744431E0,-2.387412643E1,-5.385211182E1,5.958049723E1
5.167480791E0,-8.868922234E0,-2.436404800E1,-5.365209961E1,5.958869364E1
5.177524792E0,-8.863900185E0,-2.494026947E1,-5.383203125E1,5.998727662E1
5.187568792E0,-8.941207886E0,-2.561848450E1,-5.355371094E1,6.003542206E1
5.197613792E0,-9.056367874E0,-2.609714890E1,-5.401849365E1,6.067187681E1
5.207657792E0,-9.482489586E0,-2.658306503E1,-5.358099365E1,6.055988636E1
5.217701792E0,-9.707830429E0,-2.702253342E1,-5.343182373E1,6.065821520E1
5.227745791E0,-1.005790901E1,-2.735813904E1,-5.375878906E1,6.115256909E1
5.237790416E0,-1.041399384E1,-2.775775146E1,-5.346032715E1,6.113060292E1
5.247834417E0,-1.081925106E1,-2.806476212E1,-5.371966553E1,6.156695161E1
5.257879416E0,-1.091194057E1,-2.833769226E1,-5.398120117E1,6.193597767E1
5.267923417E0,-1.120754242E1,-2.865590286E1,-5.330059814E1,6.154448422E1
5.277967417E0,-1.126367378E1,-2.904707336E1,-5.344665527E1,6.186394570E1
5.288011417E0,-1.154415512E1,-2.932791901E1,-5.298681641E1,6.165222675E1
5.298055416E0,-1.168838692E1,-2.983761215E1,-5.305853271E1,6.198475120E1
5.308099417E0,-1.203914452E1,-3.012938690E1,-5.316955566E1,6.228741932E1
5.318144416E0,-1.199395180E1,-3.087552261E1,-5.331011963E1,6.276242213E1
5.328188417E0,-1.226322556E1,-3.140489578E1,-5.344879150E1,6.319357161E1
5.338232417E0,-1.268327045E1,-3.236542892E1,-5.285003662E1,6.325751109E1
5.348276417E0,-1.291641045E1,-3.354777145E1,-5.232110596E1,6.348058567E1
5.358320416E0,-1.323118019E1,-3.483837891E1,-5.191876221E1,6.390879942E1
5.368364417E0,-1.347462749E1,-3.630351639E1,-5.109222412E1,6.410870654E1
5.378409416E0,-1.439818192E1,-3.821763229E1,-5.098718262E1,6.532677745E1
5.388453417E0,-1.489450836E1,-3.982643890E1,-5.057177734E1,6.607190234E1
5.398497417E0,-1.489450836E1,-3.982643890E1,-5.057177734E1,6.607190234E1
5.408541417E0,-1.543515205E1,-4.145679855E1,-4.933868408E1,6.626624942E1
5.418585416E0,-1.649801636E1,-4.240024185E1,-4.926660156E1,6.706089086E1
5.428629417E0,-1.704940414E1,-4.325513458E1,-4.878411865E1,6.739123891E1
5.438674416E0,-1.792244720E1,-4.382332993E1,-4.872680664E1,6.794115134E1
5.448718417E0,-1.852211189E1,-4.398469162E1,-4.894897461E1,6.836463882E1
5.458762417E0,-1.908258057E1,-4.414236450E1,-4.870758057E1,6.844794832E1
5.468806417E0,-1.970997810E1,-4.417041779E1,-4.896063232E1,6.882334315E1
5.478850416E0,-1.989431763E1,-4.423347855E1,-4.907495117E1,6.899808208E1
5.488894416E0,-2.024416161E1,-4.428176880E1,-4.906994629E1,6.912713473E1
5.498939416E0,-2.067265129E1,-4.438673782E1,-4.952001953E1,6.964031405E1
5.508983416E0,-2.105639076E1,-4.460568619E1,-4.894030762E1,6.948519657E1
5.519027417E0,-2.132651901E1,-4.491790390E1,-4.927899170E1,7.000612492E1
5.529071417E0,-2.166930389E1,-4.520916748E1,-4.935119629E1,7.034890284E1
5.539115417E0,-2.206020737E1,-4.548188019E1,-4.896520996E1,7.037645886E1
5.549159416E0,-2.221631622E1,-4.558125305E1,-4.925378418E1,7.069052689E1
5.559204417E0,-2.240945625E1,-4.603064346E1,-4.896453857E1,7.084158316E1
5.569248416E0,-2.259645462E1,-4.620928955E1,-4.901281738E1,7.105036573E1
5.579292417E0,-2.275621605E1,-4.627778625E1,-4.945245361E1,7.144945093E1
5.589336417E0,-2.293743706E1,-4.653179932E1,-4.937817383E1,7.162079598E1
5.599380417E0,-2.314258957E1,-4.616868973E1,-5.005468750E1,7.192078353E1
5.609424416E0,-2.333717728E1,-4.610968781E1,-4.987634277E1,7.182184014E1
5.619468417E0,-2.337776947E1,-4.612966919E1,-4.999548340E1,7.193062522E1
5.629513416E0,-2.340110970E1,-4.585897446E1,-5.082855225E1,7.234776566E1
5.639557417E0,-2.350788498E1,-4.553375626E1,-5.080792236E1,7.216223798E1
5.649601417E0,-2.309481621E1,-4.554166031E1,-5.149920654E1,7.252297315E1
5.659645417E0,-2.313656807E1,-4.516123962E1,-5.193255615E1,7.260736006E1
5.669689416E0,-2.289619446E1,-4.470724869E1,-5.211889648E1,7.238337638E1
5.679733417E0,-2.305706024E1,-4.447681427E1,-5.269110107E1,7.270603254E1
5.689778416E0,-2.310011673E1,-4.417936325E1,-5.255261230E1,7.243761861E1
5.699822417E0,-2.320909691E1,-4.381381607E1,-5.259643555E1,7.228207032E1
5.709866417E0,-2.322846603E1,-4.350662231E1,-5.305017090E1,7.243416633E1
5.719910417E0,-2.328878784E1,-4.323760223E1,-5.320379639E1,7.240512300E1
5.729954416E0,-2.345241547E1,-4.300777817E1,-5.370275879E1,7.268886487E1
5.739998417E0,-2.363568687E1,-4.279824448E1,-5.356530762E1,7.252294536E1
5.750043416E0,-2.393228912E1,-4.257540131E1,-5.356066895E1,7.248561593E1
5.760087417E0,-2.410898972E1,-4.241077805E1,-5.444079590E1,7.310073692E1
5.770131417E0,-2.426335144E1,-4.207958221E1,-5.442120361E1,7.294565693E1
5.780175417E0,-2.462681961E1,-4.176075745E1,-5.475201416E1,7.313155380E1
5.790219416E0,-2.520816231E1,-4.163689804E1,-5.509649658E1,7.351671008E1
5.800263416E0,-2.565357971E1,-4.142797852E1,-5.474548340E1,7.329018699E1
5.810308416E0,-2.585261345E1,-4.119256592E1,-5.506414795E1,7.346594788E1
5.820352416E0,-2.602566910E1,-4.116099548E1,-5.510516357E1,7.354007108E1
5.830396417E0,-2.610431862E1,-4.100577927E1,-5.540008545E1,7.370263802E1
5.840440417E0,-2.650933075E1,-4.116531754E1,-5.539111328E1,7.392904311E1
5.850484417E0,-2.722285080E1,-4.118654633E1,-5.506677246E1,7.395785714E1
5.860528416E0,-2.764944267E1,-4.114666367E1,-5.534436035E1,7.430032189E1
5.870573417E0,-2.797082520E1,-4.113223648E1,-5.509826660E1,7.422969030E1
5.880617416E0,-2.838981628E1,-4.127445984E1,-5.517687988E1,7.452550421E1
5.890661417E0,-2.838981628E1,-4.127445984E1,-5.517687988E1,7.452550421E1
5.900705417E0,-2.896459961E1,-4.125037766E1,-5.593383789E1,7.529366446E1
5.910749417E0,-2.963121033E1,-4.135125351E1,-5.590509033E1,7.558646650E1
5.920793416E0,-3.024284744E1,-4.185341263E1,-5.628546143E1,7.638318623E1
5.930837417E0,-3.092081451E1,-4.341387177E1,-5.672650146E1,7.783801771E1
5.940882416E0,-3.133135033E1,-4.364943314E1,-5.603326416E1,7.763152207E1
5.950926417E0,-3.187324905E1,-4.431840515E1,-5.651403809E1,7.857392405E1
5.960970417E0,-3.248849487E1,-4.443046951E1,-5.639202881E1,7.880120452E1
5.971014417E0,-3.312912369E1,-4.495062637E1,-5.690484619E1,7.972615109E1
5.981058416E0,-3.380713654E1,-4.581964493E1,-5.728063965E1,8.076777836E1
5.991102417E0,-3.429954147E1,-4.583037186E1,-5.691729736E1,8.072459519E1
6.001147416E0,-3.475118256E1,-4.598754883E1,-5.722442627E1,8.122274496E1
6.011191417E0,-3.545328522E1,-4.699861908E1,-5.694567871E1,8.190614111E1
6.021235417E0,-3.614530945E1,-4.702257538E1,-5.698907471E1,8.225181230E1
6.031279417E0,-3.704269409E1,-4.715248108E1,-5.781134033E1,8.329266912E1
6.041323416E0,-3.778896713E1,-4.857409286E1,-5.735229492E1,8.412332772E1
6.051367417E0,-3.852352905E1,-4.834614563E1,-5.766149902E1,8.453555795E1
6.061412416E0,-3.947266388E1,-4.843130112E1,-5.710693359E1,8.464563773E1
6.071456417E0,-4.034763336E1,-4.920314026E1,-5.633990479E1,8.498861924E1
6.081500417E0,-4.159682465E1,-4.917893982E1,-5.675964355E1,8.585173894E1
6.091544417E0,-4.282144165E1,-4.999815369E1,-5.635302734E1,8.665538026E1
6.101588416E0,-4.321561432E1,-5.531128693E1,-5.622076416E1,8.993165241E1
6.111632416E0,-4.442517853E1,-5.546620178E1,-5.588580322E1,9.040641033E1
6.121677416E0,-4.606744385E1,-5.586762619E1,-5.506921387E1,9.097262970E1
6.131721416E0,-4.787335205E1,-5.624147034E1,-5.485845947E1,9.200223583E1
6.141765417E0,-5.009851074E1,-5.598018646E1,-5.420941162E1,9.264071655E1
6.151809417E0,-5.242867279E1,-5.558169174E1,-5.374975586E1,9.341909035E1
6.161853417E0,-5.477082825E1,-5.555825806E1,-5.348205566E1,9.458802220E1
6.171897416E0,-5.743697357E1,-5.567127991E1,-5.259954834E1,9.573405781E1
6.181942417E0,-6.042492676E1,-5.553379440E1,-5.215191650E1,9.723680625E1
6.191986416E0,-6.384308624E1,-5.522706604E1,-5.117504883E1,9.871602761E1
6.202030417E0,-6.763842773E1,-5.477991486E1,-5.040081787E1,1.005785187E2
6.212074417E0,-7.174201202E1,-5.425132370E1,-5.049011230E1,1.031473405E2
6.222118417E0,-7.629801941E1,-5.364420319E1,-5.033453369E1,1.059842138E2
6.232161917E0,-8.114112854E1,-5.301291275E1,-5.064355469E1,1.093573102E2
6.242205916E0,-8.646531677E1,-5.282905197E1,-5.132696533E1,1.135852856E2
6.252250917E0,-9.237073517E1,-5.190560532E1,-5.148413086E1,1.178013595E2
6.262294916E0,-9.960120392E1,-7.607595825E1,-5.192474365E1,1.356618231E2
6.272338917E0,-1.066425705E2,-7.504507446E1,-5.257470703E1,1.406005009E2
6.282382917E0,-1.142977753E2,-7.421693420E1,-5.330175781E1,1.463325396E2
6.292426917E0,-1.225584488E2,-7.352395630E1,-5.477111816E1,1.530562671E2
6.302470916E0,-1.316227112E2,-7.259414673E1,-5.590093994E1,1.603725766E2
6.312515917E0,-1.414481049E2,-7.136255646E1,-5.790264893E1,1.686798672E2
6.322559916E0,-1.519556580E2,-7.021235657E1,-6.054760742E1,1.780064880E2
6.332603917E0,-1.633076477E2,-6.939398193E1,-6.329260254E1,1.883901963E2
6.342647917E0,-1.755966797E2,-6.883126831E1,-6.724865723E1,2.002356594E2
6.352691917E0,-1.888873749E2,-6.886508179E1,-7.123852539E1,2.132973684E2
6.362735916E0,-2.027841339E2,-6.901963806E1,-7.622155762E1,2.273649957E2
6.372780917E0,-2.176740417E2,-6.974319458E1,-8.304156494E1,2.431912892E2
6.382824916E0,-2.176740417E2,-6.974319458E1,-8.304156494E1,2.431912892E2
6.392868917E0,-2.333010559E2,-7.128753662E1,-9.035131836E1,2.601435302E2
6.402912917E0,-2.496698303E2,-7.360041809E1,-9.954125977E1,2.786763501E2
6.412956917E0,-2.666943054E2,-7.732250977E1,-1.091744995E2,2.983683871E2
6.423000916E0,-2.836756592E2,-8.185226440E1,-1.207370605E2,3.189813640E2
6.433044916E0,-3.008514099E2,-8.764916229E1,-1.343593750E2,3.409492457E2
6.443089916E0,-3.183984680E2,-9.449402618E1,-1.482791138E2,3.637215982E2
6.453133916E0,-3.357240295E2,-1.028386002E2,-1.638961182E2,3.874897924E2
6.463177917E0,-3.530982361E2,-1.129354019E2,-1.805720215E2,4.123578837E2
6.473221917E0,-3.694754028E2,-1.242454300E2,-1.978372803E2,4.371368088E2
6.483265917E0,-3.842462463E2,-1.363771362E2,-2.165585938E2,4.616725307E2
6.493309916E0,-3.972086792E2,-1.497899323E2,-2.356187134E2,4.855182146E2
6.503354917E0,-4.083920898E2,-1.641695251E2,-2.558078003E2,5.090907215E2
6.513398916E0,-4.178745728E2,-1.800297241E2,-2.757367554E2,5.320344147E2
6.523442917E0,-4.256329346E2,-1.974865417E2,-2.949208374E2,5.542045015E2
6.533486917E0,-4.312287598E2,-2.163119812E2,-3.147918091E2,5.760581564E2
6.543530917E0,-4.335774536E2,-2.351686707E2,-3.333259277E2,5.953149469E2
6.553574916E0,-4.501999207E2,-3.821441040E2,3.228872070E2,6.730306332E2
6.563618917E0,-4.453589478E2,-3.981988525E2,3.065048218E2,6.714552288E2
6.573663916E0,-4.370468445E2,-4.129033203E2,2.923972778E2,6.685770444E2
6.583707917E0,-4.265892029E2,-4.262014160E2,2.795145264E2,6.646460453E2
6.593751917E0,-4.141289978E2,-4.383140259E2,2.682930908E2,6.600024202E2
6.603795917E0,-4.003885498E2,-4.491166382E2,2.590442505E2,6.550730259E2
6.613839916E0,-3.862432861E2,-4.588776855E2,2.504942627E2,6.499999862E2
6.623883917E0,-3.717510071E2,-4.673667603E2,2.444732056E2,6.452888098E2
6.633928916E0,-3.571730042E2,-4.746253052E2,2.401071167E2,6.406974034E2
6.643972917E0,-3.422515869E2,-4.808632202E2,2.374592285E2,6.362015958E2
6.654016917E0,-3.262855225E2,-4.856768799E2,2.370290527E2,6.312899854E2
6.664060917E0,-3.092850647E2,-4.887885742E2,2.377056885E2,6.253603088E2
6.674104916E0,-2.910308228E2,-4.900787048E2,2.408235474E2,6.187665615E2
6.684148917E0,-2.725479431E2,-4.889248047E2,2.465639038E2,6.116564433E2
6.694192917E0,-2.541788025E2,-4.853886108E2,2.540046997E2,6.039266136E2
6.704237917E0,-2.365623627E2,-4.801382446E2,2.638587646E2,5.967544998E2
6.714281917E0,-2.184470062E2,-4.721462402E2,2.750982056E2,5.884897530E2
6.724325917E0,-2.006597290E2,-4.624079895E2,2.876637573E2,5.803756653E2
6.734369916E0,-1.840491180E2,-4.514290771E2,3.019088745E2,5.734206641E2
6.744413916E0,-1.678551636E2,-4.390899963E2,3.161058960E2,5.664788772E2
6.754457917E0,-1.531054535E2,-4.269320984E2,3.316469727E2,5.618736611E2
6.764502916E0,-1.401000671E2,-4.156541443E2,3.462415161E2,5.588198135E2
6.774546917E0,-1.224222107E2,-3.720277710E2,-3.535722961E2,5.276411931E2
6.784590917E0,-1.120982971E2,-3.624002380E2,-3.396634827E2,5.091868441E2
6.794634917E0,-1.030705261E2,-3.532040405E2,-3.264824524E2,4.919018391E2
6.804678916E0,-9.456246948E1,-3.445837402E2,-3.130008850E2,4.750258611E2
6.814722917E0,-8.683433533E1,-3.357081909E2,-2.995677185E2,4.582368484E2
6.824766917E0,-7.965877533E1,-3.265917053E2,-2.870219421E2,4.420285712E2
6.834811917E0,-7.265339661E1,-3.175427246E2,-2.735151672E2,4.253497910E2
6.844855917E0,-6.604748535E1,-3.085799866E2,-2.617765198E2,4.100132007E2
6.854899917E0,-5.998648071E1,-2.998451233E2,-2.501003723E2,3.950388235E2
6.864943916E0,-5.998648071E1,-2.998451233E2,-2.501003723E2,3.950388235E2
6.874987917E0,-5.459703827E1,-2.917291260E2,-2.384898987E2,3.807415807E2
6.885031917E0,-5.005147552E1,-2.839937439E2,-2.283902283E2,3.678582514E2
6.895076917E0,-4.549688339E1,-2.766584473E2,-2.180185242E2,3.551646656E2
6.905120917E0,-4.168536377E1,-2.695144043E2,-2.089705505E2,3.435758645E2
6.915164917E0,2.393138184E3,-7.494068909E1,-7.352062988E2,2.504646637E3
6.925208916E0,2.396220459E3,-6.884573364E1,-7.269641724E2,2.505012801E3
6.935252917E0,2.398854248E3,-6.311968613E1,-7.194258423E2,2.505206447E3
6.945296917E0,2.401115967E3,-5.784579086E1,-7.120842896E2,2.505148310E3
6.955340917E0,2.403271973E3,-5.295119476E1,-7.053414307E2,2.505199900E3
6.965385917E0,2.405238525E3,-4.847438812E1,-6.998795776E2,2.505464738E3
6.975429917E0,2.407022949E3,-4.452212524E1,-6.945098267E2,2.505610823E3
6.985473916E0,2.408491211E3,-4.071225739E1,-6.896947632E2,2.505626921E3
6.995517917E0,2.410158691E3,-3.721392822E1,-6.849821777E2,2.505883153E3
7.005561917E0,2.411121094E3,-3.390229797E1,-6.799533691E2,2.505392360E3
7.015605917E0,2.412378174E3,-3.078214836E1,-6.763405762E2,2.505584277E3
7.025650917E0,2.413451416E3,-2.808078003E1,-6.727528076E2,2.505620204E3
7.035694917E0,2.414253662E3,-2.560329819E1,-6.693169556E2,2.505446360E3
7.045738916E0,1.770598267E3,-1.613806030E3,-3.017412415E2,2.414629558E3
7.055782916E0,1.771216309E3,-1.611675659E3,-2.985401306E2,2.413261663E3
7.065826917E0,1.771624756E3,-1.609605591E3,-2.959962463E2,2.411866126E3
7.075870917E0,1.772256836E3,-1.607756958E3,-2.936965637E2,2.410816127E3
7.085914917E0,1.772722168E3,-1.606187744E3,-2.913149109E2,2.409823091E3
7.095959917E0,1.773189819E3,-1.604681641E3,-2.897576599E2,2.408975883E3
7.106003917E0,1.773577148E3,-1.603128418E3,-2.874013977E2,2.407944391E3
7.116047916E0,1.773859863E3,-1.601559937E3,-2.855824280E2,2.406892263E3
7.126091917E0,1.774242798E3,-1.600095947E3,-2.836603088E2,2.405973341E3
7.136135917E0,1.774756226E3,-1.598744751E3,-2.814472351E2,2.405193752E3
7.146179917E0,1.775253296E3,-1.597553955E3,-2.803345032E2,2.404639336E3
7.156223916E0,1.775508057E3,-1.596252686E3,-2.789927673E2,2.403807076E3
7.166268917E0,1.295503418E3,-1.847641968E3,2.373354492E2,2.269016982E3
7.176312916E0,1.295680298E3,-1.846512451E3,2.383156738E2,2.268301132E3
7.186356917E0,1.296094727E3,-1.845624512E3,2.398985596E2,2.267982076E3
7.196400917E0,1.296329834E3,-1.844961060E3,2.406716919E2,2.267658531E3
7.206444917E0,1.296501221E3,-1.844300293E3,2.420881348E2,2.267369765E3
7.216488916E0,1.296715332E3,-1.843528076E3,2.429981689E2,2.266961519E3
7.226533917E0,1.296735718E3,-1.842795654E3,2.433517456E2,2.266415544E3
7.236577666E0,1.296859131E3,-1.842060059E3,2.444572754E2,2.266007110E3
7.246621666E0,1.297022827E3,-1.841403320E3,2.451762695E2,2.265644678E3
7.256665667E0,1.297257935E3,-1.840835938E3,2.457382202E2,2.265379079E3
7.266709667E0,1.297491333E3,-1.840464844E3,2.467841187E2,2.265324922E3
7.276753667E0,1.297531128E3,-1.839853760E3,2.470198364E2,2.264876969E3
7.286797666E0,1.297379272E3,-1.839279053E3,2.476950684E2,2.264396886E3
7.296842667E0,1.297437988E3,-1.838836304E3,2.481796265E2,2.264123983E3
7.306886666E0,1.133242065E3,4.470476379E2,-2.587933350E1,1.218506836E3
7.316930667E0,1.133204712E3,4.472345276E2,-2.522515869E1,1.218526959E3
7.326974667E0,1.133225586E3,4.475612183E2,-2.479199219E1,1.218657423E3
7.337018667E0,1.133426758E3,4.478088379E2,-2.410168457E1,1.218921598E3
7.347062666E0,1.133426758E3,4.478088379E2,-2.410168457E1,1.218921598E3
7.357106667E0,1.133529785E3,4.481594543E2,-2.312908936E1,1.219127403E3
7.367151666E0,1.133526489E3,4.485218201E2,-2.304656982E1,1.219256031E3
7.377195667E0,1.133461792E3,4.489051514E2,-2.251275635E1,1.219326984E3
7.387239667E0,1.133650879E3,4.491646423E2,-2.244641113E1,1.219597078E3
7.397283667E0,1.133892578E3,4.494750061E2,-2.214648438E1,1.219930583E3
7.407327666E0,1.134067017E3,4.498156128E2,-2.145861816E1,1.220205948E3
7.417371667E0,1.134254517E3,4.501622925E2,-2.141015625E1,1.220507187E3
7.427416666E0,1.134120361E3,4.501639099E2,-2.077905273E1,1.220372201E3
7.437460667E0,1.134115723E3,4.504655457E2,-2.054656982E1,1.220475252E3
7.447504667E0,1.134169189E3,4.505079041E2,-2.005029297E1,1.220532317E3
7.457548667E0,1.134203491E3,4.506130676E2,-1.937060547E1,1.220592035E3
7.467592666E0,1.134203369E3,4.506694946E2,-1.961267090E1,1.220616620E3
7.477636667E0,-2.077537109E3,-1.011770508E3,-4.988275146E1,2.311347722E3
7.487680667E0,-2.077683105E3,-1.011535889E3,-4.944848633E1,2.311366932E3
7.497725667E0,-2.077397949E3,-1.011337952E3,-4.958856201E1,2.311026983E3
7.507769667E0,-2.077170410E3,-1.011162292E3,-4.908099365E1,2.310734740E3
7.517813667E0,-2.077259521E3,-1.011002075E3,-4.901446533E1,2.310743329E3
7.527857666E0,-2.077090576E3,-1.010923889E3,-4.897357178E1,2.310556379E3
7.537901666E0,-2.076896729E3,-1.010873779E3,-4.830273438E1,2.310346072E3
7.547945667E0,-2.076958496E3,-1.010630859E3,-4.833093262E1,2.310295913E3
7.557989667E0,-2.076927490E3,-1.010651917E3,-4.789459229E1,2.310268164E3
7.568034667E0,-2.076728760E3,-1.010521179E3,-4.778143311E1,2.310029970E3
7.578078667E0,-2.076772461E3,-1.010360840E3,-4.767382812E1,2.309996899E3
7.588122667E0,-2.076908691E3,-1.010263916E3,-4.693890381E1,2.310061937E3
7.598166666E0,-2.076786133E3,-1.010073120E3,-4.690234375E1,2.309867567E3
7.608210667E0,-2.076642090E3,-1.009966492E3,-4.617431641E1,2.309676763E3
7.618254667E0,-2.076590576E3,-1.009877563E3,-4.608850098E1,2.309589848E3
7.628298667E0,-2.076457275E3,-1.009786133E3,-4.633496094E1,2.309434948E3
7.638343667E0,-1.654302002E3,-7.109939575E2,9.873110352E2,2.053536121E3
7.648387667E0,-1.654119263E3,-7.107893066E2,9.872468872E2,2.053287216E3
7.658431666E0,-1.654016357E3,-7.106989746E2,9.875915527E2,2.053338798E3
7.668475667E0,-1.654138916E3,-7.107902832E2,9.880550537E2,2.053692082E3
7.678519667E0,-1.654181274E3,-7.105958862E2,9.880377808E2,2.053650617E3
7.688563667E0,-1.654239868E3,-7.106043091E2,9.886217651E2,2.053981748E3
7.698607666E0,-1.654021362E3,-7.106471558E2,9.885491333E2,2.053785635E3
7.708652667E0,-1.653969360E3,-7.107046509E2,9.886930542E2,2.053832929E3
7.718696666E0,-1.653984497E3,-7.106439209E2,9.893087769E2,2.054120579E3
7.728740667E0,-1.653692993E3,-7.105959473E2,9.891401978E2,2.053788072E3
7.738784667E0,-1.653787476E3,-7.105918579E2,9.894918823E2,2.054032129E3
7.748828667E0,-1.653672974E3,-7.106670532E2,9.900356445E2,2.054227967E3
7.758872666E0,-1.653723633E3,-7.105939941E2,9.899696045E2,2.054211648E3
7.768917667E0,-1.653724976E3,-7.106563110E2,9.904962158E2,2.054488121E3
7.778961666E0,-1.653405396E3,-7.105665283E2,9.900058594E2,2.053963436E3
7.789005667E0,-1.653402344E3,-7.105313721E2,9.902242432E2,2.054054087E3
7.799049667E0,2.384113037E3,4.609613647E2,-6.708558960E2,2.519231626E3
7.809093667E0,2.384133789E3,4.608400269E2,-6.710889282E2,2.519291131E3
7.819137666E0,2.384193115E3,4.606594238E2,-6.705334473E2,2.519166334E3
7.829181666E0,2.383953369E3,4.606216431E2,-6.706015015E2,2.518950642E3
7.839226666E0,2.383953369E3,4.606216431E2,-6.706015015E2,2.518950642E3
7.849270666E0,2.383987793E3,4.606201782E2,-6.702714233E2,2.518895100E3
7.859314667E0,2.383895264E3,4.604375305E2,-6.695258789E2,2.518575838E3
7.869358667E0,2.383868652E3,4.603949890E2,-6.696041870E2,2.518563691E3
7.879402667E0,2.383868164E3,4.601822510E2,-6.689634399E2,2.518354068E3
7.889446666E0,2.384033203E3,4.601711121E2,-6.689179688E2,2.518496181E3
7.899490667E0,3.933577576E2,9.479984283E1,-1.404730225E1,4.048637578E2
7.909535666E0,3.932779541E2,9.504164886E1,-1.361505127E1,4.048281534E2
7.919579667E0,3.932929688E2,9.506694794E1,-1.363739014E1,4.048494316E2
7.929623667E0,3.933719788E2,9.508261871E1,-1.372015381E1,4.049326619E2
7.939667667E0,3.935231323E2,9.505237579E1,-1.308245850E1,4.050513061E2
7.949711666E0,3.935684509E2,9.504529572E1,-1.332238770E1,4.051014932E2
7.959755667E0,3.935929565E2,9.507283020E1,-1.285046387E1,4.051165177E2
7.969799667E0,3.936792603E2,9.502182007E1,-1.333331299E1,4.052040023E2
7.979844667E0,3.939100952E2,9.507721710E1,-1.316497803E1,4.054357618E2
7.989888667E0,3.937171936E2,9.509111786E1,-1.260974121E1,4.052339507E2
7.999932667E0,3.937639160E2,9.514492035E1,-1.268450928E1,4.052943057E2
8.009976666E0,3.941192017E2,9.514835358E1,-1.219586182E1,4.056253115E2
8.020020667E0,3.944020691E2,9.519174957E1,-1.188879395E1,4.059012253E2
8.030064667E0,3.944649658E2,9.528665924E1,-1.243841553E1,4.060010725E2
8.040108667E0,3.944337158E2,9.531439209E1,-1.214611816E1,4.059683703E2
8.050153667E0,3.945687561E2,9.542038727E1,-1.224468994E1,4.061274259E2
8.060197667E0,3.947568359E2,9.558875275E1,-1.202197266E1,4.063430779E2
8.070241666E0,3.948684692E2,9.551190948E1,-1.140026855E1,4.064155496E2
8.080285667E0,3.948324585E2,9.562678528E1,-1.156048584E1,4.064121026E2
8.090329667E0,3.855410156E2,5.302503204E1,-1.364511719E2,4.123984130E2
8.100373667E0,3.855464478E2,5.300116730E1,-1.364495239E2,4.123998784E2
8.110417666E0,3.856368713E2,5.297850037E1,-1.360846558E2,4.123609482E2
8.120462667E0,3.856605530E2,5.288114166E1,-1.352639771E2,4.121004984E2
8.130506666E0,3.856650391E2,5.289649963E1,-1.354901733E2,4.121809664E2
8.140550666E0,3.857404480E2,5.275982285E1,-1.348377686E2,4.120200431E2
8.150594667E0,3.856669312E2,5.282886124E1,-1.347347412E2,4.119263537E2
8.160638667E0,3.857915344E2,5.275856018E1,-1.347628174E2,4.120431903E2
8.170682667E0,3.860145569E2,5.286484146E1,-1.339024048E2,4.119851740E2
8.180726666E0,3.860883179E2,5.297817993E1,-1.337143555E2,4.120077737E2
8.190771667E0,3.863183594E2,5.302637482E1,-1.337501221E2,4.122411507E2
8.200815666E0,3.864526367E2,5.296501160E1,-1.331403809E2,4.121617327E2
8.210859667E0,1.959063721E2,-8.713685608E1,-5.488986206E1,2.213256317E2
8.220903667E0,1.960143433E2,-8.717755127E1,-5.490744019E1,2.214415842E2
8.230947667E0,1.960500793E2,-8.717496490E1,-5.507272339E1,2.215132343E2
8.240991542E0,1.958595428E2,-8.719972992E1,-5.499716187E1,2.213355851E2
8.251035542E0,1.959667358E2,-8.727586365E1,-5.441854858E1,2.213174561E2
8.261080542E0,1.959974823E2,-8.739704132E1,-5.444699097E1,2.213994822E2
8.271124542E0,1.961668549E2,-8.749002838E1,-5.425289917E1,2.215385228E2
8.281168541E0,1.961966705E2,-8.757843018E1,-5.368362427E1,2.214611625E2
8.291212542E0,1.960725555E2,-8.766828156E1,-5.386318970E1,2.214303905E2
8.301256542E0,1.960330811E2,-8.769281006E1,-5.306686401E1,2.212127706E2
8.311300542E0,1.961213989E2,-8.769548798E1,-5.315695190E1,2.213137214E2
8.321344541E0,1.961213989E2,-8.769548798E1,-5.315695190E1,2.213137214E2
8.331389542E0,1.961837463E2,-8.771372986E1,-5.289724731E1,2.213139840E2
8.341433541E0,1.962321167E2,-8.774679565E1,-5.265951538E1,2.213132810E2
8.351477541E0,1.964616394E2,-8.760157776E1,-5.332876587E1,2.216194248E2
8.361521542E0,1.964789581E2,-8.756349182E1,-5.284909058E1,2.215047911E2
8.371565542E0,1.964773254E2,-8.749537659E1,-5.289340210E1,2.214870026E2
8.381609541E0,1.965106506E2,-8.734706116E1,-5.285794067E1,2.214495581E2
8.391653541E0,1.965599060E2,-8.729884338E1,-5.267489624E1,2.214306424E2
8.401698541E0,1.968608551E2,-8.724616241E1,-5.323251343E1,2.218102559E2
8.411742541E0,1.969646149E2,-8.724972534E1,-5.289120483E1,2.218221216E2
8.421786542E0,1.705799561E2,-9.814019775E1,-3.118432617E1,1.992523074E2
8.431830542E0,1.706091309E2,-9.806301880E1,-3.120294189E1,1.992422013E2
8.441874542E0,1.706750793E2,-9.809628296E1,-3.113488770E1,1.993044020E2
8.451918541E0,1.708118744E2,-9.802666473E1,-3.134423828E1,1.994201211E2
8.461962542E0,1.708479309E2,-9.789215851E1,-3.097442627E1,1.993271313E2
8.472007541E0,1.709714203E2,-9.779640198E1,-3.091888428E1,1.993773814E2
8.482051542E0,1.711509247E2,-9.770068359E1,-3.120495605E1,1.995289750E2
8.492095542E0,1.713049011E2,-9.755094147E1,-3.108691406E1,1.995694154E2
8.502139542E0,1.714974060E2,-9.733259583E1,-3.121844482E1,1.996486558E2
8.512183541E0,1.716621094E2,-9.725313568E1,-3.118206787E1,1.997457723E2
8.522227542E0,1.718297577E2,-9.713267517E1,-3.076501465E1,1.997666347E2
8.532271542E0,1.720442963E2,-9.714891052E1,-3.126586914E1,2.000367598E2
8.542315542E0,1.719473572E2,-9.710151672E1,-3.130078125E1,1.999358324E2
8.552360542E0,1.718611755E2,-9.696134949E1,-3.115979004E1,1.997716183E2
8.562404542E0,1.719810791E2,-9.678326416E1,-3.148754883E1,1.998398297E2
8.572448541E0,1.721280823E2,-9.669470978E1,-3.104388428E1,1.998541127E2
8.582492542E0,1.723998108E2,-9.660257721E1,-3.161297607E1,2.001327883E2
8.592536542E0,1.724467010E2,-9.630906677E1,-3.151776123E1,2.000166751E2
8.602580542E0,1.725558472E2,-9.613450623E1,-3.146301270E1,2.000182113E2
8.612624541E0,1.725120544E2,-9.603388977E1,-3.204467773E1,2.000244442E2
8.622669542E0,1.725755920E2,-9.596063995E1,-3.162683105E1,1.999775883E2
8.632713541E0,1.723653717E2,-9.569119263E1,-3.184228516E1,1.997011688E2
8.642757542E0,1.725336304E2,-9.566783905E1,-3.220703125E1,1.998936765E2
8.652801542E0,1.726040649E2,-9.549932861E1,-3.161920166E1,1.997800263E2
8.662845542E0,1.725366669E2,-9.542735291E1,-3.181524658E1,1.997185295E2
8.672889541E0,1.725981598E2,-9.528903198E1,-3.173260498E1,1.996924701E2
8.682933541E0,1.725929565E2,-9.500747681E1,-3.179223633E1,1.995632621E2
8.692978541E0,1.725303802E2,-9.488987732E1,-3.227728271E1,1.995310600E2
8.703022541E0,1.181591949E2,-7.125234985E1,-1.971362305E1,1.393812026E2
8.713066542E0,1.180053329E2,-7.100758362E1,-2.012036133E1,1.391839232E2
8.723110542E0,1.179803619E2,-7.082727051E1,-2.030407715E1,1.390975327E2
8.733154542E0,1.180681152E2,-7.054858398E1,-2.000006104E1,1.389862762E2
8.743198541E0,1.180844116E2,-7.040000916E1,-2.077905273E1,1.390390542E2
8.753242542E0,1.179616241E2,-7.031739807E1,-2.069622803E1,1.388805785E2
8.763287541E0,1.178664093E2,-7.006654358E1,-2.085357666E1,1.386963685E2
8.773331542E0,1.175708618E2,-6.983181763E1,-2.123925781E1,1.383853185E2
8.783375542E0,1.174451752E2,-6.973478699E1,-2.086633301E1,1.381727670E2
8.793419542E0,1.173530579E2,-6.960601807E1,-2.127410889E1,1.380917291E2
8.803463541E0,1.172719955E2,-6.933277893E1,-2.123852539E1,1.378797669E2
8.813507542E0,1.172719955E2,-6.933277893E1,-2.123852539E1,1.378797669E2
8.823551542E0,1.171713104E2,-6.921147156E1,-2.133203125E1,1.377475929E2
8.833595542E0,1.170906525E2,-6.897200012E1,-2.152117920E1,1.375882221E2
8.843640542E0,1.169093933E2,-6.898529053E1,-2.153704834E1,1.374431555E2
8.853684542E0,1.165305023E2,-6.861430359E1,-2.200164795E1,1.370085878E2
8.863728541E0,1.164555283E2,-6.862240601E1,-2.197833252E1,1.369451415E2
8.873772542E0,1.163801575E2,-6.849029541E1,-2.188946533E1,1.368006225E2
8.883816542E0,1.161484833E2,-6.821147919E1,-2.224157715E1,1.365209281E2
8.893860542E0,1.159405365E2,-6.812670898E1,-2.200830078E1,1.362637948E2
8.903904541E0,1.157658997E2,-6.801316833E1,-2.240802002E1,1.361236715E2
8.913949542E0,1.157695312E2,-6.798342896E1,-2.265264893E1,1.361523907E2
8.923993541E0,1.157179108E2,-6.794689178E1,-2.234899902E1,1.360400409E2
8.934037542E0,1.102890167E2,-4.071451187E1,-2.964050293E1,1.212431363E2
8.944081542E0,1.101487122E2,-4.060784912E1,-2.953051758E1,1.210528301E2
8.954125542E0,1.099860382E2,-4.049497604E1,-2.955780029E1,1.208736334E2
8.964169541E0,1.100791245E2,-4.032045364E1,-3.009527588E1,1.210325504E2
8.974213541E0,1.097998962E2,-4.046395111E1,-2.987322998E1,1.207715133E2
8.984258541E0,1.095633316E2,-4.020774841E1,-3.016485596E1,1.205433748E2
8.994302541E0,1.093458557E2,-4.021732330E1,-3.016052246E1,1.203478557E2
9.004346542E0,1.092471237E2,-4.014365768E1,-2.974084473E1,1.201289521E2
9.014390542E0,1.092279816E2,-4.013985062E1,-3.035028076E1,1.202626256E2
9.024434542E0,1.089676743E2,-4.015607071E1,-3.013092041E1,1.199763994E2
9.034478541E0,1.088691559E2,-3.997213364E1,-3.051605225E1,1.199228669E2
9.044522542E0,1.088578110E2,-3.984079361E1,-3.058038330E1,1.198852438E2
9.054566542E0,1.086759186E2,-3.982408905E1,-3.015600586E1,1.196068478E2
9.064611542E0,1.085365143E2,-3.986291122E1,-3.049981689E1,1.195803724E2
9.074655542E0,1.080872269E2,-3.984241486E1,-3.024267578E1,1.191003194E2
9.084699542E0,1.079338226E2,-3.997059631E1,-3.019775391E1,1.189927014E2
9.094743541E0,1.077609711E2,-3.982302475E1,-3.075250244E1,1.189286197E2
9.104787542E0,1.075881958E2,-3.995646286E1,-3.035565186E1,1.187148028E2
9.114831542E0,1.075309906E2,-3.997106934E1,-3.054278564E1,1.187158881E2
9.124875542E0,1.072921219E2,-3.989025879E1,-3.013922119E1,1.183689352E2
9.134920542E0,1.069863968E2,-3.990125275E1,-3.004003906E1,1.180703308E2
9.144964542E0,1.068305588E2,-3.986288834E1,-3.028704834E1,1.179793349E2
9.155008541E0,8.766566467E1,-1.663739777E1,-3.144116211E1,9.460770815E1
9.165052542E0,8.736495209E1,-1.667587662E1,-3.174621582E1,9.443803224E1
9.175096542E0,8.732461548E1,-1.674810028E1,-3.190997314E1,9.446869173E1
9.185140542E0,8.708117676E1,-1.675976944E1,-3.139996338E1,9.407432656E1
9.195184541E0,8.680182648E1,-1.674876785E1,-3.184680176E1,9.396433944E1
9.205229542E0,8.656922150E1,-1.683392715E1,-3.144317627E1,9.362843878E1
9.215273541E0,8.642909241E1,-1.693119049E1,-3.151519775E1,9.354069123E1
9.225317542E0,8.617794800E1,-1.709764862E1,-3.152844238E1,9.334351069E1
9.235362167E0,8.601595306E1,-1.714120483E1,-3.130938721E1,9.312809894E1
9.245406167E0,8.579003906E1,-1.713616562E1,-3.133966064E1,9.292875391E1
9.255450167E0,8.559145355E1,-1.715704346E1,-3.108502197E1,9.266358321E1
9.265494166E0,8.540280151E1,-1.734238052E1,-3.111804199E1,9.253501611E1
9.275538167E0,8.536343384E1,-1.740136337E1,-3.140594482E1,9.260700111E1
9.285583166E0,8.528930664E1,-1.758499908E1,-3.120477295E1,9.250532890E1
9.295627167E0,8.494341278E1,-1.760118866E1,-3.095397949E1,9.210501649E1
9.305671167E0,8.494341278E1,-1.760118866E1,-3.095397949E1,9.210501649E1
9.315715167E0,8.472245789E1,-1.775048828E1,-3.096600342E1,9.193404197E1
9.325759166E0,8.453990936E1,-1.780476761E1,-3.040948486E1,9.159008022E1
9.335803166E0,8.446595001E1,-1.799852753E1,-3.074316406E1,9.167107418E1
9.345847167E0,8.438675690E1,-1.807333374E1,-3.022021484E1,9.143867627E1
9.355891167E0,8.414593506E1,-1.811773300E1,-3.036700439E1,9.127401378E1
9.365936167E0,8.403157806E1,-1.815048981E1,-3.050561523E1,9.122137333E1
9.375980167E0,7.045185852E1,-5.773338318E0,-3.762716675E1,8.007870804E1
9.386024166E0,7.036479187E1,-5.794052124E0,-3.773281860E1,8.005336080E1
9.396068166E0,7.040125275E1,-6.044944763E0,-3.736984253E1,7.993361543E1
9.406112167E0,7.015715027E1,-6.192283630E0,-3.703994751E1,7.957592489E1
9.416156167E0,7.003347778E1,-6.316513062E0,-3.708352661E1,7.949700808E1
9.426200167E0,7.011849976E1,-6.497337341E0,-3.687722778E1,7.949056126E1
9.436245167E0,6.993383789E1,-6.385345459E0,-3.653549194E1,7.916032144E1
9.446289167E0,6.984979248E1,-6.576103210E0,-3.680960083E1,7.922869023E1
9.456333166E0,6.978529358E1,-6.818489075E0,-3.622604370E1,7.892278021E1
9.466377167E0,6.940103912E1,-6.997768402E0,-3.649954224E1,7.872540618E1
9.476421167E0,6.927655792E1,-7.172939301E0,-3.627206421E1,7.852614328E1
9.486465167E0,6.926038361E1,-7.239704132E0,-3.619638062E1,7.848306838E1
9.496509166E0,6.916390991E1,-7.359886169E0,-3.626815796E1,7.844229497E1
9.506553167E0,6.895801544E1,-7.369739532E0,-3.567813110E1,7.799006343E1
9.516598166E0,6.884898376E1,-7.347011566E0,-3.571414185E1,7.790802957E1
9.526642167E0,6.888871765E1,-7.529190063E0,-3.567935181E1,7.794459743E1
9.536686167E0,6.887052155E1,-7.752750397E0,-3.518508911E1,7.772544225E1
9.546730167E0,4.744449997E1,-4.949314117E0,-3.346527100E1,5.827006650E1
9.556774166E0,4.744413757E1,-5.120079041E0,-3.286566162E1,5.794232575E1
9.566818167E0,4.737409973E1,-5.172851562E0,-3.320062256E1,5.808050496E1
9.576862167E0,4.742307663E1,-5.278438568E0,-3.317706299E1,5.811650040E1
9.586907167E0,4.726301575E1,-5.449100494E0,-3.252172852E1,5.762940377E1
9.596951167E0,4.718212509E1,-5.398128510E0,-3.269897461E1,5.765861306E1
9.606995167E0,4.708476257E1,-5.598995209E0,-3.240637207E1,5.743253925E1
9.617039166E0,4.692250443E1,-5.693965912E0,-3.212719727E1,5.715154830E1
9.627083167E0,4.694329453E1,-5.802658081E0,-3.236651611E1,5.731435341E1
9.637127167E0,4.688586426E1,-5.994514465E0,-3.186425781E1,5.700481907E1
9.647171167E0,4.685510254E1,-6.063636780E0,-3.180059814E1,5.695126309E1
9.657215166E0,4.692588043E1,-6.221355438E0,-3.138897705E1,5.679798762E1
9.667260167E0,4.691287231E1,-6.252716064E0,-3.111682129E1,5.664071516E1
9.677304166E0,4.691487885E1,-6.448392868E0,-3.119897461E1,5.670946697E1
9.687348166E0,4.691566467E1,-6.512861252E0,-3.050207520E1,5.633714179E1
9.697392167E0,4.677941895E1,-6.564176559E0,-3.043676758E1,5.619429928E1
9.707436167E0,4.694225311E1,-6.780017853E0,-3.049694824E1,5.638800955E1
9.717480167E0,4.700051117E1,-6.929986954E0,-3.019024658E1,5.628964166E1
9.727524166E0,2.829500961E1,-4.222702026E0,-1.934197998E1,3.453333130E1
9.737568167E0,2.834911919E1,-4.353990555E0,-1.904931641E1,3.443118133E1
9.747613166E0,2.833602905E1,-4.332323074E0,-1.885858154E1,3.431247096E1
9.757657167E0,2.829114914E1,-4.337814331E0,-1.906848145E1,3.439204468E1
9.767701167E0,2.833914566E1,-4.664302826E0,-1.853912354E1,3.418423612E1
9.777745167E0,2.854065895E1,-4.754932404E0,-1.865020752E1,3.442395730E1
9.787789166E0,2.854065895E1,-4.754932404E0,-1.865020752E1,3.442395730E1
9.797833167E0,2.880595016E1,-4.835382462E0,-1.842291260E1,3.453356913E1
9.807877167E0,2.882876396E1,-4.944931030E0,-1.810211182E1,3.439820383E1
9.817922167E0,2.908909607E1,-4.986370087E0,-1.829406738E1,3.472336819E1
9.827966167E0,2.928721809E1,-5.050180435E0,-1.776544189E1,3.462450565E1
9.838010167E0,2.944273186E1,-5.123237610E0,-1.809600830E1,3.493690798E1
9.848054166E0,2.975102997E1,-5.115310669E0,-1.800573730E1,3.514963390E1
9.858098167E0,2.994902611E1,-5.362178802E0,-1.760449219E1,3.515131963E1
9.868142167E0,2.561930084E1,-7.529279709E0,-1.629663086E1,3.128288359E1
9.878186167E0,2.563552094E1,-7.738807678E0,-1.605126953E1,3.122038327E1
9.888230166E0,2.564668655E1,-7.788234711E0,-1.587780762E1,3.115307217E1
9.898275167E0,2.584500885E1,-7.872459412E0,-1.615368652E1,3.147827327E1
9.908319166E0,2.594008636E1,-8.023427963E0,-1.563122559E1,3.133047542E1
9.918363167E0,2.603115463E1,-8.201545715E0,-1.560949707E1,3.144109989E1
9.928407167E0,2.602142334E1,-8.300214767E0,-1.547534180E1,3.139258259E1
9.938451167E0,2.613757324E1,-8.438264847E0,-1.512536621E1,3.135528268E1
9.948495166E0,2.647824097E1,-8.516994476E0,-1.558282471E1,3.188198340E1
9.958539166E0,2.655331421E1,-8.594396591E0,-1.530932617E1,3.183265016E1
9.968583167E0,2.665668106E1,-8.528684616E0,-1.551757812E1,3.200175522E1
9.978628166E0,2.694232941E1,-8.676342010E0,-1.571502686E1,3.237483735E1
9.988672167E0,2.722834778E1,-8.679122925E0,-1.471429443E1,3.214374835E1
9.998716167E0,2.738315201E1,-8.940773010E0,-1.501953125E1,3.248631643E1
1.000876017E1,2.748097229E1,-9.093618393E0,-1.461120605E1,3.242506863E1
1.001880417E1,2.752362442E1,-9.221260071E0,-1.464459229E1,3.251223803E1
1.002884817E1,2.759119415E1,-9.220767975E0,-1.448596191E1,3.249830225E1
1.003889217E1,2.778911209E1,-9.527259827E0,-1.410760498E1,3.258877029E1
1.004893617E1,2.792395782E1,-9.591434479E0,-1.401434326E1,3.268248542E1
1.005898117E1,2.804402161E1,-9.795238495E0,-1.355181885E1,3.265066062E1
1.006902517E1,2.807588959E1,-9.888370514E0,-1.331549072E1,3.260885985E1
1.007906917E1,3.435526657E1,-1.620664024E1,-3.272781372E1,5.014029637E1
1.008911317E1,3.421504974E1,-1.619239044E1,-3.241116333E1,4.983318819E1
1.009915717E1,3.433470154E1,-1.607040977E1,-3.258688354E1,4.999034686E1
1.010920117E1,3.441536713E1,-1.617387772E1,-3.276077271E1,5.019243014E1
1.011924517E1,3.466680527E1,-1.611301804E1,-3.218405151E1,4.997229142E1
1.012929017E1,3.483390427E1,-1.608913612E1,-3.257382202E1,5.033204813E1
1.013933417E1,3.500053406E1,-1.602282524E1,-3.258596802E1,5.043425051E1
1.014937817E1,3.506502151E1,-1.599258995E1,-3.281033325E1,5.061458915E1
1.015942217E1,3.501942825E1,-1.585159492E1,-3.321707153E1,5.080361462E1
1.016946617E1,3.493215942E1,-1.578441620E1,-3.296591187E1,5.055843057E1
1.017951017E1,3.500180817E1,-1.562244987E1,-3.337203979E1,5.082204792E1
1.018955417E1,3.479230881E1,-1.561801910E1,-3.305068970E1,5.046558592E1
1.019959817E1,3.470819855E1,-1.547649956E1,-3.280911255E1,5.020576612E1
1.020964317E1,3.432807159E1,-1.522574997E1,-3.317739868E1,5.010967716E1
1.021968717E1,3.419754028E1,-1.524189758E1,-3.296810913E1,4.988670587E1
1.022973117E1,3.398392105E1,-1.525734329E1,-3.336514282E1,5.000926084E1
1.023977517E1,2.485797501E1,-1.416282082E1,-2.684661865E1,3.923321740E1
1.024981917E1,2.486923981E1,-1.410411072E1,-2.635498047E1,3.888431590E1
1.025986317E1,2.462420654E1,-1.397216034E1,-2.679943848E1,3.898439066E1
1.026990717E1,2.454561424E1,-1.389123726E1,-2.656353760E1,3.874371150E1
1.027995117E1,2.454561424E1,-1.389123726E1,-2.656353760E1,3.874371150E1
1.028999617E1,2.444747734E1,-1.377524567E1,-2.686163330E1,3.884564178E1
1.030004017E1,2.433124733E1,-1.367143250E1,-2.693530273E1,3.878695910E1
1.031008417E1,2.419224930E1,-1.353173256E1,-2.688958740E1,3.861894124E1
1.032012817E1,2.421320724E1,-1.332565689E1,-2.728320312E1,3.883588173E1
1.033017217E1,2.388058090E1,-1.324691963E1,-2.708911133E1,3.846534774E1
1.034021617E1,2.361599350E1,-1.307473183E1,-2.695922852E1,3.815054080E1
1.035026017E1,2.347978973E1,-1.300573921E1,-2.740234375E1,3.835802682E1
1.036030417E1,2.161791611E1,-1.286774254E1,-3.113458252E1,4.002843144E1
1.037034917E1,2.138525772E1,-1.266294289E1,-3.154534912E1,4.015953712E1
1.038039317E1,2.139564896E1,-1.243311119E1,-3.178411865E1,4.028133869E1
1.039043717E1,2.126331329E1,-1.239228058E1,-3.098034668E1,3.956613439E1
1.040048117E1,2.106914520E1,-1.239687157E1,-3.122698975E1,3.965748596E1
1.041052517E1,2.086584091E1,-1.239648628E1,-3.088348389E1,3.927907542E1
1.042056917E1,2.098649979E1,-1.233229828E1,-3.116516113E1,3.954473445E1
1.043061317E1,2.082490921E1,-1.216974258E1,-3.121343994E1,3.944690496E1
1.044065717E1,2.081846619E1,-1.223802948E1,-3.081951904E1,3.915380766E1
1.045070217E1,2.057765961E1,-1.212718391E1,-3.103558350E1,3.916268770E1
1.046074617E1,2.050087357E1,-1.221149826E1,-3.073638916E1,3.891185071E1
1.047079017E1,2.047625732E1,-1.217475700E1,-3.033032227E1,3.856721757E1
1.048083417E1,2.057062531E1,-1.201372528E1,-3.084069824E1,3.896958928E1
1.049087817E1,2.009226608E1,-1.056062889E1,-3.119354248E1,3.857801358E1
1.050092217E1,2.003207016E1,-1.054813957E1,-3.142602539E1,3.873166863E1
1.051096617E1,1.995507431E1,-1.069243050E1,-3.148785400E1,3.878167106E1
1.052101017E1,1.993941498E1,-1.066402817E1,-3.077215576E1,3.818674294E1
1.053105517E1,1.989076996E1,-1.068133545E1,-3.071563721E1,3.812065091E1
1.054109917E1,1.975278854E1,-1.075933266E1,-3.055810547E1,3.794382301E1
1.055114317E1,1.965554428E1,-1.080854797E1,-3.037756348E1,3.776190532E1
1.056118717E1,1.966889954E1,-1.099878311E1,-3.039373779E1,3.783672998E1
1.057123117E1,1.572323132E1,-7.256378174E0,-2.256091309E1,2.844063689E1
1.058127517E1,1.576768208E1,-7.465496063E0,-2.272961426E1,2.865290201E1
1.059131917E1,1.622298813E1,-7.733081818E0,-2.269073486E1,2.894573106E1
1.060136317E1,1.635256958E1,-7.965982437E0,-2.246417236E1,2.890505921E1
1.061140717E1,1.649630737E1,-8.054536819E0,-2.291259766E1,2.935968071E1
1.062145217E1,1.640119171E1,-8.320983887E0,-2.259558105E1,2.913414055E1
1.063149617E1,1.537167358E1,-7.308132172E0,-1.625408936E1,2.353492225E1
1.064154017E1,1.572084236E1,-7.841608047E0,-1.651147461E1,2.410942751E1
1.065158417E1,1.609273720E1,-8.309982300E0,-1.650683594E1,2.450525717E1
1.066162817E1,1.633636284E1,-8.798656464E0,-1.696459961E1,2.514141496E1
1.067167217E1,1.643993378E1,-9.293861389E0,-1.712652588E1,2.549441450E1
1.068171617E1,1.667537308E1,-9.970623016E0,-1.752917480E1,2.616779242E1
1.069176017E1,1.610699081E1,-1.322666168E1,-6.001831055E0,2.168874612E1
1.070180517E1,1.643016052E1,-1.395092964E1,-5.881652832E0,2.234216759E1
1.071184917E1,1.677355576E1,-1.466375160E1,-6.690063477E0,2.326230283E1
1.072189317E1,1.719595337E1,-1.530408478E1,-6.479492188E0,2.391442331E1
1.073193717E1,1.695204735E1,-1.642527771E1,-1.291503906E-1,2.360462533E1
1.074198117E1,1.753291321E1,-1.695411873E1,-7.609863281E-1,2.440131733E1
1.075202517E1,1.801291847E1,-1.766433907E1,-1.313537598E0,2.526300630E1
1.076206917E1,1.801291847E1,-1.766433907E1,-1.313537598E0,2.526300630E1
1.077211317E1,1.664257431E1,-2.234144783E1,6.114074707E0,2.852187722E1
1.078215817E1,1.739393997E1,-2.304047203E1,5.399841309E0,2.936955542E1
1.079220217E1,1.807919312E1,-2.385865211E1,5.768981934E0,3.048563034E1
1.080224617E1,1.872552109E1,-2.493775368E1,4.993530273E0,3.158278080E1
1.081229017E1,1.644945526E1,-2.616674232E1,1.538641357E1,3.452571078E1
1.082233417E1,1.749810410E1,-2.720937920E1,1.414978027E1,3.530935067E1
1.083237817E1,1.840332413E1,-2.812707901E1,1.321923828E1,3.611873715E1
1.084242217E1,1.928432846E1,-2.904304123E1,1.291162109E1,3.717651849E1
1.085246617E1,2.039892960E1,-2.973485947E1,1.233923340E1,3.811213556E1
1.086251117E1,1.976577568E1,-3.284428787E1,2.046527100E1,4.345411892E1
1.087255517E1,2.075137520E1,-3.352996826E1,2.010858154E1,4.426322849E1
1.088259917E1,2.170870018E1,-3.427700806E1,1.883856201E1,4.473334733E1
1.089264317E1,2.304612923E1,-3.514280701E1,1.868157959E1,4.599067702E1
1.090268717E1,2.425214195E1,-3.622212982E1,1.820483398E1,4.724007894E1
1.091273117E1,2.568602180E1,-3.739684296E1,1.804602051E1,4.882575586E1
1.092277517E1,2.719278145E1,-3.891943741E1,1.803222656E1,5.078711614E1
1.093281917E1,2.873654747E1,-4.014463043E1,1.664196777E1,5.209928603E1
1.094286417E1,3.057583809E1,-4.144032669E1,1.606457520E1,5.394676197E1
1.095290817E1,3.212721252E1,-4.253878403E1,1.523315430E1,5.544145490E1
1.096295217E1,2.879439163E1,-4.780611038E1,4.630603027E1,7.251751250E1
1.097299617E1,3.035470581E1,-4.894121933E1,4.672406006E1,7.416056164E1
1.098304017E1,3.204957199E1,-5.006444931E1,4.616552734E1,7.526539752E1
1.099308417E1,3.390128326E1,-5.104440308E1,4.656250000E1,7.696034368E1
1.100312817E1,3.580755234E1,-5.184992981E1,4.625286865E1,7.816600210E1
1.101317217E1,3.792285156E1,-5.282728577E1,4.575805664E1,7.951518433E1
1.102321717E1,3.999297714E1,-5.433570480E1,4.578710938E1,8.153690221E1
1.103326117E1,4.243544006E1,-5.587783432E1,4.507397461E1,8.339521646E1
1.104330517E1,2.710131454E1,-5.948953629E1,7.125549316E1,9.669969743E1
1.105334917E1,2.957744980E1,-6.106297302E1,7.091552734E1,9.814542388E1
1.106339317E1,3.274917221E1,-6.258957291E1,6.980603027E1,9.931185619E1
1.107343717E1,3.572295761E1,-6.412451935E1,6.957324219E1,1.011361444E2
1.108348117E1,3.870409012E1,-6.558341980E1,6.889721680E1,1.026938071E2
1.109352517E1,4.173622513E1,-6.697625732E1,6.825738525E1,1.043398398E2
1.110356917E1,4.461763382E1,-6.811190796E1,6.758630371E1,1.058200062E2
1.111361417E1,4.782035446E1,-6.922423553E1,6.645697021E1,1.072161834E2
1.112365817E1,5.130366135E1,-7.020512390E1,6.548382568E1,1.088529123E2
1.113370217E1,5.511708450E1,-7.143774414E1,6.483843994E1,1.111092597E2
1.114374617E1,5.865192032E1,-7.272611237E1,6.354437256E1,1.129912495E2
1.115379017E1,6.280308914E1,-7.387548828E1,6.305548096E1,1.156624808E2
1.116383417E1,6.732882690E1,-7.507504272E1,6.089898682E1,1.178054310E2
1.117387817E1,7.189738464E1,-7.568536377E1,5.830462646E1,1.195698025E2
1.118392217E1,7.718731689E1,-7.664679718E1,5.576727295E1,1.222399368E2
1.119396717E1,8.296659851E1,-7.752748871E1,5.234527588E1,1.250359783E2
1.120401117E1,8.924114990E1,-7.867451477E1,4.940734863E1,1.288206048E2
1.121405517E1,9.589482117E1,-7.952851105E1,4.590490723E1,1.327699563E2
1.122409917E1,4.464189148E2,-7.586446762E0,8.926141357E1,4.553185716E2
1.123414254E1,4.543302307E2,-7.810949326E0,8.550323486E1,4.623718986E2
1.124418654E1,4.621710205E2,-7.368484497E0,8.062432861E1,4.692085135E2
1.125423054E1,4.621710205E2,-7.368484497E0,8.062432861E1,4.692085135E2
1.126427454E1,4.704580688E2,-6.693960190E0,7.659320068E1,4.766991945E2
1.127431854E1,4.790421753E2,-5.628465652E0,7.224310303E1,4.844916421E2
1.128436354E1,4.875616455E2,-3.669008255E0,6.706207275E1,4.921657662E2
1.129440754E1,4.961602173E2,-6.604156494E-1,6.241876221E1,5.000714941E2
1.130445154E1,5.044008789E2,3.679447174E0,5.698040771E1,5.076224501E2
1.131449554E1,5.126682129E2,8.678392410E0,5.197454834E1,5.153691538E2
1.132453954E1,5.201182251E2,1.456854248E1,4.707299805E1,5.224472008E2
1.133458354E1,5.277167969E2,2.131127739E1,4.206823730E1,5.298197097E2
1.134462754E1,5.344572144E2,2.899778748E1,3.781268311E1,5.365772868E2
1.135467154E1,5.409208374E2,3.807298660E1,3.333361816E1,5.432826472E2
1.136471654E1,5.469368896E2,4.812386322E1,2.944989014E1,5.498392160E2
1.137476054E1,5.522639160E2,5.895222855E1,2.628741455E1,5.560232246E2
1.138480454E1,5.573660889E2,7.020024109E1,2.370721436E1,5.622695642E2
1.139484854E1,5.614689941E2,8.203248596E1,2.311077881E1,5.679004034E2
1.140489254E1,5.645473633E2,9.441603088E1,2.366748047E1,5.728771787E2
1.141493654E1,5.662239380E2,1.069842072E2,2.499749756E1,5.767842260E2
1.142498054E1,5.661611328E2,1.197405548E2,2.792468262E1,5.793582801E2
1.143502454E1,5.648096924E2,1.321488800E2,3.168011475E1,5.809276588E2
1.144506854E1,5.615350342E2,1.439446259E2,3.698327637E1,5.808695315E2
1.145511354E1,5.570596313E2,1.548272247E2,4.405664062E1,5.798516103E2
1.146515754E1,5.511680298E2,1.642778625E2,5.155126953E1,5.774347985E2
1.147520154E1,5.441862793E2,1.725981903E2,5.969934082E1,5.740146803E2
1.148524554E1,5.361593628E2,1.791831055E2,6.769238281E1,5.693467364E2
1.149528954E1,-2.166641113E3,1.783651276E2,-3.663085938E2,2.204615572E3
1.150533354E1,-2.176168213E3,1.808497620E2,-3.582330322E2,2.212859153E3
1.151537754E1,-2.186298096E3,1.812217712E2,-3.521499023E2,2.221879890E3
1.152542154E1,-2.196621582E3,1.799593506E2,-3.468676147E2,2.231109339E3
1.153546654E1,-2.207095215E3,1.776223297E2,-3.427333984E2,2.240599286E3
1.154551054E1,-2.217172119E3,1.747410583E2,-3.397382812E2,2.249846382E3
1.155555454E1,-2.226979492E3,1.707327118E2,-3.362098999E2,2.258677581E3
1.156559854E1,-2.236539795E3,1.664219818E2,-3.336968994E2,2.267412656E3
1.157564254E1,-2.245715332E3,1.612522430E2,-3.304199829E2,2.275613544E3
1.158568654E1,-2.254773926E3,1.557968750E2,-3.269006348E2,2.283668572E3
1.159573054E1,-2.263564209E3,1.501076508E2,-3.244622803E2,2.291621916E3
1.160577454E1,-2.271972168E3,1.440258789E2,-3.214846191E2,2.299120124E3
1.161581854E1,-2.279809326E3,1.384800415E2,-3.189052734E2,2.306167353E3
1.162586354E1,-2.287428467E3,1.327561646E2,-3.164637451E2,2.313028857E3
1.163590754E1,-2.294433350E3,1.273102875E2,-3.131671143E2,2.319203731E3
1.164595154E1,-2.300839111E3,1.219187241E2,-3.109129639E2,2.324949819E3
1.165599554E1,-2.307016846E3,1.165813522E2,-3.081488647E2,2.330423494E3
1.166603954E1,-2.312830566E3,1.116050873E2,-3.055903931E2,2.335599797E3
1.167608354E1,-2.318182129E3,1.069043808E2,-3.046594238E2,2.340558543E3
1.168612754E1,-2.323418701E3,1.027107468E2,-3.033666992E2,2.345390226E3
1.169617154E1,-2.328176758E3,9.867774963E1,-3.026937256E2,2.349844209E3
1.170621554E1,-2.332914062E3,9.495768738E1,-3.018375244E2,2.354275021E3
1.171626054E1,-2.337306396E3,9.151150513E1,-3.009658813E2,2.358379954E3
1.172630454E1,-2.341585938E3,8.848742676E1,-3.013271484E2,2.362552175E3
1.173634854E1,1.401133179E3,-1.321198853E3,-1.942092773E3,2.735043863E3
1.174639254E1,1.397372559E3,-1.324032715E3,-1.941839844E3,2.734310640E3
1.175643654E1,1.393876465E3,-1.326529053E3,-1.942085815E3,2.733910796E3
1.176648054E1,1.390496826E3,-1.328754150E3,-1.942385986E3,2.733483553E3
1.177652454E1,1.387332275E3,-1.331005371E3,-1.942293945E3,2.732905397E3
1.178656854E1,1.384496582E3,-1.333194580E3,-1.942820312E3,2.732908586E3
1.179661354E1,1.381560913E3,-1.334933838E3,-1.943064331E3,2.732445407E3
1.180665754E1,1.378896484E3,-1.336641846E3,-1.943004761E3,2.731892099E3
1.181670154E1,1.376306396E3,-1.337989746E3,-1.943826660E3,2.731830511E3
1.182674554E1,1.373832275E3,-1.339172729E3,-1.943822021E3,2.731161433E3
1.183678954E1,1.371506348E3,-1.340220215E3,-1.944284424E3,2.730835368E3
1.184683354E1,1.369075073E3,-1.341368774E3,-1.944379150E3,2.730246697E3
1.185687754E1,1.366878296E3,-1.342416382E3,-1.944292969E3,2.729599452E3
1.186692154E1,1.364659668E3,-1.343348145E3,-1.945243164E3,2.729624739E3
1.187696554E1,1.362336670E3,-1.344273682E3,-1.945359863E3,2.729003102E3
1.188700954E1,1.360318848E3,-1.344970825E3,-1.946294189E3,2.729006222E3
1.189705454E1,1.358145752E3,-1.345795288E3,-1.946906738E3,2.728767247E3
1.190709854E1,1.356138672E3,-1.346652588E3,-1.947004395E3,2.728261608E3
1.191714254E1,1.353911865E3,-1.347316772E3,-1.947857666E3,2.728092614E3
1.192718654E1,1.351883911E3,-1.348106934E3,-1.947833740E3,2.727460118E3
1.193723054E1,1.349839478E3,-1.348700806E3,-1.948393066E3,2.727140631E3
1.194727454E1,1.347776001E3,-1.349209229E3,-1.949595337E3,2.727230769E3
1.195731854E1,1.345818237E3,-1.349696167E3,-1.950384033E3,2.727068820E3
1.196736254E1,1.343776123E3,-1.350284668E3,-1.951435913E3,2.727105623E3
1.197740754E1,1.341403320E3,-1.350553833E3,-1.952450928E3,2.726797233E3
1.198745154E1,1.339013428E3,-1.350979614E3,-1.952934204E3,2.726179540E3
1.199749554E1,1.336610352E3,-1.351315552E3,-1.954385864E3,2.726207083E3
1.200753954E1,1.333932251E3,-1.351561523E3,-1.955218262E3,2.725614106E3
1.201758354E1,1.331233521E3,-1.351570312E3,-1.956587524E3,2.725281588E3
1.202762754E1,1.328190674E3,-1.351803223E3,-1.958091309E3,2.724992476E3
1.203767154E1,1.324966919E3,-1.351952148E3,-1.959239014E3,2.724321835E3
1.204771554E1,9.809960175E1,-2.049217529E3,-8.849444580E2,2.234287964E3
1.205775954E1,9.456666565E1,-2.049377197E3,-8.867832031E2,2.235011007E3
1.206780454E1,9.107356262E1,-2.049198975E3,-8.893142090E2,2.235708074E3
1.207784854E1,8.759857178E1,-2.048697754E3,-8.925124512E2,2.236384241E3
1.208789254E1,8.418005371E1,-2.048341309E3,-8.956089478E2,2.237164228E3
1.209793654E1,8.062728119E1,-2.047740479E3,-8.997672729E2,2.238151686E3
1.210798054E1,7.718703461E1,-2.047200562E3,-9.042069092E2,2.239325370E3
1.211802454E1,7.393447876E1,-2.046790161E3,-9.087813110E2,2.240691800E3
1.212806854E1,7.106539917E1,-2.045972534E3,-9.145982666E2,2.242218520E3
1.213811254E1,6.861431885E1,-2.045173096E3,-9.202295532E2,2.243716414E3
1.214815654E1,6.663429260E1,-2.044262939E3,-9.266233521E2,2.245458067E3
1.215820154E1,6.500834656E1,-2.043548218E3,-9.336600342E2,2.247673567E3
1.216824554E1,6.481221771E1,-2.042745239E3,-9.400160522E2,2.249586387E3
1.217828954E1,6.540056610E1,-2.041711426E3,-9.469927979E2,2.251590136E3
1.218833354E1,6.691229248E1,-2.040625732E3,-9.529353638E2,2.253156995E3
1.219837754E1,6.912864685E1,-2.039234497E3,-9.583872070E2,2.254276412E3
1.220842154E1,7.256657410E1,-2.037472290E3,-9.636665039E2,2.255041545E3
1.221846554E1,7.681834412E1,-2.035676392E3,-9.675617065E2,2.255228389E3
1.222850954E1,7.681834412E1,-2.035676392E3,-9.675617065E2,2.255228389E3
1.223855417E1,8.142124939E1,-2.033696533E3,-9.707634277E2,2.254979521E3
1.224859917E1,-1.017715820E3,-6.205160522E2,-2.726520264E3,2.975684528E3
1.225864317E1,-1.012438843E3,-6.183605347E2,-2.726642090E3,2.973546577E3
1.226868717E1,-1.007612671E3,-6.162613525E2,-2.726616211E3,2.971447006E3
1.227873117E1,-1.002903320E3,-6.143053589E2,-2.725248047E3,2.968191884E3
1.228877517E1,-9.986991577E2,-6.122478027E2,-2.723594727E3,2.964829778E3
1.229881917E1,-9.946456909E2,-6.104811401E2,-2.721510742E3,2.961186923E3
1.230886317E1,-9.911509399E2,-6.088787231E2,-2.718430176E3,2.956852398E3
1.231890717E1,-9.881121826E2,-6.072710571E2,-2.715787354E3,2.953073784E3
1.232895117E1,-9.853938599E2,-6.062357178E2,-2.712461670E3,2.948893202E3
1.233899617E1,-9.831135254E2,-6.052529907E2,-2.709308838E3,2.945029332E3
1.234904017E1,-9.807636108E2,-6.045454102E2,-2.706372803E3,2.941398674E3
1.235908417E1,-9.787203369E2,-6.042505493E2,-2.702734619E3,2.937309423E3
1.236912817E1,-9.771872559E2,-6.041591187E2,-2.699970215E3,2.934236244E3
1.237917217E1,-9.752982178E2,-6.045424194E2,-2.696886719E3,2.930849045E3
1.238921617E1,-9.738615723E2,-6.049374390E2,-2.693524902E3,2.927359231E3
1.239926017E1,-9.724664917E2,-6.056336060E2,-2.691116211E3,2.924823004E3
1.240930417E1,-9.712177124E2,-6.063256226E2,-2.688004639E3,2.921688475E3
1.241934817E1,-6.280874023E2,-3.211490173E2,-2.300552490E3,2.406277672E3
1.242939217E1,-6.273317871E2,-3.217632446E2,-2.298031006E3,2.403751913E3
1.243943717E1,-6.264547729E2,-3.226778870E2,-2.295164062E3,2.400904970E3
1.244948117E1,-6.259555054E2,-3.236415100E2,-2.293152344E3,2.398981407E3
1.245952517E1,-6.252114258E2,-3.245187378E2,-2.290834473E3,2.396690284E3
1.246956917E1,-6.247694702E2,-3.253700256E2,-2.288899170E3,2.394840695E3
1.247961317E1,-6.244279175E2,-3.261824951E2,-2.287095703E3,2.393138525E3
1.248965717E1,-6.241376953E2,-3.271190491E2,-2.284933350E3,2.391124243E3
1.249970117E1,4.229358826E2,5.165928955E2,2.005976562E2,6.971243793E2
1.250974517E1,4.227998352E2,5.158035278E2,2.024921875E2,6.970050688E2
1.251978917E1,4.225487976E2,5.150574951E2,2.041643677E2,6.967889197E2
1.252983417E1,4.223319702E2,5.143637695E2,2.052656250E2,6.964684898E2
1.253987817E1,4.217240906E2,5.136584473E2,2.071776123E2,6.961456543E2
1.254992217E1,4.210183716E2,5.130855713E2,2.083086548E2,6.956333577E2
1.255996617E1,4.200173340E2,5.125989990E2,2.092081909E2,6.949391065E2
1.257001017E1,4.192852783E2,5.122346802E2,2.108195801E2,6.947153428E2
1.258005417E1,4.186846313E2,5.116255493E2,2.113251953E2,6.940575347E2
1.259009817E1,4.174987183E2,5.111996460E2,2.123354492E2,6.933372922E2
1.260014217E1,4.164839478E2,5.107307739E2,2.131126099E2,6.926195107E2
1.261018617E1,4.154427490E2,5.104931946E2,2.135683594E2,6.919591199E2
1.262023117E1,4.143381653E2,5.101631775E2,2.142416992E2,6.912612303E2
1.263027517E1,4.132478333E2,5.100444946E2,2.143766479E2,6.905624558E2
1.264031917E1,4.121500854E2,5.099371338E2,2.144321289E2,6.898439760E2
1.265036317E1,4.113683472E2,5.098454895E2,2.144875488E2,6.893266634E2
1.266040717E1,3.129458618E2,2.010042877E2,8.195220947E1,3.808595551E2
1.267045117E1,3.121452332E2,2.009852905E2,8.193536377E1,3.801882921E2
1.268049517E1,3.113933411E2,2.011681213E2,8.130706787E1,3.795329567E2
1.269053917E1,3.104463806E2,2.014029236E2,8.049676514E1,3.787080961E2
1.270058317E1,3.095358887E2,2.017372284E2,8.046215820E1,3.781329589E2
1.271062817E1,3.089181519E2,2.020591736E2,7.954809570E1,3.776059238E2
1.272067217E1,3.089181519E2,2.020591736E2,7.954809570E1,3.776059238E2
1.273071617E1,3.083589172E2,2.023618164E2,7.939080811E1,3.772776524E2
1.274076017E1,3.078219604E2,2.026351471E2,7.872015381E1,3.768450939E2
1.275080417E1,3.073613281E2,2.029743652E2,7.795019531E1,3.764914500E2
1.276084817E1,3.072708740E2,2.033293610E2,7.745794678E1,3.765075731E2
1.277089217E1,3.069476929E2,2.039144592E2,7.633129883E1,3.763302539E2
1.278093617E1,3.064380798E2,2.043423157E2,7.587219238E1,3.760540763E2
1.279098017E1,3.063498840E2,2.048969574E2,7.522821045E1,3.761546201E2
1.280102517E1,3.061390991E2,2.053652344E2,7.409002686E1,3.760124460E2
1.281106917E1,3.058704834E2,2.057529602E2,7.376733398E1,3.759423530E2
1.282111317E1,3.059640808E2,2.062918091E2,7.300311279E1,3.761645700E2
1.283115717E1,3.058279724E2,2.068954315E2,7.217523193E1,3.762256403E2
1.284120117E1,3.060504150E2,2.074212036E2,7.198815918E1,3.766599359E2
1.285124517E1,3.061730347E2,2.082052460E2,7.114807129E1,3.770323589E2
1.286128917E1,3.065334778E2,2.089812012E2,7.109722900E1,3.777442672E2
1.287133317E1,3.068453979E2,2.096773376E2,7.090753174E1,3.783471451E2
1.288137717E1,3.072910461E2,2.104188538E2,7.006738281E1,3.789634800E2
1.289142117E1,1.875464325E2,5.403627777E1,-3.046208801E2,3.617837258E2
1.290146617E1,1.878860779E2,5.491758728E1,-3.052302551E2,3.626053341E2
1.291151017E1,1.883116608E2,5.599230194E1,-3.048034973E2,3.626314816E2
1.292155417E1,1.887832489E2,5.679698944E1,-3.050162048E2,3.631802559E2
1.293159817E1,1.891069336E2,5.781965637E1,-3.055256042E2,3.639374120E2
1.294164217E1,1.894370575E2,5.860161591E1,-3.054252014E2,3.641498343E2
1.295168617E1,1.896749420E2,5.963851166E1,-3.057379456E2,3.647040267E2
1.296173017E1,1.899148407E2,6.056203461E1,-3.057275696E2,3.649722641E2
1.297177417E1,1.900961456E2,6.154653931E1,-3.052145691E2,3.648019384E2
1.298181817E1,1.902200928E2,6.269983673E1,-3.057478943E2,3.655088618E2
1.299186217E1,1.902116699E2,6.378401947E1,-3.055137024E2,3.654962419E2
1.300190717E1,1.903317261E2,6.497585297E1,-3.055737610E2,3.658187404E2
1.301195117E1,1.902476654E2,6.604123688E1,-3.059890442E2,3.663125910E2
1.302199517E1,1.903408966E2,6.734035492E1,-3.053334045E2,3.660503630E2
1.303203917E1,1.901964569E2,6.866919708E1,-3.053701477E2,3.662527515E2
1.304208317E1,1.900239258E2,7.006807709E1,-3.050039368E2,3.661229701E2
1.305212717E1,1.898584747E2,7.172647095E1,-3.043333435E2,3.658000971E2
1.306217117E1,1.890111237E2,7.367848969E1,-3.043929749E2,3.657988626E2
1.307221517E1,1.883240967E2,7.563827515E1,-3.041089783E2,3.656082394E2
1.308225917E1,1.874791565E2,7.778649902E1,-3.041846619E2,3.656876838E2
1.309230417E1,1.864287872E2,8.001322937E1,-3.044414368E2,3.658447731E2
1.310234817E1,1.848785706E2,8.270903015E1,-3.036322327E2,3.649841123E2
1.311239217E1,1.830159302E2,8.577131653E1,-3.035927429E2,3.647192112E2
1.312243617E1,1.806364288E2,8.941676331E1,-3.033254700E2,3.641856913E2
1.313248017E1,1.778243408E2,9.378986359E1,-3.031368103E2,3.637443614E2
1.314252417E1,1.746081238E2,9.882538605E1,-3.034378967E2,3.637705472E2
1.315256817E1,1.705650482E2,1.044059830E2,-3.032790222E2,3.632784198E2
1.316261217E1,1.660521851E2,1.106132126E2,-3.040374451E2,3.636583272E2
1.317265617E1,1.604679108E2,1.176549530E2,-3.044277649E2,3.636879189E2
1.318270017E1,1.540267334E2,1.252294464E2,-3.051358337E2,3.640254468E2
1.319274517E1,1.465192566E2,1.339573517E2,-3.068656311E2,3.654845827E2
1.320278917E1,1.465192566E2,1.339573517E2,-3.068656311E2,3.654845827E2
1.321283317E1,1.376904144E2,1.436457062E2,-3.082296448E2,3.668763457E2
1.322287717E1,1.274554596E2,1.542985535E2,-3.107582092E2,3.696263010E2
1.323292117E1,1.157440338E2,1.654506683E2,-3.141387634E2,3.734350917E2
1.324296458E1,1.024511948E2,1.774741058E2,-3.180390320E2,3.783412896E2
1.325300858E1,8.747914124E1,1.897483368E2,-3.241673889E2,3.856702315E2
1.326305258E1,7.048048401E1,2.022059631E2,-3.316549988E2,3.947781508E2
1.327309658E1,5.163650513E1,2.140861053E2,-3.408725281E2,4.058241855E2
1.328314058E1,3.101887512E1,2.251362152E2,-3.518910217E2,4.188982898E2
1.329318558E1,8.067901611E0,2.351633606E2,-3.640877380E2,4.335052228E2
1.330322958E1,-4.460154724E1,2.454557800E2,-3.049303711E3,3.059491945E3
1.331327358E1,-7.318287659E1,2.516134338E2,-3.064982910E3,3.076164055E3
1.332331758E1,-1.047064362E2,2.539335327E2,-3.082729248E3,3.094941889E3
1.333336158E1,-1.385028839E2,2.513010559E2,-3.102928467E3,3.116167572E3
1.334340558E1,-1.747166290E2,2.426532288E2,-3.124195312E3,3.138471418E3
1.335344958E1,-2.118242950E2,2.272198334E2,-3.147016357E3,3.162310917E3
1.336349358E1,-2.484292145E2,2.046829681E2,-3.170160156E3,3.186460043E3
1.337353758E1,-2.824929810E2,1.751434174E2,-3.191995605E3,3.209254344E3
1.338358158E1,-3.117693481E2,1.400010834E2,-3.212553223E3,3.230680832E3
1.339362658E1,-3.346451416E2,1.002176666E2,-3.229652832E3,3.248490167E3
1.340367058E1,-3.514943237E2,5.832058716E1,-3.242773682E3,3.262289181E3
1.341371458E1,-3.631437378E2,1.477113056E1,-3.252257812E3,3.272502474E3
1.342375858E1,-3.692761841E2,-2.908279419E1,-3.258324463E3,3.279312278E3
1.343380258E1,-3.695632935E2,-7.177944183E1,-3.261904785E3,3.283557848E3
1.344384658E1,-3.641730347E2,-1.125879822E2,-3.262487305E3,3.284679812E3
1.345389058E1,-3.534736328E2,-1.507770691E2,-3.261027344E3,3.283592038E3
1.346393458E1,-3.385291748E2,-1.859495239E2,-3.257868652E3,3.280683981E3
1.347397858E1,-3.214671631E2,-2.175458984E2,-3.250976562E3,3.274067190E3
1.348402258E1,-3.036336670E2,-2.459819183E2,-3.241375488E3,3.264845412E3
1.349406758E1,-2.848391724E2,-2.716267090E2,-3.229313965E3,3.253211199E3
1.350411158E1,-2.562323975E3,8.342576904E2,-8.249447632E2,2.818159667E3
1.351415558E1,-2.540917969E3,8.161517334E2,-8.112183228E2,2.789344536E3
1.352419958E1,-2.518140137E3,8.025358887E2,-7.973023682E2,2.760576872E3
1.353424358E1,-2.494358398E3,7.931850586E2,-7.843149414E2,2.732419493E3
1.354428758E1,-2.470519043E3,7.877677002E2,-7.720275269E2,2.705562565E3
1.355433158E1,-2.448206787E3,7.848889160E2,-7.599707031E2,2.680918229E3
1.356437558E1,-2.425821777E3,7.849799805E2,-7.483876343E2,2.657233320E3
1.357441958E1,-2.405788574E3,7.860952759E2,-7.359742432E2,2.635796376E3
1.358446458E1,-2.386558838E3,7.881289062E2,-7.234884033E2,2.615386344E3
1.359450858E1,-2.367083008E3,7.913531494E2,-7.113898315E2,2.595264392E3
1.360455258E1,-2.347901123E3,7.953482056E2,-6.982940674E2,2.575428713E3
1.361459658E1,-2.329025879E3,8.007456055E2,-6.863534546E2,2.556684598E3
1.362464058E1,-2.311337402E3,8.070322266E2,-6.747799072E2,2.539470324E3
1.363468458E1,-2.295291016E3,8.136378174E2,-6.633122559E2,2.523955327E3
1.364472858E1,-2.281677979E3,8.205677490E2,-6.530111694E2,2.511137076E3
1.365477258E1,-2.270209229E3,8.271342773E2,-6.428026123E2,2.500239239E3
1.366481658E1,-2.260446777E3,8.336325684E2,-6.344190063E2,2.491395265E3
1.367486058E1,-2.252005615E3,8.397005615E2,-6.272442017E2,2.483960872E3
1.368490558E1,-2.244691650E3,8.452432861E2,-6.208660889E2,2.477610042E3
1.369494958E1,-2.244691650E3,8.452432861E2,-6.208660889E2,2.477610042E3
1.370499358E1,-2.238463867E3,8.503162842E2,-6.154284668E2,2.472349180E3
1.371503758E1,-2.232932373E3,8.552233887E2,-6.097477417E2,2.467627674E3
1.372508158E1,-2.227967285E3,8.597542725E2,-6.033308105E2,2.463132903E3
1.373512558E1,-2.223391846E3,8.642431641E2,-5.970571289E2,2.459037365E3
1.374516958E1,-2.219076660E3,8.690239258E2,-5.904967041E2,2.455237293E3
1.375521358E1,-2.214378662E3,8.738167725E2,-5.848718872E2,2.451347331E3
1.376525758E1,-2.209837646E3,8.792828979E2,-5.791535645E2,2.447843886E3
1.377530158E1,-2.205620605E3,8.846209717E2,-5.741121826E2,2.444774288E3
1.378534558E1,-2.202136475E3,8.896567383E2,-5.694344482E2,2.442365606E3
1.379539058E1,-2.199904053E3,8.940684814E2,-5.640759888E2,2.440720798E3
1.380543458E1,-2.198879639E3,8.980770264E2,-5.583906860E2,2.439961920E3
1.381547858E1,-2.198415771E3,9.020595703E2,-5.531023560E2,2.439808515E3
1.382552258E1,-2.198132324E3,9.058865967E2,-5.472430420E2,2.439649808E3
1.383556658E1,-2.197226807E3,9.102696533E2,-5.429759521E2,2.439512116E3
1.384561058E1,-2.196136230E3,9.147692871E2,-5.386619873E2,2.439256839E3
1.385565458E1,-2.194901611E3,9.195841675E2,-5.349146118E2,2.439131355E3
1.386569858E1,-2.194185059E3,9.242331543E2,-5.311557617E2,2.439422357E3
1.387574258E1,-2.192726807E3,9.298795166E2,-5.266820679E2,2.439286938E3
1.388578658E1,-2.191557129E3,9.353488770E2,-5.225722656E2,2.439442958E3
1.389583158E1,-2.190430664E3,9.416444092E2,-5.182937012E2,2.439940378E3
1.390587558E1,-2.189319092E3,9.484250488E2,-5.143267822E2,2.440729440E3
1.391591958E1,-7.255573730E2,-2.431645020E3,-8.904403076E2,2.689277774E3
1.392596358E1,-7.237219238E2,-2.424073730E3,-8.886188965E2,2.681333701E3
1.393600758E1,-7.213250122E2,-2.416614502E3,-8.878011475E2,2.673672811E3
1.394605158E1,-7.185036011E2,-2.408820557E3,-8.877131348E2,2.665839175E3
1.395609558E1,-7.156320801E2,-2.401143311E3,-8.869665527E2,2.657880384E3
1.396613958E1,-7.123697510E2,-2.393677246E3,-8.870720825E2,2.650294003E3
1.397618358E1,-7.092252808E2,-2.386346436E3,-8.862222290E2,2.642544162E3
1.398622758E1,-7.056484985E2,-2.379394531E3,-8.854251099E2,2.635039993E3
1.399627258E1,-7.021066284E2,-2.372591553E3,-8.862445679E2,2.628226365E3
1.400631658E1,-6.990533447E2,-2.366135010E3,-8.858879395E2,2.621462932E3
1.401636058E1,-6.971572876E2,-2.360197266E3,-8.860958252E2,2.615669174E3
1.402640458E1,-6.936161499E2,-2.354385498E3,-8.878546143E2,2.610080507E3
1.403644858E1,-6.909286499E2,-2.348744385E3,-8.888042603E2,2.604602771E3
1.404649258E1,-6.888707886E2,-2.343863037E3,-8.894307861E2,2.599870001E3
1.405653658E1,-6.868240356E2,-2.339378906E3,-8.900616455E2,2.595502005E3
1.406658058E1,-6.850919800E2,-2.335043213E3,-8.905017700E2,2.591287562E3
1.407662458E1,-6.830870972E2,-2.331093262E3,-8.917613525E2,2.587632526E3
1.408666858E1,-6.822409668E2,-2.327347168E3,-8.910749512E2,2.583798008E3
1.409671258E1,-6.794442749E2,-2.323458984E3,-8.941341553E2,2.580616605E3
1.410675758E1,-6.778182373E2,-2.319698242E3,-8.964774170E2,2.577616972E3
1.411680158E1,-6.758840942E2,-2.316324219E3,-8.983083496E2,2.574710680E3
1.412684558E1,-6.739813843E2,-2.312956299E3,-9.010628662E2,2.572145415E3
1.413688958E1,-6.726686401E2,-2.310111816E3,-9.021158447E2,2.569613337E3
1.414693358E1,-6.712940063E2,-2.307335449E3,-9.037239990E2,2.567323428E3
1.415697758E1,2.234751465E3,-8.859061890E2,-6.133742676E2,2.480961886E3
1.416702158E1,2.235666504E3,-8.832865601E2,-6.135516357E2,2.480896103E3
1.417706558E1,2.236276855E3,-8.804993896E2,-6.155220947E2,2.480943530E3
1.418710958E1,2.236276855E3,-8.804993896E2,-6.155220947E2,2.480943530E3
1.419715358E1,2.237048096E3,-8.779348145E2,-6.168458252E2,2.481058744E3
1.420719858E1,2.237639160E3,-8.752036133E2,-6.193272705E2,2.481244979E3
1.421724258E1,2.238292725E3,-8.728176270E2,-6.191287842E2,2.480944454E3
1.422728658E1,2.239126465E3,-8.705182495E2,-6.220406494E2,2.481617198E3
1.423733104E1,2.239932129E3,-8.683706665E2,-6.233647461E2,2.481924085E3
1.424737504E1,2.240931152E3,-8.663226929E2,-6.230458984E2,2.482030143E3
1.425741904E1,2.241673828E3,-8.645230713E2,-6.244010010E2,2.482413806E3
1.426746304E1,2.242480713E3,-8.624467163E2,-6.256311035E2,2.482730022E3
1.427750704E1,2.243143799E3,-8.604820557E2,-6.270581055E2,2.483007317E3
1.428755104E1,2.243956543E3,-8.583681641E2,-6.285815430E2,2.483395182E3
1.429759504E1,2.244365967E3,-8.563767700E2,-6.301346436E2,2.483471247E3
1.430763904E1,2.244921631E3,-8.546248779E2,-6.313828125E2,2.483686990E3
1.431768404E1,2.245818848E3,-8.528832397E2,-6.327274170E2,2.484241555E3
1.432772804E1,2.246585449E3,-8.516303101E2,-6.330668945E2,2.484591326E3
1.433777204E1,2.247279785E3,-8.503497925E2,-6.342719727E2,2.485087954E3
1.434781604E1,2.247991699E3,-8.491719971E2,-6.350993652E2,2.485540377E3
1.435786004E1,2.248446045E3,-8.480866699E2,-6.354479980E2,2.485669885E3
1.436790404E1,2.248584717E3,-8.468704834E2,-6.367432861E2,2.485712143E3
1.437794804E1,2.249095703E3,-8.453427124E2,-6.357723389E2,2.485405852E3
1.438799204E1,2.249272217E3,-8.438733521E2,-6.361771240E2,2.485169828E3
1.439803604E1,2.249700195E3,-8.427777100E2,-6.367864990E2,2.485341482E3
1.440808004E1,2.249403809E3,-8.422767944E2,-6.388963623E2,2.485444881E3
1.441812504E1,2.249805420E3,-8.415568848E2,-6.392751465E2,2.485661910E3
1.442816904E1,2.250341309E3,-8.408532104E2,-6.400731201E2,2.486114182E3
1.443821304E1,2.250478027E3,-8.404793701E2,-6.403052979E2,2.486171313E3
1.444825704E1,2.251054443E3,-8.397152710E2,-6.410638428E2,2.486630389E3
1.445830104E1,2.250638184E3,-8.389883423E2,-6.416511230E2,2.486159656E3
1.446834504E1,2.250633301E3,-8.382465210E2,-6.428718262E2,2.486220358E3
1.447838904E1,2.250219971E3,-8.375447998E2,-6.437720947E2,2.485842658E3
1.448843304E1,2.250224121E3,-8.370220337E2,-6.437471924E2,2.485663881E3
1.449847704E1,2.251099854E3,-8.358944092E2,-6.425592041E2,2.485769970E3
1.450852104E1,2.250693848E3,-8.359936523E2,-6.434410400E2,2.485663806E3
1.451856504E1,2.250665039E3,-8.356654663E2,-6.437916260E2,2.485618142E3
1.452861004E1,2.251054199E3,-8.353236694E2,-6.441608887E2,2.485951305E3
1.453865404E1,2.250788086E3,-8.348103638E2,-6.436973877E2,2.485417808E3
1.454869804E1,2.250402588E3,-8.343164673E2,-6.447668457E2,2.485180086E3
1.455874204E1,2.250016846E3,-8.341195068E2,-6.455018311E2,2.484955487E3
1.456878604E1,2.184142090E3,-6.317664795E2,2.246796875E2,2.284750865E3
1.457883004E1,2.183435547E3,-6.319765015E2,2.228861694E2,2.283957821E3
1.458887404E1,2.183061768E3,-6.318100586E2,2.221091919E2,2.283478733E3
1.459891804E1,2.183791016E3,-6.310477295E2,2.232658691E2,2.284077951E3
1.460896204E1,2.183281006E3,-6.311919556E2,2.219512329E2,2.283502044E3
1.461900604E1,2.183450195E3,-6.310228271E2,2.226145630E2,2.283681634E3
1.462905004E1,2.182985107E3,-6.307402344E2,2.218245239E2,2.283081983E3
1.463909504E1,2.182504639E3,-6.305150146E2,2.218336182E2,2.282561245E3
1.464913904E1,2.182028076E3,-6.303075562E2,2.216196899E2,2.282027482E3
1.465918304E1,2.181385254E3,-6.300781860E2,2.207032471E2,2.281260632E3
1.466922704E1,2.181385254E3,-6.300781860E2,2.207032471E2,2.281260632E3
1.467927104E1,2.181257568E3,-6.297658081E2,2.213200684E2,2.281112037E3
1.468931504E1,2.180639648E3,-6.293852539E2,2.206296997E2,2.280349214E3
1.469935904E1,2.180293457E3,-6.290426636E2,2.208259888E2,2.279942620E3
1.470940304E1,2.180041504E3,-6.288164062E2,2.212583008E2,2.279681177E3
1.471944704E1,2.179857422E3,-6.286557617E2,2.211831665E2,2.279453540E3
1.472949104E1,2.179717773E3,-6.282512817E2,2.218269653E2,2.279271034E3
1.473953504E1,2.179300781E3,-6.279925537E2,2.219384155E2,2.278811796E3
1.474958004E1,2.179131104E3,-6.273629150E2,2.224827881E2,2.278529171E3
1.475962404E1,2.177978271E3,-6.274272461E2,2.222531738E2,2.277421958E3
1.476966804E1,2.177370117E3,-6.272325439E2,2.223138428E2,2.276792642E3
1.477971204E1,2.176878418E3,-6.267900391E2,2.223955688E2,2.276208512E3
1.478975604E1,2.176826172E3,-6.264765015E2,2.228441162E2,2.276116098E3
1.479980004E1,2.176805176E3,-6.260417480E2,2.231164551E2,2.276003075E3
1.480984404E1,2.176887695E3,-6.258079224E2,2.238236084E2,2.276087125E3
1.481988804E1,2.177117676E3,-6.254069824E2,2.238455811E2,2.276199049E3
1.482993204E1,2.177012451E3,-6.252304688E2,2.239170532E2,2.276056941E3
1.483997604E1,2.176931885E3,-6.248810425E2,2.249946289E2,2.275990187E3
1.485002004E1,2.176396729E3,-6.248175049E2,2.247887573E2,2.275440533E3
1.486006504E1,2.176429443E3,-6.245775757E2,2.253079834E2,2.275457307E3
1.487010904E1,2.176005127E3,-6.243303223E2,2.253086548E2,2.274983660E3
1.488015304E1,2.175976807E3,-6.242407837E2,2.253872070E2,2.274939782E3
1.489019704E1,2.175798340E3,-6.239365845E2,2.258736572E2,2.274733871E3
1.490024104E1,2.176267822E3,-6.237998657E2,2.261694946E2,2.275174839E3
1.491028504E1,2.176296143E3,-6.234520264E2,2.267141724E2,2.275160795E3
1.492032904E1,2.176363525E3,-6.232185059E2,2.267990723E2,2.275169734E3
1.493037304E1,2.176401855E3,-6.230320435E2,2.264241333E2,2.275117986E3
1.494041704E1,2.176219482E3,-6.227984619E2,2.266362305E2,2.274900688E3
1.495046104E1,2.176064941E3,-6.225219727E2,2.265171509E2,2.274665306E3
1.496050504E1,2.176136963E3,-6.226317749E2,2.267655029E2,2.274789002E3
1.497054904E1,2.175619629E3,-6.222686768E2,2.267801514E2,2.274196190E3
1.498059404E1,1.490771118E3,-5.236727905E2,1.246638672E3,2.012644950E3
1.499063804E1,1.490621948E3,-5.234818726E2,1.247238525E3,2.012856429E3
1.500068204E1,1.490035522E3,-5.230905151E2,1.247142334E3,2.012260805E3
1.501072604E1,1.490225586E3,-5.230555420E2,1.247468262E3,2.012594460E3
1.502077004E1,1.489855957E3,-5.225292969E2,1.248057617E3,2.012549491E3
1.503081404E1,1.489341064E3,-5.221918335E2,1.248116699E3,2.012117395E3
1.504085804E1,1.488833008E3,-5.218811035E2,1.248667480E3,2.012002507E3
1.505090204E1,1.488263550E3,-5.216976929E2,1.249407227E3,2.011992866E3
1.506094604E1,1.487647705E3,-5.215264282E2,1.249448242E3,2.011518436E3
1.507099004E1,1.486760498E3,-5.212426147E2,1.250359741E3,2.011355295E3
1.508103404E1,1.486330811E3,-5.209833374E2,1.251081177E3,2.011419157E3
1.509107904E1,1.485959351E3,-5.211018677E2,1.251960205E3,2.011722323E3
1.510112304E1,1.485578125E3,-5.206593018E2,1.253245117E3,2.012126188E3
1.511116704E1,1.485496704E3,-5.203104858E2,1.253541260E3,2.012160319E3
1.512121104E1,1.484945679E3,-5.198603516E2,1.254823242E3,2.012436290E3
1.513125504E1,1.485010376E3,-5.194756470E2,1.255249023E3,2.012650212E3
1.514129904E1,1.484886475E3,-5.191622314E2,1.256112183E3,2.013016413E3
1.515134304E1,1.484668091E3,-5.188224487E2,1.257187988E3,2.013439274E3
1.516138704E1,1.484668091E3,-5.188224487E2,1.257187988E3,2.013439274E3
1.517143104E1,1.484630615E3,-5.186368408E2,1.257778198E3,2.013732413E3
1.518147504E1,1.484847656E3,-5.182957764E2,1.258746582E3,2.014409599E3
1.519151904E1,1.484834717E3,-5.180836182E2,1.259670898E3,2.014923210E3
1.520156404E1,1.484911377E3,-5.179062500E2,1.260151367E3,2.015234515E3
1.521160804E1,1.485123535E3,-5.176973267E2,1.261241577E3,2.016019036E3
1.522165204E1,1.485054077E3,-5.175639648E2,1.261752930E3,2.016253587E3
1.523169604E1,1.485215698E3,-5.173577271E2,1.262793091E3,2.016970768E3
1.524174204E1,1.484974365E3,-5.172332764E2,1.264155396E3,2.017614431E3
1.525178604E1,1.485028076E3,-5.169782715E2,1.264715576E3,2.017939644E3
1.526183004E1,1.484833618E3,-5.169047852E2,1.265627686E3,2.018349541E3
1.527187404E1,2.720638123E2,6.314679337E1,1.090640869E3,1.125834686E3
1.528191804E1,2.718999329E2,6.340187454E1,1.091186523E3,1.126338049E3
1.529196204E1,2.719061584E2,6.359346008E1,1.092618408E3,1.127737591E3
1.530200604E1,2.719344177E2,6.375218964E1,1.093033203E3,1.128155243E3
1.531205004E1,2.720188599E2,6.380027008E1,1.093947754E3,1.129064402E3
1.532209504E1,2.722932434E2,6.353745270E1,1.095006348E3,1.130141372E3
1.533213904E1,2.720859375E2,6.411470795E1,1.095412354E3,1.130517438E3
1.534218304E1,2.722706909E2,6.433895874E1,1.096311768E3,1.131446120E3
1.535222704E1,2.721639709E2,6.435102081E1,1.096865479E3,1.131957667E3
1.536227104E1,2.721156311E2,6.482579041E1,1.097476074E3,1.132564803E3
1.537231504E1,2.720004883E2,6.521530151E1,1.098516113E3,1.133567357E3
1.538235904E1,2.719883728E2,6.559415436E1,1.099071045E3,1.134124080E3
1.539240304E1,2.718571777E2,6.594200897E1,1.099868408E3,1.134885540E3
1.540244704E1,2.720494385E2,6.632984924E1,1.100367188E3,1.135437578E3
1.541249104E1,2.724682312E2,6.616059875E1,1.100918457E3,1.136062327E3
1.542253504E1,2.723764954E2,6.678910828E1,1.102343018E3,1.137457634E3
1.543258004E1,2.724313660E2,6.713729858E1,1.102877686E3,1.138009427E3
1.544262404E1,2.726346436E2,6.685617065E1,1.104249512E3,1.139371046E3
1.545266804E1,2.727813416E2,6.729219055E1,1.105026367E3,1.140184709E3
1.546271204E1,2.728115540E2,6.740586853E1,1.105574707E3,1.140730085E3
1.547275604E1,2.731508179E2,6.730871582E1,1.106486328E3,1.141689024E3
1.548280004E1,2.732651367E2,6.749934387E1,1.107024170E3,1.142248882E3
1.549284404E1,2.734685974E2,6.782315063E1,1.108174561E3,1.143431638E3
1.550288804E1,2.737545776E2,6.780364990E1,1.109105469E3,1.144401086E3
1.551293204E1,2.457956123E1,4.469863892E2,-2.878612305E3,2.913212966E3
1.552297604E1,2.493955612E1,4.469151611E2,-2.877573730E3,2.912178861E3
1.553302004E1,2.529222870E1,4.470996704E2,-2.877136963E3,2.911778652E3
1.554306404E1,2.562984085E1,4.473454590E2,-2.876522217E3,2.911211932E3
1.555310904E1,2.594284058E1,4.474524841E2,-2.875270996E3,2.909994855E3
1.556315304E1,2.645707893E1,4.475203552E2,-2.874624512E3,2.909371157E3
1.557319704E1,2.675530052E1,4.475373230E2,-2.873416260E3,2.908182681E3
1.558324104E1,2.750987244E1,4.473596802E2,-2.873027588E3,2.907778361E3
1.559328504E1,2.764845848E1,4.472193298E2,-2.872250000E3,2.906989788E3
1.560332904E1,2.836212921E1,4.469765930E2,-2.871575928E3,2.906293308E3
1.561337304E1,2.853023720E1,4.467631226E2,-2.871012695E3,2.905705621E3
1.562341704E1,2.894242668E1,4.466901550E2,-2.870352051E3,2.905045723E3
1.563346104E1,2.938334465E1,4.465509033E2,-2.869158203E3,2.903849150E3
1.564350504E1,3.009777260E1,4.459983826E2,-2.869133301E3,2.903746947E3
1.565354904E1,3.009777260E1,4.459983826E2,-2.869133301E3,2.903746947E3
1.566359304E1,3.023486710E1,4.463140259E2,-2.868110352E3,2.902786135E3
1.567363804E1,3.054935074E1,4.464994202E2,-2.867812012E3,2.902523166E3
1.568368204E1,3.104020500E1,4.465135498E2,-2.867535645E3,2.902257486E3
1.569372604E1,3.142528725E1,4.464037170E2,-2.866677002E3,2.901396364E3
1.570377004E1,3.189910889E1,4.462513428E2,-2.866539795E3,2.901242529E3
1.571381404E1,3.239544678E1,4.459704590E2,-2.865799072E3,2.900472968E3
1.572385804E1,3.289637756E1,4.458139343E2,-2.865551025E3,2.900209461E3
1.573390204E1,3.340748215E1,4.452929077E2,-2.864956299E3,2.899547625E3
1.574394604E1,3.429657745E1,4.445507507E2,-2.864347412E3,2.898842480E3
1.575399004E1,3.463543701E1,4.444162598E2,-2.863581055E3,2.898068647E3
1.576403404E1,3.516053772E1,4.441963806E2,-2.863010742E3,2.897477730E3
1.577407804E1,3.543639374E1,4.436152344E2,-2.862228027E3,2.896618631E3
1.578412204E1,1.230666199E2,-1.041991501E2,1.896576294E3,1.903419159E3
1.579416604E1,1.236137085E2,-1.047785797E2,1.897816895E3,1.904722517E3
1.580421104E1,1.237643356E2,-1.050894623E2,1.898171265E3,1.905102505E3
1.581425504E1,1.240992966E2,-1.055041656E2,1.899057129E3,1.906029838E3
1.582429904E1,1.243423615E2,-1.059483948E2,1.899968018E3,1.906977859E3
1.583434304E1,1.251630325E2,-1.065227051E2,1.900071289E3,1.907166426E3
1.584438704E1,1.254643326E2,-1.070066757E2,1.900989502E3,1.908128092E3
1.585443104E1,1.261064606E2,-1.074179611E2,1.901219482E3,1.908422641E3
1.586447504E1,1.266196289E2,-1.078665771E2,1.901294189E3,1.908556345E3
1.587451904E1,1.275932312E2,-1.081721497E2,1.901264526E3,1.908608930E3
1.588456304E1,1.283218994E2,-1.087150269E2,1.901447998E3,1.908871383E3
1.589460704E1,1.292178040E2,-1.090292435E2,1.901292969E3,1.908795319E3
1.590465104E1,1.298120422E2,-1.095519104E2,1.902140137E3,1.909709372E3
1.591469504E1,1.304428406E2,-1.097318878E2,1.901981567E3,1.909604751E3
1.592474004E1,1.311418610E2,-1.104726410E2,1.902792969E3,1.910503461E3
1.593478404E1,1.316877136E2,-1.109835205E2,1.902604736E3,1.910383150E3
1.594482804E1,1.320875702E2,-1.115045319E2,1.903302368E3,1.911135864E3
1.595487204E1,1.323637543E2,-1.120222778E2,1.904406738E3,1.912285067E3
1.596491604E1,1.330648956E2,-1.126292725E2,1.904724121E3,1.912685441E3
1.597496004E1,1.335034180E2,-1.131021881E2,1.905469238E3,1.913485899E3
1.598500404E1,1.343330383E2,-1.136827393E2,1.905638306E3,1.913746713E3
1.599504804E1,1.350443115E2,-1.143960342E2,1.905733521E3,1.913934082E3
1.600509204E1,1.359824524E2,-1.148618622E2,1.906337891E3,1.914630154E3
1.601513604E1,1.367655792E2,-1.153244019E2,1.906643799E3,1.915018307E3
1.602518004E1,1.379607544E2,-1.158119354E2,1.906643066E3,1.915132726E3
1.603522404E1,1.389916687E2,-1.165833130E2,1.907274292E3,1.915882454E3
1.604526804E1,1.401507263E2,-1.171521225E2,1.906659790E3,1.915389882E3
1.605531304E1,1.411341705E2,-1.180240555E2,1.907364258E3,1.916216831E3
1.606535704E1,1.421972198E2,-1.185206146E2,1.907229004E3,1.916191446E3
1.607540104E1,1.435200348E2,-1.195154419E2,1.907632568E3,1.916753494E3
1.608544504E1,1.444165344E2,-1.202257462E2,1.908411621E3,1.917640551E3
1.609548904E1,1.454987640E2,-1.211201630E2,1.908416504E3,1.917783496E3
1.610553304E1,1.463852234E2,-1.219451904E2,1.908980103E3,1.918464046E3
1.611557704E1,1.475781403E2,-1.227762680E2,1.909363037E3,1.918989455E3
1.612562104E1,-2.881334305E1,-2.769095154E2,1.582070190E3,1.606379524E3
1.613566504E1,-2.881334305E1,-2.769095154E2,1.582070190E3,1.606379524E3
1.614570904E1,-2.754465485E1,-2.777401733E2,1.582326782E3,1.606753359E3
1.615575304E1,-2.645803070E1,-2.786387329E2,1.582500488E3,1.607061718E3
1.616579704E1,-2.486183548E1,-2.795413208E2,1.582822266E3,1.607509809E3
1.617584204E1,-2.365285492E1,-2.804719849E2,1.583320312E3,1.608144025E3
1.618588604E1,-2.190383911E1,-2.811955566E2,1.583075562E3,1.608004649E3
1.619593004E1,-2.016746902E1,-2.822958069E2,1.583572632E3,1.608664020E3
1.620597404E1,-1.841906357E1,-2.829431458E2,1.583043701E3,1.608236129E3
1.621601804E1,-1.649576950E1,-2.841164856E2,1.583277466E3,1.608652175E3
1.622606204E1,-1.473659897E1,-2.850695801E2,1.583339355E3,1.608864614E3
1.623610604E1,-1.279774857E1,-2.864020691E2,1.583620483E3,1.609361290E3
1.624614817E1,-1.088639069E1,-2.873768311E2,1.583834473E3,1.609731528E3
1.625619217E1,-8.730480194E0,-2.888170166E2,1.584320190E3,1.610453960E3
1.626623617E1,-6.853820801E0,-2.899313049E2,1.584046875E3,1.610376241E3
1.627628017E1,-4.676376343E0,-2.911746521E2,1.584391968E3,1.610932169E3
1.628632417E1,-2.531112671E0,-2.924102783E2,1.584109253E3,1.610873149E3
1.629636817E1,-2.721481323E-1,-2.938353577E2,1.584200439E3,1.611220135E3
1.630641317E1,1.857082367E0,-2.950496521E2,1.584326050E3,1.611566560E3
1.631645717E1,4.218273163E0,-2.961693726E2,1.583547485E3,1.611011089E3
1.632650117E1,6.534984589E0,-2.975720520E2,1.583327148E3,1.611060735E3
1.633654517E1,9.093151093E0,-2.984199524E2,1.582357544E3,1.610277166E3
1.634658917E1,1.170412827E1,-2.994602051E2,1.581677124E3,1.609818600E3
1.635663317E1,1.432831955E1,-3.003081055E2,1.580973145E3,1.609306168E3
1.636667717E1,1.688299942E1,-3.012809448E2,1.580354980E3,1.608905562E3
1.637672117E1,1.958147812E1,-3.021262512E2,1.579718506E3,1.608469541E3
1.638676517E1,2.246040726E1,-3.032500305E2,1.579233887E3,1.608242743E3
1.639680917E1,2.549156570E1,-3.040064392E2,1.578197876E3,1.607413534E3
1.640685317E1,2.868186569E1,-3.052285767E2,1.577972534E3,1.607477668E3
1.641689717E1,3.179367447E1,-3.060644531E2,1.576999634E3,1.606740219E3
1.642694117E1,3.503163528E1,-3.073907471E2,1.576670898E3,1.606738127E3
1.643698617E1,3.805825424E1,-3.084035950E2,1.575797363E3,1.606143997E3
1.644703017E1,4.125547409E1,-3.095651855E2,1.574746582E3,1.605415652E3
1.645707417E1,4.447429276E1,-3.106667175E2,1.574401367E3,1.605375793E3
1.646711817E1,4.762282181E1,-3.116432190E2,1.573291870E3,1.604567461E3
1.647716217E1,5.068278885E1,-3.124624023E2,1.572617188E3,1.604159068E3
1.648720617E1,5.382038498E1,-3.131075134E2,1.572218872E3,1.603996612E3
1.649725017E1,5.651900101E1,-3.135386047E2,1.570895386E3,1.602876529E3
1.650729417E1,5.975951767E1,-3.136356201E2,1.569362427E3,1.601510827E3
1.651733817E1,6.273651505E1,-3.138707275E2,1.567842407E3,1.600181402E3
1.652738217E1,6.539846802E1,-3.134294739E2,1.565775146E3,1.598176087E3
1.653742617E1,-4.260926514E2,-2.199887543E2,-1.568095703E3,1.639778684E3
1.654747017E1,-4.235971069E2,-2.189578857E2,-1.570633057E3,1.641421720E3
1.655751417E1,-4.213715820E2,-2.182189178E2,-1.572672852E3,1.642703079E3
1.656755917E1,-4.194998169E2,-2.167876740E2,-1.575051880E3,1.644313053E3
1.657760317E1,-4.176185303E2,-2.156333313E2,-1.577697998E3,1.646218073E3
1.658764717E1,-4.159074707E2,-2.142091980E2,-1.579837646E3,1.647650325E3
1.659769117E1,-4.140830688E2,-2.130932922E2,-1.581514160E3,1.648654172E3
1.660773517E1,-4.121623840E2,-2.117750854E2,-1.583409424E3,1.649821785E3
1.661777917E1,-4.103531494E2,-2.105728149E2,-1.584708008E3,1.650463598E3
1.662782317E1,-4.103531494E2,-2.105728149E2,-1.584708008E3,1.650463598E3
1.663786717E1,-4.088585815E2,-2.091970673E2,-1.587006226E3,1.652125150E3
1.664791117E1,-4.074451294E2,-2.077360840E2,-1.588491699E3,1.653018963E3
1.665795517E1,-4.066012573E2,-2.059105225E2,-1.589976562E3,1.654010035E3
1.666799917E1,-4.057824707E2,-2.040657806E2,-1.591966309E3,1.655493577E3
1.667804317E1,-4.054427490E2,-2.021228485E2,-1.593419556E3,1.656569754E3
1.668808717E1,-4.051706848E2,-1.999190216E2,-1.595471924E3,1.658210348E3
1.669813117E1,-4.051788940E2,-1.977370758E2,-1.596901855E3,1.659326798E3
1.670817617E1,-4.051741333E2,-1.954288330E2,-1.598545166E3,1.660633962E3
1.671822017E1,-4.053122559E2,-1.933280029E2,-1.600503540E3,1.662307229E3
1.672826417E1,-4.055730591E2,-1.908715973E2,-1.601596436E3,1.663139385E3
1.673830817E1,-4.059655762E2,-1.885604248E2,-1.603374146E3,1.664683674E3
1.674835217E1,-4.065799561E2,-1.859465179E2,-1.604631836E3,1.665751091E3
1.675839617E1,-4.075368347E2,-1.836713409E2,-1.605278809E3,1.666355750E3
1.676844017E1,-4.087080994E2,-1.808799438E2,-1.606988037E3,1.667983938E3
1.677848417E1,-4.100695801E2,-1.786030884E2,-1.607799683E3,1.668854680E3
1.678852817E1,-4.116857910E2,-1.760169067E2,-1.609113525E3,1.670243539E3
1.679857217E1,-4.135684204E2,-1.736904297E2,-1.610017334E3,1.671335699E3
1.680861617E1,-2.235689453E3,-1.038956451E2,-8.476157227E2,2.393230881E3
1.681866017E1,-2.237497070E3,-1.019214935E2,-8.484932861E2,2.395145504E3
1.682870417E1,-2.239594482E3,-9.975610352E1,-8.490091553E2,2.397196544E3
1.683874917E1,-2.241470215E3,-9.812375641E1,-8.491737061E2,2.398939970E3
1.684879317E1,-2.243659668E3,-9.649835968E1,-8.499149170E2,2.401182210E3
1.685883717E1,-2.245855469E3,-9.502122498E1,-8.497255859E2,2.403108277E3
1.686888117E1,-2.248039795E3,-9.361103058E1,-8.500926514E2,2.405224202E3
1.687892517E1,-2.250096191E3,-9.231287384E1,-8.505098877E2,2.407243570E3
1.688896917E1,-2.252183105E3,-9.096393585E1,-8.501479492E2,2.409015300E3
1.689901317E1,-2.254477295E3,-8.961126709E1,-8.506329346E2,2.411280664E3
1.690905717E1,-2.256726562E3,-8.853079224E1,-8.502966309E2,2.413225402E3
1.691910117E1,-2.259104736E3,-8.709796143E1,-8.509683838E2,2.415633965E3
1.692914517E1,-2.261518799E3,-8.603666687E1,-8.507561035E2,2.417779050E3
1.693918917E1,-2.263983154E3,-8.495388794E1,-8.507008057E2,2.420026600E3
1.694923317E1,-2.266612061E3,-8.412392426E1,-8.511911621E2,2.422629452E3
1.695927717E1,-2.269165527E3,-8.321448517E1,-8.509597168E2,2.424906035E3
1.696932217E1,-2.271813965E3,-8.261683655E1,-8.508673096E2,2.427331747E3
1.697936617E1,-2.274521973E3,-8.187028503E1,-8.516080322E2,2.430100654E3
1.698941017E1,-2.277151611E3,-8.144560242E1,-8.512624512E2,2.432426897E3
1.699945417E1,-2.279779297E3,-8.081227875E1,-8.512890625E2,2.434875220E3
1.700949817E1,-2.282313721E3,-8.054447937E1,-8.514102783E2,2.437281846E3
1.701954217E1,-2.284846924E3,-8.030690002E1,-8.506458740E2,2.439379648E3
1.702958617E1,-2.287281494E3,-8.027229309E1,-8.504895020E2,2.441604527E3
1.703963017E1,-2.289984619E3,-8.023930359E1,-8.498566895E2,2.443915771E3
1.704967417E1,-2.292147949E3,-8.036094666E1,-8.495731201E2,2.445848440E3
1.705971817E1,-2.294619385E3,-8.047049713E1,-8.491689453E2,2.448028088E3
1.706976217E1,-2.297006592E3,-8.064274597E1,-8.480241699E2,2.449875003E3
1.707980617E1,-2.299539062E3,-8.082305908E1,-8.477613525E2,2.452164672E3
1.708985017E1,-2.302073242E3,-8.118669128E1,-8.468382568E2,2.454234611E3
1.709989417E1,-2.304683594E3,-8.169318390E1,-8.460788574E2,2.456438413E3
1.710993817E1,-6.409648438E2,-1.851852783E3,7.289852905E2,2.090840552E3
1.711998317E1,-6.409648438E2,-1.851852783E3,7.289852905E2,2.090840552E3
1.713002717E1,-6.436342163E2,-1.852480103E3,7.294786377E2,2.092387779E3
1.714007117E1,-6.463286133E2,-1.852985352E3,7.294330444E2,2.093649435E3
1.715011517E1,-6.492801514E2,-1.853648560E3,7.295908813E2,2.095204179E3
1.716015917E1,-6.517754517E2,-1.854343384E3,7.306755981E2,2.096971019E3
1.717020317E1,-6.545228271E2,-1.854973633E3,7.305718994E2,2.098347590E3
1.718024717E1,-6.572302856E2,-1.855781494E3,7.310318604E2,2.100067662E3
1.719029117E1,-6.601101685E2,-1.856560913E3,7.311350098E2,2.101695092E3
1.720033517E1,-6.626254272E2,-1.857207397E3,7.308168945E2,2.102946768E3
1.721037917E1,-6.652580566E2,-1.858114014E3,7.312664185E2,2.104734317E3
1.722042317E1,-6.679290771E2,-1.858864136E3,7.306560669E2,2.106030250E3
1.723046717E1,-6.704170532E2,-1.859720337E3,7.306984253E2,2.107590792E3
1.724051146E1,-6.728184204E2,-1.860408691E3,7.307748413E2,2.108989567E3
1.725055546E1,-6.752494507E2,-1.861097290E3,7.302528687E2,2.110192929E3
1.726060046E1,-6.778222656E2,-1.861896240E3,7.299812622E2,2.111628110E3
1.727064446E1,-6.801103516E2,-1.862522827E3,7.293989258E2,2.112714880E3
1.728068846E1,-6.825428467E2,-1.863194580E3,7.289045410E2,2.113920673E3
1.729073246E1,-6.845524292E2,-1.863835571E3,7.291513062E2,2.115220247E3
1.730077646E1,5.979837036E2,-1.110693115E3,1.069106934E3,1.653545688E3
1.731082046E1,5.958981323E2,-1.111272583E3,1.068880737E3,1.653035804E3
1.732086446E1,5.936783447E2,-1.111910400E3,1.067871826E3,1.652013605E3
1.733090846E1,5.917954102E2,-1.112284912E3,1.067193481E3,1.651151556E3
1.734095246E1,5.895128784E2,-1.112879883E3,1.067031982E3,1.650631491E3
1.735099646E1,5.875192871E2,-1.113279541E3,1.066019043E3,1.649535343E3
1.736104046E1,5.854741821E2,-1.113775146E3,1.065442017E3,1.648769779E3
1.737108446E1,5.835182495E2,-1.114245850E3,1.064786377E3,1.647970688E3
1.738112846E1,5.813775024E2,-1.114721191E3,1.063289307E3,1.646568336E3
1.739117246E1,5.792531128E2,-1.115165161E3,1.062843506E3,1.645832259E3
1.740121746E1,5.771799927E2,-1.115702759E3,1.061595947E3,1.644662684E3
1.741126146E1,5.751912842E2,-1.116186768E3,1.060350098E3,1.643490263E3
1.742130546E1,5.731416626E2,-1.116785156E3,1.059667480E3,1.642740278E3
1.743134946E1,5.709638062E2,-1.117218140E3,1.058214111E3,1.641338827E3
1.744139346E1,3.605390625E2,-1.018015564E3,1.245289551E3,1.648359842E3
1.745143746E1,3.580719299E2,-1.018579651E3,1.243892334E3,1.647115099E3
1.746148146E1,3.557865601E2,-1.019357971E3,1.242164185E3,1.645796649E3
1.747152546E1,3.534989624E2,-1.020177673E3,1.241036621E3,1.644960758E3
1.748156946E1,3.514741211E2,-1.020931274E3,1.238551514E3,1.643120378E3
1.749161346E1,3.491300659E2,-1.021867310E3,1.236605103E3,1.641735905E3
1.750165746E1,3.467812195E2,-1.022783936E3,1.234387207E3,1.640139009E3
1.751170146E1,3.444348755E2,-1.023738770E3,1.231732910E3,1.638243698E3
1.752174546E1,3.424243774E2,-1.024832397E3,1.229087646E3,1.636518359E3
1.753178946E1,3.403494873E2,-1.026129150E3,1.225593262E3,1.634275879E3
1.754183346E1,3.387196960E2,-1.027270752E3,1.222332764E3,1.632211266E3
1.755187846E1,3.370475159E2,-1.028721680E3,1.219425415E3,1.630603467E3
1.756192246E1,3.357570496E2,-1.030105469E3,1.215147461E3,1.628015180E3
1.757196646E1,3.342828979E2,-1.031720703E3,1.211591309E3,1.626083074E3
1.758201046E1,3.804363708E2,-1.103717285E3,1.078243408E3,1.589192413E3
1.759205446E1,3.797626343E2,-1.105356812E3,1.074025757E3,1.587313663E3
1.760209846E1,3.797626343E2,-1.105356812E3,1.074025757E3,1.587313663E3
1.761214246E1,3.799232178E2,-1.107005737E3,1.070105469E3,1.585852789E3
1.762218646E1,3.805431519E2,-1.108161743E3,1.065814209E3,1.583917759E3
1.763223046E1,3.817249451E2,-1.109079590E3,1.062041870E3,1.582309832E3
1.764227446E1,3.830078125E2,-1.109866089E3,1.058399902E3,1.580730234E3
1.765231846E1,3.846014404E2,-1.110509888E3,1.054926270E3,1.579246628E3
1.766236246E1,3.863186951E2,-1.111118896E3,1.051898315E3,1.578073953E3
1.767240646E1,3.880694885E2,-1.111487915E3,1.049096436E3,1.576897791E3
1.768245046E1,3.901721497E2,-1.111834473E3,1.046190186E3,1.575729706E3
1.769249446E1,3.923768616E2,-1.112188477E3,1.044342773E3,1.575301443E3
1.770253946E1,3.947788391E2,-1.112206421E3,1.042215576E3,1.574505243E3
1.771258346E1,3.970824890E2,-1.112231201E3,1.040837402E3,1.574190346E3
1.772262746E1,3.995812683E2,-1.111910156E3,1.039844238E3,1.573939461E3
1.773267146E1,3.564611206E2,-8.087203979E2,1.593114502E3,1.821841659E3
1.774271546E1,3.587713928E2,-8.083518066E2,1.593260498E3,1.822259194E3
1.775275946E1,3.608157654E2,-8.076318970E2,1.592969238E3,1.822088991E3
1.776280346E1,3.629298706E2,-8.069475708E2,1.593549805E3,1.822713212E3
1.777284746E1,3.650416565E2,-8.061257324E2,1.594271484E3,1.823402225E3
1.778289146E1,3.666030273E2,-8.053986206E2,1.594733887E3,1.823798478E3
1.779293546E1,3.683471375E2,-8.044317017E2,1.595896851E3,1.824740183E3
1.780297946E1,3.699686279E2,-8.035794678E2,1.596458496E3,1.825183957E3
1.781302346E1,3.713640137E2,-8.026987915E2,1.597402222E3,1.825905375E3
1.782306746E1,3.725833740E2,-8.020676880E2,1.599165649E3,1.827419416E3
1.783311146E1,3.736490173E2,-8.011064453E2,1.600477295E3,1.828363393E3
1.784315546E1,3.748186951E2,-8.003071899E2,1.602518066E3,1.830039564E3
1.785319946E1,3.759440002E2,-7.994468384E2,1.604179565E3,1.831349562E3
1.786324446E1,3.766807251E2,-7.985593872E2,1.605618408E3,1.832374399E3
1.787328846E1,3.774264832E2,-7.977906494E2,1.607890869E3,1.834184756E3
1.788333246E1,3.779651794E2,-7.969062500E2,1.609218262E3,1.835075111E3
1.789337646E1,1.771714172E2,-7.303378906E2,1.658366699E3,1.820704055E3
1.790342046E1,1.773793488E2,-7.296805420E2,1.660142090E3,1.822078178E3
1.791346446E1,1.777032166E2,-7.290632324E2,1.661381348E3,1.822991940E3
1.792350846E1,1.778987732E2,-7.287321777E2,1.663508911E3,1.824817925E3
1.793355246E1,1.782031250E2,-7.283077393E2,1.665053467E3,1.826086407E3
1.794359646E1,1.781373291E2,-7.277152710E2,1.666695557E3,1.827341375E3
1.795364046E1,1.782465973E2,-7.274059448E2,1.668890869E3,1.829231530E3
1.796368446E1,1.784234314E2,-7.269449463E2,1.670272217E3,1.830325969E3
1.797372846E1,1.783439636E2,-7.264012451E2,1.672121582E3,1.831790360E3
1.798377246E1,1.781248627E2,-7.259867554E2,1.673267578E3,1.832650983E3
1.799381646E1,1.779795990E2,-7.254589233E2,1.674651611E3,1.833691742E3
1.800386046E1,1.779357910E2,-7.246441650E2,1.676806641E3,1.835333981E3
1.801390546E1,1.778041840E2,-7.239104004E2,1.677909790E3,1.836039722E3
1.802394946E1,1.776790161E2,-7.231195679E2,1.679689941E3,1.837343202E3
1.803399346E1,1.774384613E2,-7.223508301E2,1.681133301E3,1.838337375E3
1.804403746E1,1.770125427E2,-7.213874512E2,1.682181641E3,1.838876931E3
1.805408146E1,1.768618622E2,-7.206265259E2,1.683617554E3,1.839877924E3
1.806412546E1,1.765560913E2,-7.199608765E2,1.684433838E3,1.840335043E3
1.807416946E1,1.761417389E2,-7.193669434E2,1.685541748E3,1.841077319E3
1.808421346E1,1.758829651E2,-7.189528809E2,1.687434326E3,1.842623854E3
1.809425746E1,1.758829651E2,-7.189528809E2,1.687434326E3,1.842623854E3
1.810430146E1,1.754501953E2,-7.183265381E2,1.687957520E3,1.842817510E3
1.811434546E1,-5.101358795E1,-9.913905640E2,1.435129517E3,1.745008414E3
1.812438946E1,-5.143589783E1,-9.908118896E2,1.435773804E3,1.745222126E3
1.813443346E1,-5.173726654E1,-9.902006226E2,1.436823242E3,1.745747704E3
1.814447746E1,-5.203200531E1,-9.896132202E2,1.438092041E3,1.746467971E3
1.815452146E1,-5.228142929E1,-9.889757690E2,1.439016724E3,1.746875940E3
1.816456546E1,-5.300813293E1,-9.882988892E2,1.440264160E3,1.747542677E3
1.817461046E1,-5.329724121E1,-9.876526489E2,1.441279053E3,1.748022786E3
1.818465446E1,-5.406838989E1,-9.869512329E2,1.441769043E3,1.748054376E3
1.819469846E1,-5.451333618E1,-9.861893311E2,1.443018555E3,1.748669108E3
1.820474246E1,-5.505622101E1,-9.855647583E2,1.443649658E3,1.748854887E3
1.821478646E1,-5.589282990E1,-9.849022217E2,1.444705078E3,1.749379649E3
1.822483046E1,-5.652284241E1,-9.841597900E2,1.445941406E3,1.750003393E3
1.823487446E1,-5.723781586E1,-9.835167847E2,1.446394897E3,1.750039895E3
1.824491792E1,-5.782823563E1,-9.827791748E2,1.447379395E3,1.750458832E3
1.825496192E1,-5.849382401E1,-9.820490723E2,1.447648071E3,1.750293360E3
1.826500592E1,-5.918085098E1,-9.813355713E2,1.448215332E3,1.750385536E3
1.827504992E1,-6.005114746E1,-9.806213989E2,1.449049438E3,1.750705213E3
1.828509392E1,-6.090257263E1,-9.799658813E2,1.449370605E3,1.750633429E3
1.829513792E1,-6.178636551E1,-9.794306641E2,1.450051514E3,1.750928717E3
1.830518192E1,-6.270180893E1,-9.789062500E2,1.450876709E3,1.751351532E3
1.831522592E1,-6.370761108E1,-9.783793335E2,1.451016602E3,1.751209284E3
1.832526992E1,-6.467610931E1,-9.779118042E2,1.451553467E3,1.751428549E3
1.833531492E1,-6.566004944E1,-9.773464355E2,1.451955078E3,1.751482471E3
1.834535892E1,-6.672556305E1,-9.768457031E2,1.451842285E3,1.751149865E3
1.835540292E1,-6.784872437E1,-9.764891968E2,1.452412354E3,1.751466884E3
1.836544692E1,-6.891314697E1,-9.763825684E2,1.452169922E3,1.751247962E3
1.837549092E1,-6.974580383E1,-9.762532349E2,1.452181152E3,1.751218135E3
1.838553492E1,-7.073089600E1,-9.759039307E2,1.452046997E3,1.750951691E3
1.839557892E1,-7.179738617E1,-9.757943726E2,1.451802734E3,1.750731476E3
1.840562292E1,-2.471715851E2,-9.593888550E2,1.218601318E3,1.570512636E3
1.841566692E1,-2.480346069E2,-9.594168701E2,1.218227905E3,1.570376110E3
1.842571092E1,-2.490260010E2,-9.595115967E2,1.217891357E3,1.570329842E3
1.843575492E1,-2.500977020E2,-9.597952881E2,1.217380371E3,1.570277308E3
1.844579892E1,-2.511220398E2,-9.598078003E2,1.216746826E3,1.569957366E3
1.845584292E1,-2.518498993E2,-9.600380249E2,1.216861206E3,1.570303339E3
1.846588692E1,-2.526665649E2,-9.600712891E2,1.216481201E3,1.570160433E3
1.847593092E1,-2.536907654E2,-9.606546631E2,1.216032593E3,1.570334886E3
1.848597492E1,-2.543127441E2,-9.609812012E2,1.216221680E3,1.570781657E3
1.849601892E1,-2.547364655E2,-9.612468262E2,1.215447754E3,1.570413758E3
1.850606392E1,-2.552854004E2,-9.616697388E2,1.215474243E3,1.570782276E3
1.851610792E1,-2.559436951E2,-9.621367188E2,1.214944580E3,1.570765601E3
1.852615192E1,-2.563771973E2,-9.625567627E2,1.214640869E3,1.570858755E3
1.853619592E1,-2.570908813E2,-9.631434937E2,1.214590698E3,1.571296177E3
1.854623992E1,-2.572892456E2,-9.635142212E2,1.214157959E3,1.571221487E3
1.855628392E1,-2.577212830E2,-9.638826294E2,1.213961182E3,1.571366200E3
1.856632792E1,-2.583710327E2,-9.647301025E2,1.213518311E3,1.571650868E3
1.857637192E1,-2.583710327E2,-9.647301025E2,1.213518311E3,1.571650868E3
1.858641592E1,-2.588230591E2,-9.650028687E2,1.212606445E3,1.571188819E3
1.859645992E1,-2.591058350E2,-9.654544678E2,1.212497070E3,1.571428429E3
1.860650392E1,-2.594324341E2,-9.654721069E2,1.211952148E3,1.571072750E3
1.861654792E1,-2.597537231E2,-9.655605469E2,1.211718262E3,1.570999781E3
1.862659192E1,-2.601826172E2,-9.655711060E2,1.212219482E3,1.571463849E3
1.863663592E1,-2.605968018E2,-9.657680054E2,1.211776855E3,1.571312089E3
1.864667992E1,-1.189388351E2,-6.364330444E2,6.480908203E2,9.160868834E2
1.865672392E1,-1.193520660E2,-6.365535889E2,6.474509888E2,9.157718985E2
1.866676892E1,-1.195671768E2,-6.363541260E2,6.475102539E2,9.157032338E2
1.867681292E1,-1.200661392E2,-6.365544434E2,6.476300659E2,9.159924342E2
1.868685692E1,-1.203005981E2,-6.361801758E2,6.472155151E2,9.154700285E2
1.869690092E1,-1.204197922E2,-6.359976807E2,6.475783691E2,9.156154872E2
1.870694492E1,-1.206775436E2,-6.357878418E2,6.473764038E2,9.153608346E2
1.871698892E1,-1.208697815E2,-6.355550537E2,6.467930908E2,9.148120204E2
1.872703292E1,-1.212851334E2,-6.354277344E2,6.468396606E2,9.148114755E2
1.873707692E1,-1.217650909E2,-6.350555420E2,6.462389526E2,9.141920273E2
1.874712092E1,-1.216559753E2,-6.343174438E2,6.466437378E2,9.139512676E2
1.875716492E1,-1.220857697E2,-6.339614868E2,6.465626831E2,9.137042219E2
1.876720892E1,-1.224569778E2,-6.331351929E2,6.463828125E2,9.130534618E2
1.877725292E1,-1.228482361E2,-6.326068115E2,6.466016235E2,9.128946964E2
1.878729692E1,-1.231704254E2,-6.320507812E2,6.461658325E2,9.122441707E2
1.879734092E1,-1.237391891E2,-6.312904663E2,6.459139404E2,9.116160695E2
1.880738492E1,-1.240643311E2,-6.307990723E2,6.459741211E2,9.113627121E2
1.881742892E1,-1.245465775E2,-6.299497681E2,6.456138306E2,9.105854043E2
1.882747292E1,-1.249203186E2,-6.293319702E2,6.461357422E2,9.105796023E2
1.883751692E1,-1.465430298E2,-4.004216309E2,2.825947876E2,5.115390073E2
1.884756192E1,-1.472005005E2,-3.998074036E2,2.822064209E2,5.110326910E2
1.885760592E1,-1.477644958E2,-3.990445557E2,2.829335327E2,5.110012599E2
1.886764992E1,-1.482055817E2,-3.982173462E2,2.829897461E2,5.105145891E2
1.887769392E1,-1.489893646E2,-3.972262573E2,2.834636230E2,5.102334327E2
1.888773792E1,-1.499575958E2,-3.964874878E2,2.838119507E2,5.101360915E2
1.889778192E1,-1.509747925E2,-3.956820068E2,2.841140747E2,5.099788681E2
1.890782592E1,-1.518342896E2,-3.948694458E2,2.847526245E2,5.099603787E2
1.891786992E1,-1.530240631E2,-3.935295410E2,2.850139771E2,5.094259815E2
1.892791392E1,-1.542002258E2,-3.922864380E2,2.854549561E2,5.090686506E2
1.893795792E1,-1.554044495E2,-3.910646057E2,2.861473999E2,5.088834869E2
1.894800192E1,-1.567127686E2,-3.895129395E2,2.865926514E2,5.083449318E2
1.895804592E1,-1.582180634E2,-3.877748413E2,2.876155396E2,5.080600178E2
1.896808992E1,-1.599602814E2,-3.858856812E2,2.883823853E2,5.076016653E2
1.897813392E1,-1.616882324E2,-3.841496582E2,2.889015503E2,5.071273510E2
1.898817792E1,-1.634643555E2,-3.820565796E2,2.901293335E2,5.068163925E2
1.899822192E1,-1.655669403E2,-3.801091919E2,2.904787598E2,5.062344510E2
1.900826592E1,-1.677296753E2,-3.779909973E2,2.913009033E2,5.058326347E2
1.901831092E1,-1.700866394E2,-3.757851562E2,2.924520264E2,5.056403230E2
1.902835492E1,-1.722230988E2,-3.732303467E2,2.929051514E2,5.047327165E2
1.903839892E1,-1.747902832E2,-3.707047729E2,2.940557861E2,5.044229150E2
1.904844292E1,-1.774035187E2,-3.681808777E2,2.944708252E2,5.037283336E2
1.905848692E1,-1.803629761E2,-3.653822632E2,2.953173828E2,5.032368806E2
1.906853092E1,-1.803629761E2,-3.653822632E2,2.953173828E2,5.032368806E2
1.907857492E1,-1.832929382E2,-3.623065491E2,2.965344849E2,5.027872686E2
1.908861892E1,-1.866302795E2,-3.591507568E2,2.969295044E2,5.019833244E2
1.909866292E1,-1.900731964E2,-3.561009216E2,2.979223633E2,5.016905629E2
1.910870692E1,-1.935304565E2,-3.526209106E2,2.986685181E2,5.009974330E2
1.911875092E1,-1.974591522E2,-3.491970825E2,2.988320923E2,5.002292860E2
1.912879492E1,-2.012635498E2,-3.457552490E2,2.996193848E2,4.998254540E2
1.913883892E1,-2.053213959E2,-3.424102173E2,3.002183228E2,4.995324552E2
1.914888292E1,-2.095698700E2,-3.389609375E2,3.008507080E2,4.993247401E2
1.915892692E1,-2.140196686E2,-3.354578247E2,3.018943481E2,4.994762939E2
1.916897092E1,-2.183064880E2,-3.318576660E2,3.020057983E2,4.989937228E2
1.917901492E1,-2.226881714E2,-3.284995422E2,3.023701172E2,4.989285106E2
1.918905892E1,-2.271455231E2,-3.253425903E2,3.019245605E2,4.985993682E2
1.919910292E1,-2.312746887E2,-3.220180054E2,3.020860596E2,4.984371222E2
1.920914792E1,-2.354354248E2,-3.190730591E2,3.021967773E2,4.985582699E2
1.921919192E1,-2.398218384E2,-3.164586792E2,3.012387085E2,4.984028183E2
1.922923592E1,-2.439708252E2,-3.137667542E2,3.011182251E2,4.986416800E2
1.923927992E1,-2.481741028E2,-3.114047241E2,3.008245850E2,4.990578307E2
1.924932354E1,-9.306624146E2,-8.129907837E2,1.495874634E3,1.940290562E3
1.925936754E1,-9.348717041E2,-8.110979614E2,1.495847656E3,1.941500764E3
1.926941154E1,-9.391417236E2,-8.093974609E2,1.495687622E3,1.942728208E3
1.927945554E1,-9.432602539E2,-8.081858521E2,1.496215210E3,1.944624445E3
1.928949954E1,-9.472455444E2,-8.073173828E2,1.496764282E3,1.946622407E3
1.929954354E1,-9.514766846E2,-8.064774170E2,1.496674072E3,1.948267688E3
1.930958754E1,-9.557003174E2,-8.061190186E2,1.497055664E3,1.950478564E3
1.931963154E1,-9.603450928E2,-8.057623291E2,1.497348633E3,1.952836029E3
1.932967554E1,-9.646761475E2,-8.059406128E2,1.497573853E3,1.955215534E3
1.933971954E1,-9.691110840E2,-8.063530273E2,1.498574463E3,1.958342901E3
1.934976354E1,-9.733601685E2,-8.072178345E2,1.499138184E3,1.961235820E3
1.935980754E1,-9.775635986E2,-8.083532104E2,1.500726318E3,1.965005085E3
1.936985154E1,-9.816071777E2,-8.099530029E2,1.502402832E3,1.968956777E3
1.937989554E1,-9.856400146E2,-8.118908081E2,1.504062500E3,1.973032419E3
1.938993954E1,-9.897290039E2,-8.142824097E2,1.506756348E3,1.978113757E3
1.939998454E1,-9.939230347E2,-8.168350830E2,1.508740112E3,1.982775650E3
1.941002854E1,-9.981554565E2,-8.197776489E2,1.511442505E3,1.988167034E3
1.942007254E1,-1.002271301E3,-8.233744507E2,1.513537598E3,1.993311142E3
1.943011654E1,-1.006336548E3,-8.272318726E2,1.515144653E3,1.998171449E3
1.944016054E1,-1.010205688E3,-8.314013062E2,1.517405640E3,2.003562712E3
1.945020454E1,-1.014138000E3,-8.361002808E2,1.519121338E3,2.008797950E3
1.946024854E1,-1.017381348E3,-8.412703857E2,1.521091553E3,2.014080480E3
1.947029254E1,-1.020595032E3,-8.467152100E2,1.523645264E3,2.019909838E3
1.948033654E1,-1.022960815E3,-8.523552246E2,1.525589722E3,2.024940063E3
1.949038054E1,-1.024984375E3,-8.586780396E2,1.527360596E3,2.029963382E3
1.950042454E1,-1.025666626E3,-8.644812012E2,1.529681519E3,2.034513535E3
1.951046854E1,-1.025471191E3,-8.704635010E2,1.531591553E3,2.038399018E3
1.952051254E1,-1.024278198E3,-8.766626587E2,1.534788818E3,2.042855835E3
1.953055654E1,-1.022278259E3,-8.829655762E2,1.537408447E3,2.046535067E3
1.954060054E1,-1.019841614E3,-8.898046875E2,1.540780762E3,2.050813169E3
1.955064454E1,-1.016318359E3,-8.961583252E2,1.543782471E3,2.054085458E3
1.956068854E1,-1.016318359E3,-8.961583252E2,1.543782471E3,2.054085458E3
1.957073254E1,-1.011731628E3,-9.025416260E2,1.545984863E3,2.056271254E3
1.958077654E1,-1.006680542E3,-9.088334351E2,1.548431396E3,2.058403196E3
1.959082154E1,-1.000517029E3,-9.143057251E2,1.550183105E3,2.059139855E3
1.960086554E1,-9.935195923E2,-9.192122192E2,1.551543091E3,2.058960477E3
1.961090954E1,-1.552761108E3,8.666922607E2,1.296232666E3,2.200554853E3
1.962095354E1,-1.544908203E3,8.623948975E2,1.296567261E3,2.193525240E3
1.963099754E1,-1.537050049E3,8.584780273E2,1.297260742E3,2.186868265E3
1.964104154E1,-1.529322388E3,8.544201660E2,1.297284546E3,2.179864211E3
1.965108554E1,-1.520837036E3,8.522266235E2,1.297538208E3,2.173209817E3
1.966112954E1,-1.512154297E3,8.498291016E2,1.298239502E3,2.166620854E3
1.967117354E1,-1.503950439E3,8.478507080E2,1.297948730E3,2.159951077E3
1.968121754E1,-1.496023071E3,8.462332153E2,1.297843994E3,2.153739705E3
1.969126154E1,-1.488768188E3,8.445808716E2,1.297711914E3,2.147976671E3
1.970130554E1,-1.481279175E3,8.436201782E2,1.296313232E3,2.141567416E3
1.971134954E1,-1.474195923E3,8.431907959E2,1.295114502E3,2.135777589E3
1.972139354E1,-1.467760498E3,8.426960449E2,1.293056030E3,2.129894693E3
1.973143754E1,-1.461463379E3,8.424183960E2,1.290675293E3,2.124002513E3
1.974148154E1,-1.455579956E3,8.423372192E2,1.288713013E3,2.118732222E3
1.975152554E1,-1.450018921E3,8.423778687E2,1.285748779E3,2.113126893E3
1.976156954E1,-1.444970581E3,8.421489258E2,1.284126221E3,2.108586006E3
1.977161354E1,-1.440087646E3,8.422123413E2,1.281952881E3,2.103943261E3
1.978165754E1,-1.435648804E3,8.420891724E2,1.279684326E3,2.099474610E3
1.979170254E1,-1.430911499E3,8.421889038E2,1.278285400E3,2.095424404E3
1.980174654E1,-1.426595581E3,8.423294067E2,1.276407471E3,2.091389445E3
1.981179054E1,-1.422856201E3,8.424336548E2,1.274997803E3,2.088021463E3
1.982183454E1,-1.419130005E3,8.427488403E2,1.273927490E3,2.084957273E3
1.983187854E1,-1.415749634E3,8.426387939E2,1.271750977E3,2.081282708E3
1.984192254E1,-1.412796509E3,8.426840210E2,1.270255127E3,2.078378797E3
1.985196654E1,-1.409799683E3,8.430087280E2,1.268306396E3,2.075283107E3
1.986201054E1,-1.406952271E3,8.439590454E2,1.265989990E3,2.072320491E3
1.987205454E1,-1.404365112E3,8.442957153E2,1.264748779E3,2.069943501E3
1.988209854E1,-1.401929932E3,8.448825073E2,1.262792725E3,2.067336318E3
1.989214254E1,-1.399673340E3,8.452263184E2,1.261717285E3,2.065290172E3
1.990218654E1,2.349443970E2,-2.715810547E2,1.831107422E3,1.865987548E3
1.991223054E1,2.372731018E2,-2.712397461E2,1.829717285E3,1.864868593E3
1.992227454E1,2.389031830E2,-2.722216187E2,1.828598389E3,1.864122155E3
1.993231854E1,2.408826294E2,-2.710700378E2,1.826953369E3,1.862595506E3
1.994236254E1,2.426675415E2,-2.705999451E2,1.825960693E3,1.861785251E3
1.995240654E1,2.441683655E2,-2.709935303E2,1.825307129E3,1.861397808E3
1.996245054E1,2.458934784E2,-2.701677856E2,1.823537842E3,1.859770011E3
1.997249454E1,2.472908936E2,-2.695689697E2,1.822811523E3,1.859156278E3
1.998253854E1,2.485462799E2,-2.701528015E2,1.821866577E3,1.858482073E3
1.999258254E1,2.497577209E2,-2.696360779E2,1.820908203E3,1.857630000E3
2.000262754E1,2.510244904E2,-2.684255066E2,1.819952881E3,1.856688998E3
2.001267154E1,2.520202942E2,-2.686091309E2,1.818687744E3,1.855610467E3
2.002271554E1,2.531089478E2,-2.674928284E2,1.817563477E3,1.854495496E3
2.003275954E1,2.541508789E2,-2.677295532E2,1.815933838E3,1.853075143E3
2.004280354E1,2.551204071E2,-2.675355835E2,1.814549194E3,1.851823558E3
2.005284754E1,2.551204071E2,-2.675355835E2,1.814549194E3,1.851823558E3
2.006289154E1,2.558340302E2,-2.663984375E2,1.813630371E3,1.850857720E3
2.007293554E1,2.567599792E2,-2.659407654E2,1.812566650E3,1.849877845E3
2.008297954E1,2.575785522E2,-2.655356140E2,1.812132812E3,1.849508368E3
2.009302354E1,2.584163818E2,-2.653209534E2,1.811109863E3,1.848592213E3
2.010306754E1,2.589309692E2,-2.650588379E2,1.810110352E3,1.847647401E3
2.011311154E1,2.597217407E2,-2.649606323E2,1.809799072E3,1.847439363E3
2.012315554E1,2.603098755E2,-2.647114258E2,1.808984619E3,1.846688583E3
2.013319954E1,2.609501343E2,-2.644434204E2,1.808102905E3,1.845876868E3
2.014324354E1,2.612771606E2,-2.641205139E2,1.807668457E3,1.845451341E3
2.015328754E1,1.052755051E2,-4.205135193E2,8.293385620E2,9.357975221E2
2.016333154E1,1.055472488E2,-4.201658325E2,8.288429565E2,9.352326957E2
2.017337554E1,1.058710632E2,-4.198412170E2,8.282625122E2,9.346090727E2
2.018341954E1,1.061106720E2,-4.194615479E2,8.273388672E2,9.336471850E2
2.019346354E1,1.061084518E2,-4.191051331E2,8.267326660E2,9.329496327E2
2.020350754E1,1.061498413E2,-4.186812439E2,8.260371704E2,9.321476169E2
2.021355154E1,1.062344360E2,-4.183581848E2,8.256105347E2,9.316340919E2
2.022359654E1,1.062581635E2,-4.179560852E2,8.254489746E2,9.313131032E2
2.023364054E1,1.062538452E2,-4.174459534E2,8.244968262E2,9.302397648E2
2.024368504E1,1.065227737E2,-4.171075745E2,8.244790649E2,9.301029828E2
2.025372904E1,1.064606323E2,-4.164089355E2,8.238333130E2,9.292101998E2
2.026377304E1,1.064270630E2,-4.163450317E2,8.234947510E2,9.288775539E2
2.027381704E1,1.066655960E2,-4.153933716E2,8.238095093E2,9.287579395E2
2.028386104E1,1.068222504E2,-4.148101501E2,8.238889771E2,9.285857528E2
2.029390504E1,1.069492111E2,-4.145641174E2,8.239777832E2,9.285692911E2
2.030394904E1,1.073559189E2,-4.138023987E2,8.239382324E2,9.282413099E2
2.031399304E1,1.076681290E2,-4.132334290E2,8.238146362E2,9.279142459E2
2.032403704E1,1.080970078E2,-4.127863770E2,8.241347656E2,9.280493888E2
2.033408104E1,1.086176453E2,-4.122688904E2,8.242681885E2,9.279986408E2
2.034412504E1,1.089931717E2,-4.117509766E2,8.250967407E2,9.285488731E2
2.035416904E1,1.091990051E2,-4.116657104E2,8.256361084E2,9.290145657E2
2.036421304E1,1.097627335E2,-4.113125916E2,8.256234741E2,9.289133580E2
2.037425704E1,3.042933044E2,-3.395650635E2,7.492822876E2,8.771104799E2
2.038430104E1,3.048548889E2,-3.397124939E2,7.491500854E2,8.772496408E2
2.039434504E1,3.053350830E2,-3.394858398E2,7.493054199E2,8.774615437E2
2.040438904E1,3.059899597E2,-3.393759155E2,7.498355713E2,8.780997958E2
2.041443304E1,3.064954529E2,-3.395339355E2,7.496831055E2,8.782069885E2
2.042447704E1,3.068811951E2,-3.395227356E2,7.501605225E2,8.787448807E2
2.043452104E1,3.073718567E2,-3.396831055E2,7.501363525E2,8.789576883E2
2.044456604E1,3.081158447E2,-3.400484924E2,7.498358765E2,8.791030614E2
2.045461004E1,3.087597656E2,-3.403736267E2,7.503356934E2,8.798809302E2
2.046465404E1,3.091163025E2,-3.405448914E2,7.500115356E2,8.797960077E2
2.047469804E1,3.097176819E2,-3.409226379E2,7.503627319E2,8.804530181E2
2.048474204E1,3.102426147E2,-3.411687927E2,7.505067749E2,8.808558590E2
2.049478604E1,3.108374634E2,-3.414496155E2,7.502044678E2,8.809168587E2
2.050483004E1,3.111951904E2,-3.420182495E2,7.501668091E2,8.812316216E2
2.051487404E1,1.108238678E2,-3.033466492E2,6.454960938E2,7.217799708E2
2.052491804E1,1.110889893E2,-3.035738525E2,6.452351074E2,7.216828883E2
2.053496204E1,1.110889893E2,-3.035738525E2,6.452351074E2,7.216828883E2
2.054500604E1,1.114195862E2,-3.040724487E2,6.454516602E2,7.221372611E2
2.055505004E1,1.116039352E2,-3.044783325E2,6.448341064E2,7.217849529E2
2.056509404E1,1.119065323E2,-3.047951050E2,6.451179810E2,7.222190370E2
2.057513804E1,1.121975250E2,-3.050485229E2,6.443310547E2,7.216684793E2
2.058518204E1,1.126596222E2,-3.056164856E2,6.439102783E2,7.216052060E2
2.059522604E1,1.126949997E2,-3.058071594E2,6.439451904E2,7.217226545E2
2.060527004E1,1.129178314E2,-3.060955200E2,6.433378296E2,7.213379700E2
2.061531404E1,1.131262817E2,-3.066923828E2,6.432601318E2,7.215548285E2
2.062535804E1,1.130617371E2,-3.071483154E2,6.432851562E2,7.217609274E2
2.063540204E1,1.133056107E2,-3.075850525E2,6.426621704E2,7.214301014E2
2.064544604E1,1.134675522E2,-3.080569458E2,6.428317871E2,7.218079203E2
2.065549004E1,1.134660187E2,-3.084140625E2,6.422999878E2,7.214866913E2
2.066553404E1,2.419461489E0,-1.965376282E2,8.451568604E1,2.139527851E2
2.067557804E1,2.643863440E0,-1.970148315E2,8.459222412E1,2.144240617E2
2.068562304E1,2.800974846E0,-1.972825470E2,8.361859131E1,2.142902649E2
2.069566704E1,3.149995327E0,-1.976566467E2,8.311138916E1,2.144424759E2
2.070571104E1,3.417217731E0,-1.978167114E2,8.219757080E1,2.142418478E2
2.071575504E1,3.691298962E0,-1.978181305E2,8.154394531E1,2.139977884E2
2.072579904E1,3.952922821E0,-1.977485199E2,8.128424072E1,2.138392633E2
2.073584304E1,4.376400471E0,-1.975794067E2,8.077655029E1,2.134985385E2
2.074588704E1,4.762741566E0,-1.975540009E2,8.033911133E1,2.133181656E2
2.075593104E1,4.919112682E0,-1.975390625E2,7.962542725E1,2.130401078E2
2.076597504E1,5.198540688E0,-1.974765625E2,7.902447510E1,2.127648590E2
2.077601904E1,5.428152561E0,-1.975450439E2,7.837329102E1,2.125932312E2
2.078606304E1,-6.169726181E1,-1.660267029E2,1.991052246E1,1.782353699E2
2.079610704E1,-6.172314453E1,-1.660449829E2,1.952886963E1,1.782191338E2
2.080615104E1,-6.142050934E1,-1.662186279E2,1.916870117E1,1.782373427E2
2.081619504E1,-6.146252060E1,-1.661956940E2,1.828601074E1,1.781376668E2
2.082623904E1,-6.125584030E1,-1.661295471E2,1.798846436E1,1.779744062E2
2.083628304E1,-6.131127548E1,-1.658264160E2,1.673956299E1,1.775885292E2
2.084632704E1,-6.112257385E1,-1.656195068E2,1.601409912E1,1.772631982E2
2.085637104E1,-6.087904739E1,-1.652980652E2,1.577600098E1,1.768575443E2
2.086641504E1,-6.075569534E1,-1.649323883E2,1.489880371E1,1.763970566E2
2.087645904E1,-6.049947357E1,-1.643282776E2,1.462707520E1,1.757211440E2
2.088650304E1,-6.049093246E1,-1.637859650E2,1.431384277E1,1.751852771E2
2.089654704E1,-6.018783188E1,-1.635545959E2,1.317175293E1,1.747746436E2
2.090659104E1,-6.011343002E1,-1.631184082E2,1.278753662E1,1.743122504E2
2.091663504E1,-5.996687317E1,-1.627613068E2,1.195581055E1,1.738683705E2
2.092668004E1,-6.000701141E1,-1.625233765E2,1.153350830E1,1.736309625E2
2.093672404E1,-5.991117477E1,-1.619436035E2,1.145910645E1,1.730502548E2
2.094676804E1,-5.958871841E1,-1.614293823E2,1.042779541E1,1.723919945E2
2.095681204E1,-5.950682449E1,-1.608885345E2,1.026477051E1,1.718474563E2
2.096685604E1,-5.946207809E1,-1.601914978E2,9.721008301E0,1.711477511E2
2.097690004E1,-5.936229706E1,-1.594502106E2,9.450927734E0,1.704041431E2
2.098694404E1,-1.283902283E2,-1.388733673E2,3.846099854E1,1.930002883E2
2.099698804E1,-1.282345123E2,-1.378460388E2,3.799212646E1,1.920651510E2
2.100703204E1,-1.281256104E2,-1.371800842E2,3.827020264E1,1.915702376E2
2.101707604E1,-1.278336182E2,-1.364824982E2,3.847027588E1,1.909158672E2
2.102712004E1,-1.278336182E2,-1.364824982E2,3.847027588E1,1.909158672E2
2.103716404E1,-1.276342926E2,-1.355333099E2,3.779956055E1,1.899699911E2
2.104720804E1,-1.276236420E2,-1.347567444E2,3.802038574E1,1.894537513E2
2.105725204E1,-1.274953232E2,-1.339490662E2,3.723571777E1,1.886369753E2
2.106729604E1,-1.273773727E2,-1.331286621E2,3.738177490E1,1.880043427E2
2.107734004E1,-1.272779541E2,-1.322773285E2,3.803863525E1,1.874670825E2
2.108738404E1,-1.270926666E2,-1.313980408E2,3.771667480E1,1.866562043E2
2.109742804E1,-1.270664673E2,-1.304219666E2,3.834252930E1,1.860804289E2
2.110747204E1,-1.266541901E2,-1.294109497E2,3.826470947E1,1.850747572E2
2.111751604E1,-1.263651581E2,-1.284296417E2,3.854217529E1,1.842493564E2
2.112756004E1,-1.261585159E2,-1.275196304E2,3.941180420E1,1.836586987E2
2.113760404E1,-1.259296494E2,-1.264639740E2,3.973205566E1,1.828388623E2
2.114764804E1,-1.254264603E2,-1.256563568E2,4.049285889E1,1.821015886E2
2.115769204E1,-1.363811188E2,-1.262925720E2,5.079132080E1,1.926898585E2
2.116773604E1,-1.360896759E2,-1.255112000E2,5.087481689E1,1.919940317E2
2.117778004E1,-1.357600861E2,-1.248917236E2,5.175177002E1,1.915906817E2
2.118782504E1,-1.356278534E2,-1.242940292E2,5.191369629E1,1.911516471E2
2.119786904E1,-1.356988068E2,-1.238113556E2,5.256268311E1,1.910660974E2
2.120791304E1,-1.356154785E2,-1.233261871E2,5.375262451E1,1.910242160E2
2.121795704E1,-1.352505951E2,-1.229944458E2,5.424066162E1,1.906892932E2
2.122800104E1,-1.351337891E2,-1.226489563E2,5.516412354E1,1.906488604E2
2.123804504E1,-1.348894958E2,-1.223574371E2,5.582977295E1,1.904822355E2
2.124808854E1,-1.349000397E2,-1.221174316E2,5.621166992E1,1.904479972E2
2.125813254E1,-1.346660767E2,-1.219917145E2,5.728820801E1,1.905226217E2
2.126817654E1,-1.346174622E2,-1.217119370E2,5.736083984E1,1.903310870E2
2.127822054E1,-1.346620026E2,-1.215270462E2,5.851062012E1,1.905942564E2
2.128826454E1,-1.343758240E2,-1.215084381E2,5.921130371E1,1.905968024E2
2.129830854E1,-1.073780670E2,-1.631908569E2,5.579077148E1,2.031598269E2
2.130835254E1,-1.073589783E2,-1.631300201E2,5.667816162E1,2.033464229E2
2.131839654E1,-1.072108459E2,-1.630903931E2,5.680859375E1,2.032728662E2
2.132844054E1,-1.070938950E2,-1.629084930E2,5.736767578E1,2.032223651E2
2.133848454E1,-1.067218704E2,-1.629011841E2,5.856793213E1,2.033631139E2
2.134852854E1,-1.064739761E2,-1.628867798E2,5.855029297E1,2.032165038E2
2.135857254E1,-1.064395218E2,-1.629004364E2,5.928015137E1,2.034208945E2
2.136861654E1,-1.064908981E2,-1.628620911E2,5.952539062E1,2.034886833E2
2.137866054E1,-1.061908340E2,-1.629155273E2,5.994024658E1,2.034964261E2
2.138870454E1,-1.062639847E2,-1.629683838E2,6.035424805E1,2.036991993E2
2.139874854E1,-1.062070618E2,-1.630078430E2,6.070666504E1,2.038057802E2
2.140879254E1,-1.062071838E2,-1.631725006E2,6.114843750E1,2.040695035E2
2.141883654E1,-1.060661011E2,-1.633250122E2,6.167987061E1,2.042779573E2
2.142888054E1,-1.058391342E2,-1.633467712E2,6.179998779E1,2.042139283E2
2.143892454E1,-8.165451050E1,-1.734306946E2,3.825695801E1,1.954718899E2
2.144896854E1,-8.157081604E1,-1.734565125E2,3.826531982E1,1.954614909E2
2.145901254E1,-8.122296906E1,-1.737113953E2,3.834918213E1,1.955594010E2
2.146905754E1,-8.112641907E1,-1.739034576E2,3.933514404E1,1.958855840E2
2.147910154E1,-8.103117371E1,-1.740495300E2,3.923767090E1,1.959563340E2
2.148914554E1,-8.062765503E1,-1.740756836E2,3.940826416E1,1.958473223E2
2.149918954E1,-8.053405762E1,-1.741482849E2,3.928070068E1,1.958477292E2
2.150923354E1,-8.035952759E1,-1.742418518E2,3.923895264E1,1.958508923E2
2.151927754E1,-8.035952759E1,-1.742418518E2,3.923895264E1,1.958508923E2
2.152932154E1,-8.030166626E1,-1.744211426E2,4.003900146E1,1.961484494E2
2.153936554E1,-6.591442871E1,-1.732090759E2,2.444732666E1,1.869325217E2
2.154940954E1,-6.575273132E1,-1.733160858E2,2.490490723E1,1.870351349E2
2.155945354E1,-6.570669556E1,-1.734054413E2,2.533947754E1,1.871601080E2
2.156949754E1,-6.569655609E1,-1.734233398E2,2.503741455E1,1.871324782E2
2.157954154E1,-6.581355286E1,-1.736401825E2,2.555139160E1,1.874438858E2
2.158958554E1,-6.583407593E1,-1.737780762E2,2.544964600E1,1.875650015E2
2.159962954E1,-6.585134888E1,-1.739231567E2,2.559039307E1,1.877246196E2
2.160967354E1,-6.587975311E1,-1.740966797E2,2.620202637E1,1.879796317E2
2.161971754E1,-6.601631927E1,-1.741864166E2,2.593115234E1,1.880730890E2
2.162976154E1,-6.592239380E1,-1.744172058E2,2.631591797E1,1.883073318E2
2.163980554E1,-6.593081665E1,-1.746628265E2,2.636071777E1,1.885440612E2
2.164984954E1,-6.582083893E1,-1.748894043E2,2.644805908E1,1.887278104E2
2.165989354E1,-6.585118866E1,-1.750531616E2,2.716833496E1,1.889923461E2
2.166993754E1,-6.570196533E1,-1.752532501E2,2.692639160E1,1.890911962E2
2.167998154E1,-6.570297241E1,-1.755547028E2,2.733178711E1,1.894290390E2
2.169002554E1,-5.724930954E1,-1.477078400E2,1.716192627E1,1.593412098E2
2.170006954E1,-5.704624939E1,-1.478169861E2,1.673089600E1,1.593237547E2
2.171011354E1,-5.700895691E1,-1.480570374E2,1.712799072E1,1.595752974E2
2.172015754E1,-5.656773758E1,-1.481705322E2,1.666894531E1,1.594749801E2
2.173020154E1,-5.619232941E1,-1.483941345E2,1.675976562E1,1.595596653E2
2.174024554E1,-5.591743088E1,-1.485080109E2,1.732678223E1,1.596295892E2
2.175028954E1,-5.551031494E1,-1.485715637E2,1.725122070E1,1.595384256E2
2.176033454E1,-5.525966644E1,-1.487869110E2,1.743743896E1,1.596722891E2
2.177037854E1,-5.215264893E1,-1.438943939E2,1.986938477E1,1.543382255E2
2.178042254E1,-5.206423187E1,-1.441553955E2,1.976599121E1,1.545385282E2
2.179046654E1,-5.197638702E1,-1.443884888E2,2.026422119E1,1.547908885E2
2.180051054E1,-5.210438156E1,-1.445310516E2,2.030847168E1,1.549726604E2
2.181055454E1,-5.200825882E1,-1.447163086E2,2.047851562E1,1.551355490E2
2.182059854E1,-5.206029510E1,-1.449025574E2,2.090875244E1,1.553840448E2
2.183064254E1,-5.194374847E1,-1.450006409E2,2.070574951E1,1.554093527E2
2.184068654E1,-5.181107330E1,-1.451383667E2,2.081213379E1,1.555078060E2
2.185073054E1,-5.191682053E1,-1.453426971E2,2.098205566E1,1.557565489E2
2.186077454E1,-5.163345337E1,-1.455948639E2,2.069049072E1,1.558588281E2
2.187081854E1,-5.139645767E1,-1.458750153E2,2.148803711E1,1.561500934E2
2.188086254E1,-5.136690521E1,-1.461268921E2,2.085314941E1,1.562897354E2
2.189090654E1,-5.132130432E1,-1.462554169E2,2.140557861E1,1.564695563E2
2.190095054E1,-5.110666275E1,-1.464278259E2,2.112707520E1,1.565226900E2
2.191099454E1,-5.306975555E1,-1.347837830E2,1.606927490E1,1.457439148E2
2.192103854E1,-5.309263611E1,-1.350138550E2,1.651104736E1,1.460143271E2
2.193108254E1,-5.291648865E1,-1.351201782E2,1.623822021E1,1.460181397E2
2.194112654E1,-5.285576630E1,-1.353929138E2,1.652142334E1,1.462803151E2
2.195117054E1,-5.284271240E1,-1.357634125E2,1.662628174E1,1.466304527E2
2.196121454E1,-5.267480469E1,-1.359454956E2,1.685540771E1,1.467648377E2
2.197125854E1,-5.292987442E1,-1.363220520E2,1.753991699E1,1.472851729E2
2.198130254E1,-5.286285400E1,-1.364971161E2,1.738714600E1,1.474050775E2
2.199134654E1,-4.927871323E1,-1.213836212E2,1.208801270E1,1.315617540E2
2.200139054E1,-4.927871323E1,-1.213836212E2,1.208801270E1,1.315617540E2
2.201143454E1,-4.925582504E1,-1.218090515E2,1.276873779E1,1.320099314E2
2.202147854E1,-4.928981781E1,-1.220392761E2,1.243395996E1,1.322031558E2
2.203152254E1,-4.943200684E1,-1.223315582E2,1.274334717E1,1.325553708E2
2.204156654E1,-4.926947784E1,-1.226716690E2,1.274786377E1,1.328093666E2
2.205161054E1,-4.914540100E1,-1.228978729E2,1.260162354E1,1.329584842E2
2.206165554E1,-4.907573700E1,-1.231789856E2,1.280584717E1,1.332121623E2
2.207169954E1,-4.289071655E1,-1.080016174E2,4.651733398E0,1.162996198E2
2.208174354E1,-4.273752975E1,-1.080710907E2,5.200500488E0,1.163310032E2
2.209178754E1,-4.255528641E1,-1.082925415E2,5.287719727E0,1.164739753E2
2.210183154E1,-4.241652679E1,-1.082928619E2,4.709594727E0,1.163988229E2
2.211187554E1,-4.232725906E1,-1.083779602E2,4.939514160E0,1.164550468E2
2.212191954E1,-4.234072113E1,-1.083557281E2,4.540466309E0,1.164230060E2
2.213196354E1,-4.221028900E1,-1.083451538E2,4.856079102E0,1.163785305E2
2.214200754E1,-4.200752640E1,-1.082981491E2,4.946838379E0,1.162651822E2
2.215205154E1,-4.189125443E1,-1.083166199E2,4.498901367E0,1.162222330E2
2.216209554E1,-4.176222229E1,-1.082698135E2,4.811096191E0,1.161446614E2
2.217213954E1,-4.172827911E1,-1.081724701E2,4.287170410E0,1.160211722E2
2.218218354E1,-4.171468353E1,-1.083151093E2,4.358032227E0,1.161519271E2
2.219222754E1,-4.163684464E1,-1.084152069E2,4.757568359E0,1.162330348E2
2.220227154E1,-4.157683563E1,-1.084221344E2,4.539062500E0,1.162092749E2
2.221231554E1,-4.136467743E1,-1.086060638E2,4.761535645E0,1.163141688E2
2.222235954E1,-4.132680130E1,-1.089076385E2,5.193969727E0,1.166008386E2
2.223240354E1,-4.116407013E1,-1.089555969E2,4.824035645E0,1.165721840E2
2.224244754E1,-4.115567017E1,-1.091700592E2,5.383483887E0,1.167941476E2
2.225249179E1,-4.114426041E1,-1.092314301E2,4.899475098E0,1.168261971E2
2.226253579E1,-4.108979416E1,-1.092418823E2,5.106994629E0,1.168256882E2
2.227257979E1,-4.087462997E1,-1.094126129E2,5.442199707E0,1.169250734E2
2.228262379E1,-4.084182739E1,-1.095839920E2,5.116394043E0,1.170593168E2
2.229266779E1,-4.063937759E1,-1.097597046E2,5.546936035E0,1.171730356E2
2.230271179E1,-4.092425156E1,-1.111882629E2,1.492736816E0,1.184898833E2
2.231275579E1,-4.069528961E1,-1.113362732E2,1.414978027E0,1.185490383E2
2.232279979E1,-4.046518707E1,-1.116263275E2,1.743774414E0,1.187472488E2
2.233284379E1,-4.026382446E1,-1.116822510E2,1.583679199E0,1.187291404E2
2.234288779E1,-4.025754547E1,-1.117247314E2,1.766967773E0,1.187695574E2
2.235293179E1,-4.022869110E1,-1.118736801E2,1.801513672E0,1.189004346E2
2.236297579E1,-4.016449738E1,-1.119707184E2,1.481445312E0,1.189656392E2
2.237302079E1,-4.011750793E1,-1.121020203E2,1.608581543E0,1.190750390E2
2.238306479E1,-3.995463181E1,-1.096367798E2,-3.719543457E0,1.167494372E2
2.239310879E1,-3.999001694E1,-1.096903000E2,-3.370910645E0,1.168012260E2
2.240315279E1,-4.019350815E1,-1.097863770E2,-3.213256836E0,1.169567941E2
2.241319679E1,-4.014243698E1,-1.098302155E2,-3.676330566E0,1.169940463E2
2.242324079E1,-4.007238388E1,-1.100178375E2,-3.156860352E0,1.171310646E2
2.243328479E1,-4.008473587E1,-1.100370636E2,-3.077026367E0,1.171512249E2
2.244332879E1,-4.020281219E1,-1.101460724E2,-2.973571777E0,1.172913701E2
2.245337279E1,-4.030210114E1,-1.102511292E2,-2.533691406E0,1.174137574E2
2.246341679E1,-4.017691422E1,-1.103231506E2,-2.991760254E0,1.174492768E2
2.247346079E1,-4.035723495E1,-1.102930603E2,-2.890563965E0,1.174803002E2
2.248350479E1,-4.040700531E1,-1.103331604E2,-2.873352051E0,1.175346269E2
2.249354879E1,-4.040700531E1,-1.103331604E2,-2.873352051E0,1.175346269E2
2.250359279E1,-4.030762482E1,-1.102880783E2,-3.298522949E0,1.174693368E2
2.251363679E1,-4.032908249E1,-1.103011627E2,-2.978881836E0,1.174804457E2
2.252368079E1,-4.022663879E1,-1.102318802E2,-3.371398926E0,1.173908694E2
2.253372479E1,-4.022100830E1,-1.103581619E2,-3.197326660E0,1.175026651E2
2.254376879E1,-4.032600403E1,-1.103890839E2,-2.988281250E0,1.175621804E2
2.255381279E1,-4.025849152E1,-1.102901154E2,-3.450866699E0,1.174587765E2
2.256385679E1,-4.043070221E1,-1.101676407E2,-3.424682617E0,1.174022112E2
2.257390079E1,-4.023662567E1,-1.100039520E2,-3.684387207E0,1.171897189E2
2.258394479E1,-4.021139526E1,-1.100606995E2,-3.575866699E0,1.172309716E2
2.259398879E1,-4.012603760E1,-1.100105133E2,-3.221496582E0,1.171443126E2
2.260403279E1,-4.018602371E1,-1.100527344E2,-3.557861328E0,1.172142450E2
2.261407679E1,-4.006634140E1,-1.101348114E2,-3.225036621E0,1.172407321E2
2.262412079E1,-4.023026276E1,-1.101891632E2,-3.464904785E0,1.173547242E2
2.263416479E1,-4.009517670E1,-1.101576385E2,-3.987060547E0,1.172954610E2
2.264420879E1,-3.986731339E1,-1.101868515E2,-3.792236328E0,1.172387563E2
2.265425279E1,-3.973152924E1,-1.101634827E2,-3.990051270E0,1.171772497E2
2.266429679E1,-3.992949677E1,-1.101164780E2,-3.896667480E0,1.171972160E2
2.267434079E1,-3.975523376E1,-1.100778198E2,-3.703613281E0,1.170953534E2
2.268438479E1,-3.970285034E1,-1.099419403E2,-4.041687012E0,1.169610268E2
2.269442879E1,-3.972108459E1,-1.098797607E2,-4.116333008E0,1.169113792E2
2.270447279E1,-3.973117065E1,-1.100324707E2,-4.621276855E0,1.170771828E2
2.271451779E1,-3.966167450E1,-1.099476547E2,-4.747314453E0,1.169789391E2
2.272456179E1,-3.953382111E1,-1.101792221E2,-4.245117188E0,1.171341326E2
2.273460579E1,-3.951437759E1,-1.101876373E2,-4.548950195E0,1.171468924E2
2.274464979E1,-3.956920624E1,-1.104605255E2,-3.996459961E0,1.174019654E2
2.275469379E1,-3.961701584E1,-1.105785065E2,-3.746582031E0,1.175208531E2
2.276473779E1,-3.967086792E1,-1.107827759E2,-4.153686523E0,1.177448695E2
2.277478179E1,-3.973003387E1,-1.109710846E2,-3.471435547E0,1.179199223E2
2.278482579E1,-3.953866577E1,-1.110625610E2,-3.681091309E0,1.179480775E2
2.279486979E1,-3.460199356E1,-9.643981171E1,-9.227233887E0,1.028740836E2
2.280491379E1,-3.466026306E1,-9.656018829E1,-9.102416992E0,1.029954261E2
2.281495779E1,-3.457797241E1,-9.664245605E1,-9.258728027E0,1.030588402E2
2.282500179E1,-3.443028259E1,-9.668878174E1,-8.810913086E0,1.030135771E2
2.283504579E1,-3.466277695E1,-9.674931335E1,-8.917785645E0,1.031574750E2
2.284508979E1,-3.469870758E1,-9.686367035E1,-8.997863770E0,1.032837475E2
2.285513379E1,-3.474794006E1,-9.684914398E1,-8.786621094E0,1.032684886E2
2.286517779E1,-3.474649429E1,-9.708301544E1,-9.183715820E0,1.035218402E2
2.287522179E1,-3.472929382E1,-9.713631439E1,-8.682312012E0,1.035227993E2
2.288526579E1,-3.477020264E1,-9.716447449E1,-8.460449219E0,1.035445860E2
2.289530979E1,-3.478836060E1,-9.719201660E1,-8.893920898E0,1.036128368E2
2.290535379E1,-3.479488373E1,-9.731611633E1,-8.380126953E0,1.036886540E2
2.291539779E1,-3.235297394E1,-9.228803253E1,-1.033050537E1,9.833877777E1
2.292544179E1,-3.215494537E1,-9.250720978E1,-9.954284668E0,9.844090692E1
2.293548579E1,-3.229366684E1,-9.265900421E1,-9.833496094E0,9.861678166E1
2.294552979E1,-3.220546341E1,-9.265275574E1,-9.998657227E0,9.859867223E1
2.295557379E1,-3.220725632E1,-9.278868103E1,-9.750854492E0,9.870220793E1
2.296561779E1,-3.243891144E1,-9.288073730E1,-9.713012695E0,9.886079584E1
2.297566179E1,-3.252344513E1,-9.302892303E1,-9.817077637E0,9.903802309E1
2.298570579E1,-3.252344513E1,-9.302892303E1,-9.817077637E0,9.903802309E1
2.299574979E1,-3.259703064E1,-9.314788055E1,-9.077148438E0,9.910342417E1
2.300579379E1,-3.279907990E1,-9.317797089E1,-9.066162109E0,9.919732454E1
2.301583779E1,-2.748328972E1,-8.696075439E1,-1.152996826E1,9.192629758E1
2.302588179E1,-2.742497826E1,-8.705960846E1,-1.139508057E1,9.198561148E1
2.303592579E1,-2.724577713E1,-8.720249176E1,-1.148504639E1,9.207884247E1
2.304596979E1,-2.726208305E1,-8.723744202E1,-1.110784912E1,9.207049893E1
2.305601379E1,-2.699635696E1,-8.725581360E1,-1.121905518E1,9.202308132E1
2.306605779E1,-2.691516113E1,-8.727755737E1,-1.100866699E1,9.199450347E1
2.307610279E1,-2.686642075E1,-8.727152252E1,-1.064392090E1,9.193158467E1
2.308614679E1,-2.677361488E1,-8.733979797E1,-1.116375732E1,9.203095263E1
2.309619079E1,-2.694186783E1,-8.722698975E1,-1.095404053E1,9.194782752E1
2.310623479E1,-2.701648712E1,-8.725550079E1,-1.135473633E1,9.204533140E1
2.311627879E1,-2.716274452E1,-8.710367584E1,-1.114605713E1,9.191898403E1
2.312632279E1,-2.715165710E1,-8.723183441E1,-1.071331787E1,9.198576302E1
2.313636679E1,-2.719156647E1,-8.717109680E1,-1.123468018E1,9.200217086E1
2.314641079E1,-2.727489281E1,-8.727854156E1,-1.065289307E1,9.205947928E1
2.315645479E1,-2.706721115E1,-8.729449463E1,-1.062927246E1,9.201056540E1
2.316649879E1,-2.699465561E1,-8.732913208E1,-1.088470459E1,9.205197193E1
2.317654279E1,-2.695420456E1,-8.759560394E1,-1.059466553E1,9.225923212E1
2.318658679E1,-2.688310051E1,-8.765418243E1,-1.076672363E1,9.231402455E1
2.319663079E1,-2.687002373E1,-8.769380188E1,-1.021179199E1,9.228478617E1
2.320667479E1,-2.439129066E1,-8.407884216E1,-1.094989014E1,8.822747222E1
2.321671879E1,-2.451104546E1,-8.415918732E1,-1.125561523E1,8.837561334E1
2.322676279E1,-2.415291786E1,-8.433866119E1,-1.092462158E1,8.840656407E1
2.323680679E1,-2.410623741E1,-8.435524750E1,-1.108813477E1,8.843000167E1
2.324685104E1,-2.413330841E1,-8.450639343E1,-1.090429688E1,8.855874207E1
2.325689504E1,-2.395422935E1,-8.451055145E1,-1.019757080E1,8.842979623E1
2.326693904E1,-2.391151428E1,-8.471389008E1,-1.047729492E1,8.864523335E1
2.327698304E1,-2.393836021E1,-8.483768463E1,-9.858642578E0,8.869989096E1
2.328702704E1,-2.164850426E1,-8.148622131E1,-1.103826904E1,8.503237844E1
2.329707104E1,-2.167597389E1,-8.163743591E1,-1.108160400E1,8.518990981E1
2.330711504E1,-2.168461037E1,-8.186906433E1,-1.052014160E1,8.534306885E1
2.331715904E1,-2.145950127E1,-8.197751617E1,-1.065185547E1,8.540658861E1
2.332720304E1,-2.139546585E1,-8.206608582E1,-1.038922119E1,8.544322277E1
2.333724704E1,-2.128357124E1,-8.202989960E1,-1.031134033E1,8.537106402E1
2.334729104E1,-2.115915680E1,-8.196014404E1,-1.043249512E1,8.528781907E1
2.335733504E1,-2.120590210E1,-8.188878632E1,-1.043585205E1,8.523127722E1
2.336737904E1,-2.116212654E1,-8.184711456E1,-1.080541992E1,8.522642115E1
2.337742304E1,-2.135477829E1,-8.167580414E1,-1.063116455E1,8.508810256E1
2.338746704E1,-2.099207306E1,-8.176004028E1,-1.017803955E1,8.502331332E1
2.339751104E1,-2.085363960E1,-8.170581818E1,-1.037939453E1,8.496144325E1
2.340755504E1,-2.074438858E1,-8.172013855E1,-9.885742188E0,8.488956709E1
2.341759904E1,-2.066642189E1,-8.175870514E1,-9.932312012E0,8.491311843E1
2.342764304E1,-2.053748322E1,-8.190846252E1,-1.015985107E1,8.505296599E1
2.343768704E1,-2.059240341E1,-8.209828186E1,-9.417724609E0,8.516377457E1
2.344773104E1,-2.070803261E1,-7.940708923E1,-1.028906250E1,8.270533986E1
2.345777504E1,-2.080853462E1,-7.947784424E1,-9.957641602E0,8.275794502E1
2.346781904E1,-2.080853462E1,-7.947784424E1,-9.957641602E0,8.275794502E1
2.347786304E1,-2.080316734E1,-7.974156189E1,-9.364013672E0,8.294078138E1
2.348790704E1,-2.091841888E1,-7.981630707E1,-9.665527344E0,8.307614303E1
2.349795204E1,-2.079505730E1,-8.006781769E1,-9.153930664E0,8.322910719E1
2.350799604E1,-2.053620148E1,-8.035354614E1,-9.111511230E0,8.343528981E1
2.351804004E1,-2.080209351E1,-8.035191345E1,-8.692321777E0,8.345485934E1
2.352808404E1,-1.924803925E1,-7.724658203E1,-9.458557129E0,8.016848354E1
2.353812804E1,-1.925116348E1,-7.738764954E1,-9.571594238E0,8.031855958E1
2.354817204E1,-1.915266228E1,-7.760604858E1,-9.112976074E0,8.045228140E1
2.355821604E1,-1.907932663E1,-7.764112854E1,-8.987976074E0,8.045464101E1
2.356826004E1,-1.895434952E1,-7.775534821E1,-8.871582031E0,8.052245965E1
2.357830404E1,-1.890630341E1,-7.787006378E1,-8.545043945E0,8.058667953E1
2.358834804E1,-1.886337280E1,-7.790014648E1,-8.775207520E0,8.063041562E1
2.359839204E1,-1.884541321E1,-7.811914062E1,-8.198791504E0,8.077728587E1
2.360843604E1,-1.882105637E1,-7.809072113E1,-8.080322266E0,8.073217758E1
2.361848004E1,-1.868785858E1,-7.821759796E1,-8.315734863E0,8.084788269E1
2.362852404E1,-1.856748009E1,-7.820458984E1,-7.609497070E0,8.073793182E1
2.363856804E1,-1.798685074E1,-7.597779846E1,-8.322753906E0,7.852019416E1
2.364861204E1,-1.789184570E1,-7.601685333E1,-8.467102051E0,7.855171513E1
2.365865604E1,-1.789443207E1,-7.622093201E1,-7.826843262E0,7.868354752E1
2.366870004E1,-1.783594894E1,-7.621998596E1,-7.883911133E0,7.867504935E1
2.367874404E1,-1.764563179E1,-7.634795380E1,-7.895812988E0,7.875736304E1
2.368878804E1,-1.753216934E1,-7.634052277E1,-7.836364746E0,7.871887315E1
2.369883204E1,-1.747406006E1,-7.638008881E1,-7.882751465E0,7.874895880E1
2.370887604E1,-1.750928688E1,-7.641661835E1,-7.403930664E0,7.874574830E1
2.371892004E1,-1.775883102E1,-7.645145416E1,-7.433166504E0,7.883814361E1
2.372896404E1,-1.782943916E1,-7.656527710E1,-7.078308105E0,7.893182504E1
2.373900804E1,-1.764623451E1,-7.662276459E1,-7.294311523E0,7.896609795E1
2.374905204E1,-1.758466148E1,-7.667433929E1,-7.283325195E0,7.900140158E1
2.375909604E1,-1.467527580E1,-7.352294922E1,-7.675598145E0,7.536512847E1
2.376914004E1,-1.456519127E1,-7.350204468E1,-7.816040039E0,7.533781156E1
2.377918404E1,-1.458134651E1,-7.362754059E1,-7.372558594E0,7.541873122E1
2.378922804E1,-1.460167313E1,-7.361783600E1,-6.786743164E0,7.535817486E1
2.379927204E1,-1.432359886E1,-7.365389252E1,-6.902038574E0,7.535051097E1
2.380931604E1,-1.428313255E1,-7.377198792E1,-6.507385254E0,7.542320690E1
2.381936004E1,-1.416557693E1,-7.369782257E1,-6.603393555E0,7.533682651E1
2.382940404E1,-1.414015388E1,-7.365736389E1,-6.651184082E0,7.529667627E1
2.383944804E1,-1.420108795E1,-7.380632019E1,-6.485595703E0,7.543942438E1
2.384949204E1,-1.430897903E1,-7.361952972E1,-6.616333008E0,7.528849780E1
2.385953604E1,-1.414288139E1,-7.362500000E1,-6.194030762E0,7.522650953E1
2.386958004E1,-1.411840057E1,-7.360713196E1,-6.030700684E0,7.519114616E1
2.387962404E1,-1.360870171E1,-7.314282227E1,-6.451477051E0,7.467724397E1
2.388966804E1,-1.359046555E1,-7.306877136E1,-6.060974121E0,7.456863623E1
2.389971204E1,-1.349544716E1,-7.307949829E1,-6.130310059E0,7.456755907E1
2.390975604E1,-1.334253120E1,-7.318634796E1,-6.257629395E0,7.465535877E1
2.391980004E1,-1.336067581E1,-7.308712006E1,-5.629394531E0,7.451123982E1
2.392984404E1,-1.337674332E1,-7.303311920E1,-5.847351074E0,7.447795161E1
2.393988804E1,-1.339687157E1,-7.308849335E1,-5.585815430E0,7.451580612E1
2.394993204E1,-1.313068390E1,-7.317692566E1,-5.798217773E0,7.457141971E1
2.395997604E1,-1.313068390E1,-7.317692566E1,-5.798217773E0,7.457141971E1
2.397002004E1,-1.305220604E1,-7.323803711E1,-5.969360352E0,7.463111566E1
2.398006504E1,-1.312783051E1,-7.317620850E1,-5.333801270E0,7.453554092E1
2.399010904E1,-1.301014328E1,-7.327370453E1,-5.417114258E0,7.461665183E1
2.400015304E1,-1.292878151E1,-7.332089233E1,-5.137695312E0,7.462909993E1
2.401019704E1,-1.296796608E1,-7.336547852E1,-4.730468750E0,7.465278907E1
2.402024104E1,-1.136247826E1,-7.156944275E1,-5.079711914E0,7.264361308E1
2.403028504E1,-1.142395020E1,-7.168560791E1,-4.765441895E0,7.274642573E1
2.404032904E1,-1.144474220E1,-7.174510193E1,-5.134765625E0,7.283342360E1
2.405037304E1,-1.138420296E1,-7.183582306E1,-4.944519043E0,7.290016338E1
2.406041704E1,-1.145128822E1,-7.190025330E1,-4.315612793E0,7.293423709E1
2.407046104E1,-1.167014503E1,-7.190365601E1,-4.127075195E0,7.296136499E1
2.408050504E1,-1.156165314E1,-7.205189514E1,-3.763549805E0,7.307059411E1
2.409054904E1,-1.142372131E1,-7.208200073E1,-3.476562500E0,7.306437384E1
2.410059304E1,-1.154628372E1,-7.214497375E1,-3.617431641E0,7.315257834E1
2.411063704E1,-1.137494087E1,-7.224371338E1,-3.212951660E0,7.320427898E1
2.412068104E1,-1.150516510E1,-7.222628784E1,-3.332702637E0,7.321278841E1
2.413072504E1,-1.104418564E1,-7.115538788E1,-3.831542969E0,7.210925032E1
2.414076904E1,-1.093607140E1,-7.113289642E1,-3.693542480E0,7.206336703E1
2.415081304E1,-1.086694145E1,-7.117745209E1,-4.029602051E0,7.211489302E1
2.416085704E1,-1.081385231E1,-7.116429138E1,-3.804931641E0,7.208171248E1
2.417090104E1,-1.090007591E1,-7.110487366E1,-4.157165527E0,7.205551150E1
2.418094504E1,-1.081790161E1,-7.115517426E1,-4.511047363E0,7.211404417E1
2.419098904E1,-1.086610031E1,-7.120954132E1,-3.339904785E0,7.211120492E1
2.420103304E1,-1.091195488E1,-7.121617126E1,-3.880187988E0,7.215171285E1
2.421107704E1,-1.084758949E1,-7.129757690E1,-3.495727539E0,7.220273389E1
2.422112104E1,-1.081107330E1,-7.134498596E1,-3.820922852E0,7.226054096E1
2.423116504E1,-1.056637001E1,-7.141874695E1,-3.549987793E0,7.228338678E1
2.424120904E1,-1.072008705E1,-7.135468292E1,-3.260253906E0,7.222908207E1
2.425125346E1,-1.085904694E1,-7.133769226E1,-3.264465332E0,7.223324699E1
2.426129746E1,-1.103112602E1,-7.143635559E1,-3.082397461E0,7.234873748E1
2.427134146E1,-1.119259071E1,-7.137162018E1,-2.768676758E0,7.229694202E1
2.428138546E1,-1.150283241E1,-7.146746826E1,-3.060668945E0,7.245192798E1
2.429142946E1,-1.144576263E1,-7.156084442E1,-2.789550781E0,7.252407552E1
2.430147346E1,-1.173358536E1,-7.154752350E1,-3.244689941E0,7.257584417E1
2.431151746E1,-1.191190147E1,-7.174698639E1,-3.320861816E0,7.280488703E1
2.432156146E1,-1.224468803E1,-7.164474487E1,-2.451538086E0,7.272490558E1
2.433160546E1,-1.234198952E1,-7.161711121E1,-2.705200195E0,7.272312858E1
2.434164946E1,-1.248952866E1,-7.164498138E1,-2.375061035E0,7.276422609E1
2.435169346E1,-1.083186722E1,-7.090376282E1,-3.457763672E0,7.180967246E1
2.436173746E1,-1.112591362E1,-7.093076324E1,-3.538574219E0,7.188519066E1
2.437178146E1,-1.128551292E1,-7.098057556E1,-3.262512207E0,7.194615275E1
2.438182546E1,-1.127776337E1,-7.097166443E1,-3.491210938E0,7.194688077E1
2.439186946E1,-1.151831818E1,-7.102803802E1,-3.525756836E0,7.204224317E1
2.440191346E1,-1.147989464E1,-7.101837921E1,-3.338073730E0,7.201764300E1
2.441195746E1,-1.155600166E1,-7.079975128E1,-3.742553711E0,7.183420261E1
2.442200146E1,-1.153827858E1,-7.078522491E1,-3.509521484E0,7.180526916E1
2.443204546E1,-1.158340454E1,-7.064278412E1,-3.668334961E0,7.168008712E1
2.444208946E1,-1.146116257E1,-7.055348206E1,-3.879455566E0,7.158353339E1
2.445213346E1,-1.146116257E1,-7.055348206E1,-3.879455566E0,7.158353339E1
2.446217746E1,-1.141280174E1,-7.053080750E1,-3.697998047E0,7.154384697E1
2.447222146E1,-1.147684669E1,-7.045054626E1,-4.278076172E0,7.150733819E1
2.448226546E1,-1.133037376E1,-7.036055756E1,-4.419128418E0,7.140388032E1
2.449230946E1,-1.180451202E1,-6.975675964E1,-5.827758789E0,7.098813135E1
2.450235346E1,-1.193586922E1,-6.967863464E1,-6.021179199E0,7.094950105E1
2.451239746E1,-1.189932060E1,-6.959268188E1,-5.691833496E0,7.083171727E1
2.452244146E1,-1.200910378E1,-6.953776550E1,-6.101867676E0,7.083044680E1
2.453248546E1,-1.193688774E1,-6.956726837E1,-5.803527832E0,7.082213674E1
2.454252946E1,-1.215356064E1,-6.950286865E1,-6.058166504E0,7.081708246E1
2.455257346E1,-1.182897568E1,-6.941022491E1,-6.519653320E0,7.071216209E1
2.456261746E1,-1.195172882E1,-6.929772186E1,-6.271667480E0,7.059994256E1
2.457266146E1,-1.195413589E1,-6.934580994E1,-6.717590332E0,7.068853330E1
2.458270546E1,-1.210989380E1,-6.918721008E1,-6.750793457E0,7.056268688E1
2.459274946E1,-1.224531746E1,-6.906021118E1,-6.527709961E0,7.044055342E1
2.460279346E1,-1.224929047E1,-6.898766327E1,-7.161987305E0,7.043178872E1
2.461283746E1,-1.225347710E1,-6.891200256E1,-6.973083496E0,7.033943198E1
2.462288146E1,-1.243043709E1,-6.892168427E1,-7.344787598E0,7.041775510E1
2.463292546E1,-1.261096382E1,-6.888494873E1,-7.626831055E0,7.044388634E1
2.464297046E1,-1.263352966E1,-6.823964691E1,-7.742980957E0,6.982985920E1
2.465301446E1,-1.251364517E1,-6.825821686E1,-8.309265137E0,6.989148282E1
2.466305846E1,-1.263053703E1,-6.823734283E1,-8.065429688E0,6.986355687E1
2.467310246E1,-1.266016960E1,-6.826313782E1,-8.071044922E0,6.989476121E1
2.468314646E1,-1.263776588E1,-6.828547668E1,-8.315979004E0,6.994122503E1
2.469319046E1,-1.272264671E1,-6.831002045E1,-7.737243652E0,6.991415860E1
2.470323446E1,-1.260341263E1,-6.839369965E1,-8.292236328E0,7.003788507E1
2.471327846E1,-1.256575584E1,-6.852054596E1,-8.572631836E0,7.018869891E1
2.472332246E1,-1.272057915E1,-6.852341461E1,-8.149780273E0,7.016901312E1
2.473336646E1,-1.262419701E1,-6.838285065E1,-8.344665527E0,7.003726191E1
2.474341046E1,-1.242947960E1,-6.846343231E1,-8.077209473E0,7.004980257E1
2.475345446E1,-1.235145378E1,-6.840438843E1,-8.321289062E0,7.000687551E1
2.476349846E1,-1.254634476E1,-6.839981842E1,-8.591003418E0,7.006961728E1
2.477354246E1,-1.245330048E1,-6.841899872E1,-8.309570312E0,7.003779720E1
2.478358646E1,-1.251254082E1,-6.829055023E1,-8.663269043E0,6.996581422E1
2.479363046E1,-1.262311554E1,-6.840630341E1,-8.185974121E0,7.004124188E1
2.480367446E1,-1.232604790E1,-6.832887268E1,-8.147216797E0,6.990810711E1
2.481371846E1,-1.236214256E1,-6.824041748E1,-8.511352539E0,6.987145532E1
2.482376246E1,-1.225277710E1,-6.829193115E1,-8.298461914E0,6.987691233E1
2.483380646E1,-1.221895409E1,-6.835739136E1,-8.678344727E0,6.998106501E1
2.484385046E1,-1.217228889E1,-6.822642517E1,-8.799926758E0,6.986020627E1
2.485389446E1,-1.200475502E1,-6.827731323E1,-8.325195312E0,6.982273643E1
2.486393846E1,-1.192025375E1,-6.829463959E1,-8.466613770E0,6.984220640E1
2.487398246E1,-1.182404900E1,-6.836800385E1,-8.340698242E0,6.988246798E1
2.488402646E1,-1.172888947E1,-6.822683716E1,-8.509155273E0,6.974864787E1
2.489407046E1,-1.169501686E1,-6.817284393E1,-8.474731445E0,6.968594652E1
2.490411446E1,-1.165795517E1,-6.839530945E1,-8.102905273E0,6.985329876E1
2.491415846E1,-1.153579140E1,-6.843703461E1,-8.158996582E0,6.988040794E1
2.492420246E1,-1.150619698E1,-6.855052948E1,-7.790588379E0,6.994469907E1
2.493424646E1,-1.150619698E1,-6.855052948E1,-7.790588379E0,6.994469907E1
2.494429046E1,-1.143571663E1,-6.854562378E1,-7.501281738E0,6.989669078E1
2.495433446E1,-1.132533836E1,-6.869048309E1,-7.694763184E0,7.004180992E1
2.496437846E1,-1.119393349E1,-6.895475769E1,-7.066589355E0,7.021395474E1
2.497442246E1,-1.100869942E1,-6.906487274E1,-6.983642578E0,7.028455999E1
2.498446646E1,-1.123989868E1,-6.933173370E1,-7.097656250E0,7.059462688E1
2.499451046E1,-1.109664345E1,-6.953887939E1,-6.337097168E0,7.070325342E1
2.500455446E1,-1.111530876E1,-6.957704163E1,-6.579101562E0,7.076580663E1
2.501459846E1,-1.115608597E1,-6.968980408E1,-6.128295898E0,7.084266410E1
2.502464246E1,-1.130527687E1,-6.984570312E1,-6.136413574E0,7.102032879E1
2.503468646E1,-1.142695618E1,-6.994953918E1,-5.985290527E0,7.112901702E1
2.504473046E1,-1.138277435E1,-7.004883575E1,-5.291687012E0,7.116466043E1
2.505477446E1,-1.127602768E1,-7.016362762E1,-5.346435547E0,7.126477261E1
2.506481846E1,-1.129688454E1,-7.029499054E1,-5.066833496E0,7.137701379E1
2.507486246E1,-1.126986694E1,-7.043030548E1,-4.786010742E0,7.148666820E1
2.508490646E1,-1.131218338E1,-7.046061707E1,-4.797363281E0,7.152397322E1
2.509495046E1,-1.092938042E1,-7.016326904E1,-5.378662109E0,7.121281967E1
2.510499446E1,-1.075631332E1,-7.021746063E1,-5.557800293E0,7.125362586E1
2.511503846E1,-1.062555885E1,-7.033850861E1,-5.597167969E0,7.135640534E1
2.512508246E1,-1.046714401E1,-7.037284851E1,-4.930053711E0,7.131762994E1
2.513512646E1,-1.044988251E1,-7.031503296E1,-5.229614258E0,7.127939934E1
2.514517046E1,-1.041907692E1,-7.046883392E1,-4.852172852E0,7.139998109E1
2.515521446E1,-1.037710381E1,-7.043325806E1,-5.072875977E0,7.137410031E1
2.516525846E1,-1.027481651E1,-7.053781891E1,-4.857727051E0,7.144755603E1
2.517530246E1,-1.000081635E1,-7.069038391E1,-4.539978027E0,7.153850785E1
2.518534646E1,-9.995904922E0,-7.066412354E1,-4.705749512E0,7.152258768E1
2.519539046E1,-1.003402138E1,-7.082073975E1,-4.297302246E0,7.165699945E1
2.520543446E1,-9.986404419E0,-7.082617950E1,-4.156494141E0,7.164741740E1
2.521547846E1,-1.018000793E1,-7.057571411E1,-4.947265625E0,7.147754487E1
2.522552246E1,-1.014243317E1,-7.064031219E1,-4.608154297E0,7.151333962E1
2.523556646E1,-1.011501503E1,-7.074200439E1,-4.723571777E0,7.161743395E1
2.524561046E1,-1.011638069E1,-7.072407532E1,-4.412048340E0,7.158004022E1
2.525565567E1,-1.010296059E1,-7.076539612E1,-3.906799316E0,7.158962342E1
2.526569967E1,-1.002542496E1,-7.065103149E1,-4.182861328E0,7.148128234E1
2.527574367E1,-9.824062347E0,-7.066826630E1,-3.980468750E0,7.145880067E1
2.528578767E1,-9.882114410E0,-7.082423401E1,-4.447692871E0,7.164851904E1
2.529583167E1,-9.888910294E0,-7.074502563E1,-4.423461914E0,7.156965987E1
2.530587567E1,-9.905952454E0,-7.076853180E1,-3.843627930E0,7.156176677E1
2.531591967E1,-9.836212158E0,-7.084567261E1,-4.084167480E0,7.164175333E1
2.532596367E1,-9.816539764E0,-7.090221405E1,-4.060974121E0,7.169365328E1
2.533600767E1,-9.915023804E0,-7.085211945E1,-3.674560547E0,7.163681262E1
2.534605167E1,-9.826099396E0,-7.076713562E1,-4.133483887E0,7.156553222E1
2.535609567E1,-9.758502960E0,-7.093076324E1,-4.030151367E0,7.171222821E1
2.536613967E1,-9.756511688E0,-7.083496094E1,-4.252929688E0,7.163008183E1
2.537618367E1,-9.526926041E0,-7.077055359E1,-4.064147949E0,7.152447744E1
2.538622767E1,-9.510848999E0,-7.087872314E1,-3.718627930E0,7.161059864E1
2.539627167E1,-9.394426346E0,-7.087211609E1,-4.020568848E0,7.160500722E1
2.540631567E1,-9.371225357E0,-7.101094818E1,-3.967590332E0,7.173643704E1
2.541635967E1,-9.321832657E0,-7.093264008E1,-4.089538574E0,7.165933518E1
2.542640367E1,-9.321832657E0,-7.093264008E1,-4.089538574E0,7.165933518E1
2.543644767E1,-1.017341423E1,-7.073796082E1,-4.094665527E0,7.158298501E1
2.544649167E1,-1.009815216E1,-7.074704742E1,-3.648010254E0,7.155714762E1
2.545653567E1,-9.980714798E0,-7.077639771E1,-3.877136230E0,7.158173877E1
2.546657967E1,-9.747398376E0,-7.091912079E1,-3.516052246E0,7.167214307E1
2.547662367E1,-9.868946075E0,-7.086450958E1,-3.533935547E0,7.163563021E1
2.548666767E1,-9.735073090E0,-7.090437317E1,-3.853271484E0,7.167321315E1
2.549671167E1,-9.576763153E0,-7.101654053E1,-3.814697266E0,7.176082034E1
2.550675567E1,-9.592018127E0,-7.084002686E1,-4.013427734E0,7.159904901E1
2.551679967E1,-9.539487839E0,-7.085437012E1,-4.110351562E0,7.161172099E1
2.552684367E1,-9.631589890E0,-7.073197937E1,-3.716369629E0,7.148140900E1
2.553688767E1,-9.581958771E0,-7.053581238E1,-3.876220703E0,7.128912854E1
2.554693167E1,-9.515426636E0,-7.057459259E1,-3.924987793E0,7.132125905E1
2.555697567E1,-9.368511200E0,-7.050633240E1,-4.453979492E0,7.126534813E1
2.556701967E1,-9.510314941E0,-7.046327209E1,-4.477111816E0,7.124298797E1
2.557706367E1,-9.344776154E0,-7.043130493E1,-3.904602051E0,7.115574097E1
2.558710767E1,-9.235670090E0,-7.046180725E1,-4.603088379E0,7.121342785E1
2.559715167E1,-9.072839737E0,-7.042958832E1,-4.113037109E0,7.113058699E1
2.560719567E1,-6.775159836E0,-6.989813995E1,-4.898376465E0,7.039635539E1
2.561723967E1,-6.651618958E0,-6.981788635E1,-5.114013672E0,7.032022771E1
2.562728367E1,-6.628618240E0,-6.979329681E1,-4.882446289E0,7.027717369E1
2.563732767E1,-6.508371353E0,-6.983760071E1,-5.333496094E0,7.034270076E1
2.564737167E1,-6.361188889E0,-6.972692871E1,-5.122741699E0,7.020364516E1
2.565741567E1,-6.185600281E0,-6.982492828E1,-4.967102051E0,7.027413723E1
2.566745967E1,-6.135091782E0,-6.976672363E1,-5.397888184E0,7.024366359E1
2.567750367E1,-5.962303162E0,-6.982727051E1,-4.982482910E0,7.025825148E1
2.568754767E1,-5.957969666E0,-6.959725189E1,-5.194580078E0,7.004468956E1
2.569759167E1,-5.708244324E0,-6.967905426E1,-5.418029785E0,7.012210566E1
2.570763567E1,-5.609312057E0,-6.974602509E1,-5.171264648E0,7.016205794E1
2.571767967E1,-5.557228088E0,-6.974006653E1,-5.342529297E0,7.016482226E1
2.572772367E1,-5.602813721E0,-6.964455414E1,-5.056030273E0,7.005225824E1
2.573776767E1,-5.608451843E0,-6.969699097E1,-4.740539551E0,7.008279387E1
2.574781167E1,-5.615875244E0,-6.965603638E1,-5.020446777E0,7.006216057E1
2.575785567E1,-5.443899155E0,-6.971463776E1,-4.996765137E0,7.010516684E1
2.576789967E1,-5.321565628E0,-6.972775269E1,-5.210327148E0,7.012436142E1
2.577794367E1,-5.317693710E0,-6.986167908E1,-5.136596680E0,7.025180920E1
2.578798767E1,-5.246217728E0,-6.975850677E1,-4.571533203E0,7.010471442E1
2.579803167E1,-5.305789948E0,-6.977435303E1,-5.001586914E0,7.015431290E1
2.580807567E1,-5.488252640E0,-6.971288300E1,-4.534057617E0,7.007542116E1
2.581811967E1,-5.299289703E0,-6.979643250E1,-5.098083496E0,7.018272519E1
2.582816367E1,-5.334016800E0,-6.972006989E1,-5.316833496E0,7.012566291E1
2.583820767E1,-5.271385193E0,-6.970438385E1,-4.877990723E0,7.007341453E1
2.584825167E1,-5.244182587E0,-6.972535706E1,-5.220581055E0,7.011691190E1
2.585829567E1,-5.327207565E0,-6.984765625E1,-5.077270508E0,7.023427155E1
2.586833967E1,-5.191265106E0,-6.980642700E1,-4.956604004E0,7.017445694E1
2.587838367E1,-5.134292603E0,-6.975367737E1,-5.236022949E0,7.013809524E1
2.588842767E1,-5.304216385E0,-6.977487183E1,-5.055725098E0,7.015859039E1
2.589847167E1,-5.151779175E0,-6.965597534E1,-5.574035645E0,7.006829242E1
2.590851567E1,-5.385169983E0,-6.925234985E1,-5.282958984E0,6.966202460E1
2.591855967E1,-5.271942139E0,-6.935098267E1,-5.182373047E0,6.974388261E1
2.592860367E1,-5.423377991E0,-6.934727478E1,-4.945556641E0,6.973461177E1
2.593864767E1,-5.393756866E0,-6.930731964E1,-4.953430176E0,6.969313911E1
2.594869167E1,-5.371452332E0,-6.929095459E1,-4.842102051E0,6.966731544E1
2.595873567E1,-5.455587387E0,-6.933383179E1,-5.025634766E0,6.972948206E1
2.596877967E1,-5.455551147E0,-6.933467102E1,-5.007568359E0,6.972901394E1
2.597882367E1,-5.509607315E0,-6.939275360E1,-4.573974609E0,6.976124475E1
2.598886767E1,-5.394851685E0,-6.929837036E1,-5.092529297E0,6.969434994E1
2.599891167E1,-5.444881439E0,-6.933728790E1,-4.722412109E0,6.971088440E1
2.600895567E1,-5.540256500E0,-6.932698059E1,-4.747924805E0,6.970988072E1
2.601899967E1,-5.304840088E0,-6.930027008E1,-5.229980469E0,6.969950830E1
2.602904367E1,-5.422264099E0,-6.941720581E1,-4.849609375E0,6.979733606E1
2.603908767E1,-5.399772644E0,-6.943357086E1,-5.054687500E0,6.982641458E1
2.604913167E1,-5.360393524E0,-6.947085571E1,-4.818786621E0,6.984378510E1
2.605917567E1,-5.471378326E0,-6.952177429E1,-4.468627930E0,6.987976615E1
2.606921967E1,-5.366210938E0,-6.946952057E1,-5.024047852E0,6.985736586E1
2.607926367E1,-5.298049927E0,-6.951695251E1,-4.836059570E0,6.988607509E1
2.608930767E1,-5.138416290E0,-6.949928284E1,-4.953430176E0,6.986479877E1
2.609935167E1,-5.223731995E0,-6.942247772E1,-5.067626953E0,6.980292710E1
2.610939567E1,-5.220386505E0,-6.947373199E1,-4.750732422E0,6.983137784E1
2.611943967E1,-5.235393524E0,-6.941125488E1,-5.029541016E0,6.978988417E1
2.612948367E1,-5.375438690E0,-6.940033722E1,-4.408691406E0,6.974767887E1
2.613952767E1,-5.141685486E0,-6.945904541E1,-4.667724609E0,6.980532624E1
2.614957167E1,-5.295661926E0,-6.944543457E1,-4.770446777E0,6.981023980E1
2.615961567E1,-5.376152039E0,-6.960075378E1,-4.758728027E0,6.997008954E1
2.616965967E1,-5.251224518E0,-6.941110229E1,-5.092285156E0,6.979547155E1
2.617970367E1,-5.266155243E0,-6.943424988E1,-4.732116699E0,6.979427180E1
2.618974767E1,-5.248069763E0,-6.940832520E1,-4.336975098E0,6.974143098E1
2.619979167E1,-5.273128510E0,-6.935354614E1,-4.835754395E0,6.972162338E1
2.620983567E1,-5.225940704E0,-6.938571167E1,-4.739379883E0,6.974345247E1
2.621987967E1,-5.144153595E0,-6.946945953E1,-4.928527832E0,6.983379204E1
2.622992367E1,-5.238605499E0,-6.932672882E1,-5.077880859E0,6.970956312E1
2.623996767E1,-5.242969513E0,-6.928292847E1,-4.549865723E0,6.962983688E1
2.625000992E1,-5.364429474E0,-6.933361816E1,-4.951721191E0,6.971690795E1
2.626005392E1,-5.285263062E0,-6.945605469E1,-4.938720703E0,6.983171558E1
2.627009792E1,-5.160045624E0,-6.937661743E1,-4.723266602E0,6.972840429E1
2.628014192E1,-5.151161194E0,-6.939356232E1,-5.160827637E0,6.977560530E1
2.629018592E1,-5.117752075E0,-6.939803314E1,-4.500976562E0,6.973189500E1
2.630022992E1,-5.092296600E0,-6.943141937E1,-5.013122559E0,6.979817246E1
2.631027392E1,-5.132133484E0,-6.932538605E1,-4.861389160E0,6.968486959E1
2.632031792E1,-4.058349609E0,-6.922048950E1,-5.035278320E0,6.952194183E1
2.633036192E1,-3.988166809E0,-6.927603912E1,-5.668151855E0,6.962185732E1
2.634040592E1,-3.941665649E0,-6.928055573E1,-5.177124023E0,6.958544922E1
2.635044992E1,-4.140102386E0,-6.931455994E1,-5.232727051E0,6.963497756E1
2.636049392E1,-4.124752045E0,-6.925086975E1,-5.188232422E0,6.956733642E1
2.637053792E1,-4.140422821E0,-6.931262207E1,-4.616821289E0,6.958949431E1
2.638058192E1,-4.049686432E0,-6.949201965E1,-5.349914551E0,6.981520136E1
2.639062592E1,-4.250717163E0,-6.942665100E1,-5.172668457E0,6.974872733E1
2.640066992E1,-4.250717163E0,-6.942665100E1,-5.172668457E0,6.974872733E1
2.641071392E1,-4.229175568E0,-6.937581635E1,-5.260864258E0,6.970341823E1
2.642075792E1,-4.088764191E0,-6.940114594E1,-5.391662598E0,6.973024505E1
2.643080192E1,-4.225040436E0,-6.938934326E1,-5.263793945E0,6.971685199E1
2.644084592E1,-4.228229523E0,-6.937685394E1,-5.547607422E0,6.972662143E1
2.645088992E1,-4.082450867E0,-6.937342834E1,-5.387207031E0,6.970194377E1
2.646093392E1,-4.320518494E0,-6.942243195E1,-5.090576172E0,6.974277671E1
2.647097792E1,-4.242839813E0,-6.933850098E1,-5.560058594E0,6.969034122E1
2.648102192E1,-4.069896698E0,-6.935195160E1,-5.259704590E0,6.967009216E1
2.649106592E1,-4.168376923E0,-6.935485077E1,-5.609069824E0,6.970604246E1
2.650110992E1,-4.094463348E0,-6.929185486E1,-6.006286621E0,6.967209814E1
2.651115392E1,-4.233432770E0,-6.913552856E1,-5.330322266E0,6.946981789E1
2.652119792E1,-4.460826874E0,-6.915751648E1,-5.640014648E0,6.953035903E1
2.653124192E1,-4.314441681E0,-6.922190857E1,-5.565246582E0,6.957915638E1
2.654128592E1,-4.359802246E0,-6.920996857E1,-5.602294922E0,6.957307908E1
2.655132992E1,-4.403766632E0,-6.909765625E1,-5.800964355E0,6.948043212E1
2.656137392E1,-4.421705246E0,-6.920484161E1,-5.523559570E0,6.956558984E1
2.657141792E1,-4.428850174E0,-6.929684448E1,-5.634338379E0,6.966644198E1
2.658146192E1,-4.331592560E0,-6.928770447E1,-5.715942383E0,6.965788313E1
2.659150592E1,-4.295516968E0,-6.932717896E1,-5.325561523E0,6.966398505E1
2.660154992E1,-4.278995514E0,-6.931012726E1,-5.620422363E0,6.966916600E1
2.661159392E1,-4.329769135E0,-6.943724060E1,-5.517883301E0,6.979057472E1
2.662163792E1,-4.218105316E0,-6.932733154E1,-5.849853516E0,6.970144975E1
2.663168192E1,-4.500270844E0,-6.935142517E1,-5.834838867E0,6.974179490E1
2.664172592E1,-4.495704651E0,-6.932380676E1,-5.514892578E0,6.968798738E1
2.665176992E1,-4.408145905E0,-6.937074280E1,-5.798950195E0,6.975212921E1
2.666181392E1,-4.549074173E0,-6.945416260E1,-5.575317383E0,6.982591884E1
2.667185792E1,-4.553466797E0,-6.936473083E1,-5.821044922E0,6.975732584E1
2.668190192E1,-4.655078888E0,-6.940428162E1,-5.827575684E0,6.980390179E1
2.669194592E1,-4.556476593E0,-6.930599213E1,-5.607604980E0,6.968161348E1
2.670198992E1,-4.390197754E0,-6.923571014E1,-5.929260254E0,6.962767785E1
2.671203392E1,-4.463624954E0,-6.934439087E1,-5.630554199E0,6.971564841E1
2.672207792E1,-4.470003128E0,-6.937834167E1,-5.387023926E0,6.973059048E1
2.673212192E1,-4.350887299E0,-6.933125305E1,-5.741394043E0,6.970449394E1
2.674216592E1,-4.380119324E0,-6.920772552E1,-5.460083008E0,6.956081673E1
2.675220992E1,-4.254390717E0,-6.923839569E1,-5.516235352E0,6.958795967E1
2.676225392E1,-4.284656525E0,-6.915258026E1,-5.899353027E0,6.953589005E1
2.677229792E1,-4.409526825E0,-6.913924408E1,-5.828369141E0,6.952444811E1
2.678234192E1,-4.443462372E0,-6.918405914E1,-5.848266602E0,6.957284398E1
2.679238592E1,-4.391750336E0,-6.930200958E1,-5.380554199E0,6.964916630E1
2.680242992E1,-4.334720612E0,-6.932559204E1,-5.636535645E0,6.968929651E1
2.681247392E1,-4.335529327E0,-6.934386444E1,-5.674499512E0,6.971060389E1
2.682251792E1,-4.242561340E0,-6.940373230E1,-5.522644043E0,6.975225431E1
2.683256192E1,-4.310863495E0,-6.938610077E1,-5.658203125E0,6.974976549E1
2.684260592E1,-4.422662735E0,-6.943871307E1,-5.147155762E0,6.976953512E1
2.685264992E1,-4.349643707E0,-6.939762115E1,-5.314758301E0,6.973661791E1
2.686269392E1,-4.423295975E0,-6.930815125E1,-5.626525879E0,6.967670464E1
2.687273792E1,-4.370792389E0,-6.941983032E1,-5.451171875E0,6.977056645E1
2.688278192E1,-4.425844193E0,-6.932765198E1,-5.491882324E0,6.968552358E1
2.689282592E1,-4.425844193E0,-6.932765198E1,-5.491882324E0,6.968552358E1
2.690286992E1,-4.369926453E0,-6.929804993E1,-5.854187012E0,6.968204565E1
2.691291392E1,-4.380210876E0,-6.952159882E1,-5.277526855E0,6.985908129E1
2.692295792E1,-4.575519562E0,-6.942354584E1,-5.472473145E0,6.978905400E1
2.693300192E1,-4.375682831E0,-6.939698029E1,-5.267578125E0,6.973402937E1
2.694304592E1,-4.361522675E0,-6.935192871E1,-5.385192871E0,6.969729692E1
2.695308992E1,-4.360950470E0,-6.924133301E1,-5.280273438E0,6.957917342E1
2.696313392E1,-4.318042755E0,-6.935399628E1,-5.007141113E0,6.966845595E1
2.697317792E1,-4.391468048E0,-6.929575348E1,-5.517883301E0,6.965366809E1
2.698322192E1,-4.288990021E0,-6.938131714E1,-5.175903320E0,6.970618752E1
2.699326592E1,-4.330188751E0,-6.934838867E1,-5.056335449E0,6.966718075E1
2.700330992E1,-4.365940094E0,-6.936385345E1,-5.540283203E0,6.972159161E1
2.701335392E1,-4.293590546E0,-6.945825958E1,-5.377502441E0,6.979829709E1
2.702339792E1,-4.256767273E0,-6.923129272E1,-5.622131348E0,6.958951301E1
2.703344192E1,-4.271450043E0,-6.927868652E1,-5.494018555E0,6.962733610E1
2.704348592E1,-4.307929993E0,-6.936416626E1,-5.236999512E0,6.969484906E1
2.705352992E1,-4.330112457E0,-6.925419617E1,-5.480224609E0,6.960550569E1
2.706357392E1,-4.222396851E0,-6.937973022E1,-5.383483887E0,6.971626424E1
2.707361792E1,-4.283489227E0,-6.936325836E1,-5.482055664E0,6.971128190E1
2.708366192E1,-4.353305817E0,-6.938614655E1,-5.606994629E0,6.974831176E1
2.709370592E1,-4.331802368E0,-6.940866852E1,-5.256347656E0,6.974207459E1
2.710374992E1,-4.179126740E0,-6.935958862E1,-5.427490234E0,6.969702493E1
2.711379392E1,-4.098232269E0,-6.948509216E1,-5.294677734E0,6.980692769E1
2.712383792E1,-4.140113831E0,-6.948228455E1,-5.245727539E0,6.980290872E1
2.713388192E1,-4.232070923E0,-6.939220428E1,-5.561889648E0,6.974326531E1
2.714392592E1,-4.325847626E0,-6.941172791E1,-5.409667969E0,6.975647236E1
2.715396992E1,-4.189109802E0,-6.945772552E1,-5.668029785E0,6.981440280E1
2.716401392E1,-4.070907593E0,-6.938312531E1,-5.843627930E0,6.974767633E1
2.717405792E1,-4.160968781E0,-6.932667542E1,-5.410217285E0,6.966184060E1
2.718410192E1,-4.100067139E0,-6.922018433E1,-5.816223145E0,6.958500500E1
2.719414592E1,-4.122482300E0,-6.924729919E1,-5.339477539E0,6.957509128E1
2.720418992E1,-4.021850586E0,-6.927592468E1,-5.619995117E0,6.961977713E1
2.721423392E1,-4.198451996E0,-6.920693207E1,-5.614746094E0,6.956113728E1
2.722427792E1,-4.217494965E0,-6.921874237E1,-5.261169434E0,6.954639792E1
2.723432192E1,-4.200557709E0,-6.929539490E1,-5.490478516E0,6.963936956E1
2.724436592E1,-4.193981171E0,-6.934177399E1,-5.340942383E0,6.967350116E1
2.725441346E1,-4.398387909E0,-6.931750488E1,-5.184143066E0,6.965010868E1
2.726445746E1,-4.285751343E0,-6.934326172E1,-5.606018066E0,6.970138484E1