"Time (s)","Magnetic Field x (µT)","Magnetic Field y (µT)","Magnetic Field z (µT)","Absolute field (µT)"
2.449079137E-2,2.152655411E1,-1.925709534E1,-3.250207520E1,4.348118150E1
3.453479148E-2,2.171894836E1,-1.889692688E1,-3.288336182E1,4.370494306E1
4.457979137E-2,2.178377533E1,-1.850919342E1,-3.300671387E1,4.366424474E1
5.462379148E-2,2.214660263E1,-1.755018616E1,-3.337518311E1,4.373081167E1
6.466779159E-2,2.214660263E1,-1.755018616E1,-3.337518311E1,4.373081167E1
7.471279148E-2,2.237019157E1,-1.695474625E1,-3.338732910E1,4.361883350E1
8.475679159E-2,2.261657906E1,-1.607415771E1,-3.384313965E1,4.376352700E1
9.480079170E-2,2.275308418E1,-1.519729233E1,-3.382611084E1,4.350708343E1
1.048457916E-1,2.264625359E1,-1.453959656E1,-3.435888672E1,4.364385141E1
1.148897917E-1,2.250702858E1,-1.412255096E1,-3.477508545E1,4.376436163E1
1.249337913E-1,2.241595650E1,-1.379637527E1,-3.461425781E1,4.348519197E1
1.349777915E-1,2.216722679E1,-1.339875412E1,-3.536126709E1,4.383299859E1
1.450227913E-1,2.202066994E1,-1.297962189E1,-3.533831787E1,4.361395647E1
1.550667915E-1,2.161934090E1,-1.247235489E1,-3.544494629E1,4.335089105E1
1.651107916E-1,2.140323830E1,-1.174338913E1,-3.615106201E1,4.362230029E1
1.751557915E-1,2.127678108E1,-1.109230042E1,-3.618981934E1,4.342169464E1
1.851997916E-1,2.110928154E1,-1.040624619E1,-3.659619141E1,4.351060735E1
1.952437917E-1,2.126452446E1,-9.704093933E0,-3.668255615E1,4.349665924E1
2.052887916E-1,2.135253716E1,-9.202655792E0,-3.670269775E1,4.344775873E1
2.153327917E-1,2.109967613E1,-8.762069702E0,-3.707739258E1,4.355115657E1
2.253767913E-1,2.100593376E1,-8.634483337E0,-3.700482178E1,4.341843376E1
2.354217917E-1,2.067625999E1,-8.245018005E0,-3.753741455E1,4.364109921E1
2.454657913E-1,2.056493187E1,-8.095901489E0,-3.771435547E1,4.371307187E1
2.555097914E-1,2.023125648E1,-7.801559448E0,-3.773730469E1,4.352323786E1
2.655547913E-1,1.977803993E1,-7.434509277E0,-3.811907959E1,4.358333421E1
2.755987914E-1,1.939323235E1,-7.249038696E0,-3.807769775E1,4.334232445E1
2.856427915E-1,1.912416840E1,-6.786422729E0,-3.814770508E1,4.320922069E1
2.956867917E-1,1.926166534E1,-6.491592407E0,-3.862634277E1,4.364798827E1
3.057317915E-1,1.929507828E1,-6.271293640E0,-3.815637207E1,4.321501937E1
3.157757916E-1,1.925324631E1,-6.089309692E0,-3.841027832E1,4.339489217E1
3.258197913E-1,1.941845894E1,-6.113571167E0,-3.845263672E1,4.350928143E1
3.358647916E-1,1.940756798E1,-6.091636658E0,-3.801391602E1,4.311402954E1
3.459087913E-1,1.928589821E1,-6.011405945E0,-3.853778076E1,4.351141709E1
3.559527914E-1,1.878993797E1,-6.084136963E0,-3.834967041E1,4.313670957E1
3.659977913E-1,1.853912735E1,-6.257110596E0,-3.868389893E1,4.335083289E1
3.760417914E-1,1.817206192E1,-6.291542053E0,-3.890417480E1,4.339749017E1
3.860857915E-1,1.784836578E1,-6.419731140E0,-3.868975830E1,4.308914604E1
3.961297916E-1,1.739812088E1,-6.642601013E0,-3.891705322E1,4.314343276E1
4.061747915E-1,1.750439835E1,-6.764274597E0,-3.869354248E1,4.300406495E1
4.162187916E-1,1.736092758E1,-6.789825439E0,-3.867211914E1,4.293059905E1
4.262627913E-1,1.724067307E1,-6.955558777E0,-3.915332031E1,4.334285520E1
4.363077916E-1,1.713530731E1,-7.199386597E0,-3.854577637E1,4.279283585E1
4.463517913E-1,1.687297058E1,-7.785278320E0,-3.874426270E1,4.297005453E1
4.563957914E-1,1.667787170E1,-8.082580566E0,-3.898687744E1,4.316776721E1
4.664407913E-1,1.648052597E1,-8.479743958E0,-3.848687744E1,4.271713390E1
4.764847914E-1,1.636482239E1,-8.818977356E0,-3.886065674E1,4.307821277E1
4.865287915E-1,1.599701309E1,-9.100952148E0,-3.853887939E1,4.270804354E1
4.965737914E-1,1.559119797E1,-9.457221985E0,-3.875616455E1,4.283181986E1
5.066177915E-1,1.525584030E1,-9.991233826E0,-3.910729980E1,4.315027595E1
5.166617916E-1,1.478876877E1,-1.020596313E1,-3.865142822E1,4.262396355E1
5.267067915E-1,1.446733284E1,-1.047169113E1,-3.908782959E1,4.297462573E1
5.367507916E-1,1.420380211E1,-1.065539932E1,-3.867291260E1,4.255443218E1
5.467947917E-1,1.384938240E1,-1.081670380E1,-3.854663086E1,4.236330044E1
5.568387914E-1,1.384938240E1,-1.081670380E1,-3.854663086E1,4.236330044E1
5.668837917E-1,1.395167542E1,-1.072339249E1,-3.908502197E1,4.286349654E1
5.769277913E-1,1.390013885E1,-1.079851532E1,-3.896588135E1,4.275700764E1
5.869717915E-1,1.374295044E1,-1.081429291E1,-3.911810303E1,4.284907936E1
5.970167913E-1,1.342790222E1,-1.081752777E1,-3.916235352E1,4.279038908E1
6.070607915E-1,1.320346832E1,-1.079903030E1,-3.888702393E1,4.246352860E1
6.171047916E-1,1.293967438E1,-1.061981964E1,-3.908013916E1,4.251438602E1
6.271497915E-1,1.258653259E1,-1.071159363E1,-3.917211914E1,4.251604355E1
6.371937916E-1,1.247610855E1,-1.060510254E1,-3.950531006E1,4.276436609E1
6.472377917E-1,1.211743164E1,-1.045915985E1,-3.944403076E1,4.256827148E1
6.572827916E-1,1.222477150E1,-1.037571716E1,-3.910479736E1,4.226447352E1
6.673267917E-1,1.200463486E1,-1.023180771E1,-3.950573730E1,4.253827015E1
6.773707913E-1,1.168298912E1,-1.023328018E1,-3.958068848E1,4.251873891E1
6.874147914E-1,1.100567627E1,-1.020785522E1,-3.922814941E1,4.200205858E1
6.974597913E-1,1.050162125E1,-9.950424194E0,-3.988732910E1,4.242987171E1
7.075037914E-1,9.947656631E0,-1.001675034E1,-3.974621582E1,4.217881971E1
7.175477915E-1,9.463987350E0,-9.837074280E0,-3.999151611E1,4.225702839E1
7.275927914E-1,9.246118546E0,-9.671123505E0,-3.998681641E1,4.216594389E1
7.376367915E-1,9.200004578E0,-9.557117462E0,-3.985876465E1,4.200832891E1
7.476807917E-1,8.997209549E0,-9.289688110E0,-4.010101318E1,4.213477594E1
7.577257915E-1,9.024505615E0,-9.184104919E0,-4.006280518E1,4.208108653E1
7.677697917E-1,8.979965210E0,-8.965072632E0,-4.014849854E1,4.210598814E1
7.778137913E-1,8.580041885E0,-8.812675476E0,-4.020788574E1,4.204705036E1
7.878587916E-1,8.485916138E0,-8.556152344E0,-4.029083252E1,4.205436601E1
7.979027913E-1,8.223920822E0,-8.264076233E0,-4.034906006E1,4.199969616E1
8.079467914E-1,7.811044693E0,-8.084213257E0,-4.012469482E1,4.166962992E1
8.179907915E-1,7.795688629E0,-7.862220764E0,-4.011920166E1,4.161895744E1
8.280357914E-1,7.728004456E0,-7.608230591E0,-4.070074463E1,4.212075307E1
8.380797915E-1,7.877035141E0,-7.434867859E0,-4.046008301E1,4.188488104E1
8.481237916E-1,7.837629318E0,-7.143974304E0,-4.082434082E1,4.217927934E1
8.581687915E-1,7.747503281E0,-6.896751404E0,-4.114190674E1,4.242929975E1
8.682127916E-1,7.962451935E0,-6.713676453E0,-4.070111084E1,4.201255189E1
8.782567913E-1,7.832750320E0,-6.680389404E0,-4.095623779E1,4.223023791E1
8.883017916E-1,7.791454315E0,-6.641296387E0,-4.065228271E1,4.192161338E1
8.983461247E-1,7.637334824E0,-6.512168884E0,-4.115875244E1,4.236484544E1
9.083901248E-1,7.547842026E0,-6.256568909E0,-4.129949951E1,4.244718169E1
9.184341249E-1,7.752098083E0,-6.176765442E0,-4.110754395E1,4.228566690E1
9.284791248E-1,7.560943604E0,-5.917961121E0,-4.133453369E1,4.243505399E1
9.385231249E-1,7.802038193E0,-5.616142273E0,-4.110198975E1,4.221121196E1
9.485671250E-1,8.081405640E0,-5.625411987E0,-4.076086426E1,4.193330934E1
9.586121249E-1,8.054496765E0,-5.434463501E0,-4.131958008E1,4.244662542E1
9.686561250E-1,8.081409454E0,-5.350929260E0,-4.120709229E1,4.233162030E1
9.787001247E-1,8.156627655E0,-5.287269592E0,-4.140612793E1,4.253179075E1
9.887451250E-1,8.104974747E0,-5.345832825E0,-4.127703857E1,4.240356657E1
9.987891247E-1,8.214302063E0,-5.460563660E0,-4.079687500E1,4.197234237E1
1.008833125E0,8.193489075E0,-5.394889832E0,-4.106555176E1,4.222105684E1
1.018878125E0,8.094867706E0,-5.410758972E0,-4.127502441E1,4.240791007E1
1.028922125E0,8.218530655E0,-5.355346680E0,-4.143273926E1,4.257811488E1
1.038966125E0,8.269292831E0,-5.396789551E0,-4.158898926E1,4.274518182E1
1.049010125E0,8.269292831E0,-5.396789551E0,-4.158898926E1,4.274518182E1
1.059055125E0,8.564029694E0,-5.566764832E0,-4.133972168E1,4.258290812E1
1.069099125E0,8.696439743E0,-5.445808411E0,-4.139611816E1,4.264883929E1
1.079143125E0,8.807435989E0,-5.401664734E0,-4.114733887E1,4.242466743E1
1.089188125E0,8.839704514E0,-5.255554199E0,-4.095147705E1,4.222303516E1
1.099232125E0,8.976560593E0,-5.242446899E0,-4.137915039E1,4.266492677E1
1.109276125E0,9.330699921E0,-5.203086853E0,-4.102777100E1,4.239589681E1
1.119321125E0,9.183458328E0,-5.173240662E0,-4.128674316E1,4.261095501E1
1.129365125E0,9.405479431E0,-5.228767395E0,-4.137823486E1,4.275466492E1
1.139409125E0,9.447185516E0,-5.234680176E0,-4.103527832E1,4.243283231E1
1.149453125E0,9.388189316E0,-5.301925659E0,-4.125750732E1,4.264305834E1
1.159498125E0,9.318838120E0,-5.290138245E0,-4.086975098E1,4.225118757E1
1.169542125E0,9.442447662E0,-5.460594177E0,-4.113952637E1,4.256099783E1
1.179586125E0,9.508476257E0,-5.449668884E0,-4.125628662E1,4.268713152E1
1.189631125E0,9.649866104E0,-5.530479431E0,-4.093145752E1,4.241568499E1
1.199675125E0,9.622789383E0,-5.479675293E0,-4.113366699E1,4.259816284E1
1.209719125E0,9.852691650E0,-5.551200867E0,-4.104797363E1,4.257731207E1
1.219764125E0,1.008541107E1,-5.568489075E0,-4.096813965E1,4.255716219E1
1.229808125E0,1.016231155E1,-5.499916077E0,-4.123663330E1,4.282501114E1
1.239852125E0,1.028120422E1,-5.475257874E0,-4.094714355E1,4.257170627E1
1.249897125E0,1.050315857E1,-5.513137817E0,-4.114898682E1,4.282464413E1
1.259941125E0,1.052551270E1,-5.593345642E0,-4.086907959E1,4.257174649E1
1.269985125E0,1.068800735E1,-5.614883423E0,-4.060736084E1,4.236411419E1
1.280029125E0,1.089276505E1,-5.660614014E0,-4.118688965E1,4.297737498E1
1.290074125E0,1.092435265E1,-5.845718384E0,-4.048937988E1,4.234269462E1
1.300118125E0,1.105852699E1,-5.836456299E0,-4.072949219E1,4.260571294E1
1.310162125E0,1.121256447E1,-5.812576294E0,-4.092901611E1,4.283330486E1
1.320207125E0,1.127253914E1,-5.868995667E0,-4.051934814E1,4.246566640E1
1.330251125E0,1.172082138E1,-5.838233948E0,-4.072436523E1,4.277775769E1
1.340295125E0,1.174975204E1,-5.788375854E0,-4.052795410E1,4.259198319E1
1.350340125E0,1.187953568E1,-5.840087891E0,-4.048895264E1,4.259794925E1
1.360384125E0,1.203372192E1,-5.717796326E0,-4.056665039E1,4.269844004E1
1.370428125E0,1.202177048E1,-5.727256775E0,-4.040686035E1,4.254455076E1
1.380473125E0,1.204274368E1,-5.632751465E0,-4.069085693E1,4.280772597E1
1.390517125E0,1.205926895E1,-5.597984314E0,-4.035974121E1,4.249320071E1
1.400561125E0,1.201393318E1,-5.650711060E0,-4.024536133E1,4.237870024E1
1.410605125E0,1.213205528E1,-5.694198608E0,-4.077587891E1,4.292182386E1
1.420650125E0,1.202341652E1,-5.669815063E0,-4.040100098E1,4.253175552E1
1.430694125E0,1.217655182E1,-5.791046143E0,-4.043395996E1,4.262287822E1
1.440738125E0,1.218358803E1,-5.789199829E0,-4.067742920E1,4.285566355E1
1.450783125E0,1.211480713E1,-6.033721924E0,-4.024621582E1,4.246094959E1
1.460827125E0,1.213545799E1,-6.158493042E0,-4.049420166E1,4.271974655E1
1.470871125E0,1.232281494E1,-6.213684082E0,-4.017199707E1,4.247647568E1
1.480916125E0,1.253969193E1,-6.287879944E0,-4.010345459E1,4.248609629E1
1.490960125E0,1.264471054E1,-6.303451538E0,-4.028033447E1,4.268638602E1
1.501004125E0,1.265693855E1,-6.475105286E0,-3.997735596E1,4.243010808E1
1.511048125E0,1.275019455E1,-6.448913574E0,-4.029656982E1,4.275475982E1
1.521093125E0,1.289815140E1,-6.607383728E0,-4.043701172E1,4.295546235E1
1.531137125E0,1.289815140E1,-6.607383728E0,-4.043701172E1,4.295546235E1
1.541181125E0,1.274349022E1,-6.641647339E0,-3.999090576E1,4.249447689E1
1.551226125E0,1.261109734E1,-6.803108215E0,-4.024896240E1,4.272354189E1
1.561270125E0,1.248785782E1,-7.158157349E0,-3.985247803E1,4.237222928E1
1.571314125E0,1.237024689E1,-7.400588989E0,-4.020941162E1,4.271520231E1
1.581359125E0,1.234645462E1,-7.511634827E0,-4.054223633E1,4.304105628E1
1.591403125E0,1.225537872E1,-7.642677307E0,-4.021746826E1,4.273230134E1
1.601447125E0,1.216072273E1,-7.747421265E0,-4.041253662E1,4.290779451E1
1.611492125E0,1.219307899E1,-7.820533752E0,-3.974060059E1,4.229831271E1
1.621536125E0,1.233796310E1,-7.964904785E0,-3.974554443E1,4.237184613E1
1.631580125E0,1.248216820E1,-7.894866943E0,-4.009069824E1,4.272467124E1
1.641624125E0,1.273800468E1,-7.922897339E0,-4.003277588E1,4.275104923E1
1.651669125E0,1.266101837E1,-7.883323669E0,-4.003363037E1,4.272165422E1
1.661713125E0,1.283937073E1,-7.904678345E0,-3.982720947E1,4.258567828E1
1.671757125E0,1.268329620E1,-7.929756165E0,-3.968194580E1,4.240759198E1
1.681802125E0,1.269694901E1,-7.936614990E0,-3.995886230E1,4.267215776E1
1.691846125E0,1.298435593E1,-8.048004150E0,-3.989758301E1,4.272213711E1
1.701890125E0,1.282239532E1,-7.950279236E0,-4.013836670E1,4.288017308E1
1.711935125E0,1.271433830E1,-8.050491333E0,-4.039764404E1,4.310956336E1
1.721979125E0,1.252871895E1,-8.062751770E0,-3.987316895E1,4.256578868E1
1.732023125E0,1.279686356E1,-8.087219238E0,-4.012695312E1,4.288747135E1
1.742067125E0,1.271091461E1,-8.101249695E0,-4.005737305E1,4.279942444E1
1.752112125E0,1.276701164E1,-8.162551880E0,-3.986749268E1,4.265021467E1
1.762156125E0,1.285531616E1,-8.086524963E0,-4.025012207E1,4.302003448E1
1.772200125E0,1.286084366E1,-8.065803528E0,-4.001934814E1,4.280194753E1
1.782245125E0,1.293980026E1,-8.020484924E0,-4.024365234E1,4.302694694E1
1.792289125E0,1.309770966E1,-8.102020264E0,-4.031427002E1,4.315591614E1
1.802333125E0,1.313219833E1,-8.220336914E0,-4.001623535E1,4.291069405E1
1.812378125E0,1.318688965E1,-8.252136230E0,-4.033715820E1,4.323283640E1
1.822422125E0,1.313224411E1,-8.238990784E0,-3.998297119E1,4.288326935E1
1.832466125E0,1.311766434E1,-8.220397949E0,-4.023083496E1,4.310647448E1
1.842510125E0,1.318303680E1,-8.219482422E0,-4.041265869E1,4.329590435E1
1.852555125E0,1.314788055E1,-8.271408081E0,-4.029284668E1,4.318328899E1
1.862599125E0,1.313719940E1,-8.254219055E0,-4.042321777E1,4.329843733E1
1.872643125E0,1.304446411E1,-8.274192810E0,-4.006597900E1,4.294069147E1
1.882688125E0,1.294743347E1,-8.298042297E0,-3.991613770E1,4.277606326E1
1.892732000E0,1.297026825E1,-8.245811462E0,-4.033544922E1,4.316444983E1
1.902776000E0,1.287115479E1,-8.296630859E0,-4.026251221E1,4.307633455E1
1.912821000E0,1.280072403E1,-8.287582397E0,-4.068054199E1,4.344478167E1
1.922865000E0,1.242643356E1,-8.201499939E0,-4.015679932E1,4.282813776E1
1.932909000E0,1.255807304E1,-8.210838318E0,-4.007427979E1,4.279101500E1
1.942954000E0,1.246521187E1,-8.202865601E0,-4.060839844E1,4.326327004E1
1.952998000E0,1.244878197E1,-8.239860535E0,-4.026190186E1,4.294051950E1
1.963042000E0,1.230529785E1,-8.240257263E0,-4.075891113E1,4.336601240E1
1.973086000E0,1.213713646E1,-8.315429688E0,-4.054620361E1,4.313294657E1
1.983131000E0,1.215046120E1,-8.357719421E0,-4.024328613E1,4.286032268E1
1.993175000E0,1.191497421E1,-8.276214600E0,-4.059429932E1,4.310869374E1
2.003219000E0,1.190461540E1,-8.346221924E0,-4.044439697E1,4.297823327E1
2.013264000E0,1.181738281E1,-8.219764709E0,-4.056207275E1,4.304064143E1
2.023308000E0,1.181738281E1,-8.219764709E0,-4.056207275E1,4.304064143E1
2.033352000E0,1.166489410E1,-8.233062744E0,-4.084240723E1,4.326609879E1
2.043397000E0,1.151151466E1,-8.194282532E0,-4.039477539E1,4.279484916E1
2.053441000E0,1.136402893E1,-8.073944092E0,-4.073315430E1,4.305252125E1
2.063485000E0,1.103500557E1,-8.054573059E0,-4.065081787E1,4.288515464E1
2.073529000E0,1.095368767E1,-8.060966492E0,-4.043566895E1,4.266152573E1
2.083574000E0,1.083417511E1,-8.150016785E0,-4.114178467E1,4.331799360E1
2.093618000E0,1.064782715E1,-8.173614502E0,-4.097021484E1,4.311313838E1
2.103662000E0,1.048731232E1,-8.320808411E0,-4.099072266E1,4.312144381E1
2.113707000E0,1.014827156E1,-8.458702087E0,-4.104248047E1,4.311638041E1
2.123751000E0,9.879959106E0,-8.408653259E0,-4.092083740E1,4.292824216E1
2.133795000E0,9.680801392E0,-8.345878601E0,-4.119927979E1,4.313643773E1
2.143840000E0,9.344718933E0,-8.478324890E0,-4.096887207E1,4.286786959E1
2.153884000E0,9.192703247E0,-8.410995483E0,-4.113616943E1,4.298179933E1
2.163928000E0,9.147624969E0,-8.312690735E0,-4.132220459E1,4.313124693E1
2.173972000E0,8.956460953E0,-8.230392456E0,-4.067498779E1,4.245482522E1
2.184017000E0,8.911813736E0,-8.173896790E0,-4.116510010E1,4.290452749E1
2.194061000E0,8.609182358E0,-8.206314087E0,-4.100732422E1,4.269733307E1
2.204105000E0,8.392162323E0,-8.178527832E0,-4.077496338E1,4.242539740E1
2.214150000E0,8.287332535E0,-8.139701843E0,-4.152783203E1,4.312186754E1
2.224194000E0,8.071477890E0,-8.268959045E0,-4.130255127E1,4.288852038E1
2.234238000E0,7.748209000E0,-8.261489868E0,-4.144836426E1,4.296805624E1
2.244283000E0,7.699567795E0,-8.245468140E0,-4.157836914E1,4.308168833E1
2.254327000E0,7.471466064E0,-8.181365967E0,-4.113604736E1,4.260201811E1
2.264371000E0,7.151832581E0,-8.208129883E0,-4.158270264E1,4.298422111E1
2.274415000E0,6.902456284E0,-8.231460571E0,-4.120574951E1,4.258303229E1
2.284460000E0,6.769367218E0,-8.096855164E0,-4.125958252E1,4.258798593E1
2.294504000E0,6.598455429E0,-8.062377930E0,-4.168890381E1,4.297099315E1
2.304548000E0,6.486030579E0,-8.119422913E0,-4.132641602E1,4.261298255E1
2.314593000E0,6.108411789E0,-8.023559570E0,-4.158465576E1,4.278987962E1
2.324637000E0,5.908800125E0,-8.033592224E0,-4.129229736E1,4.247948145E1
2.334681000E0,5.621181488E0,-7.901473999E0,-4.127697754E1,4.240070574E1
2.344726000E0,5.502012253E0,-7.940040588E0,-4.158148193E1,4.268882785E1
2.354770000E0,5.346477509E0,-7.874183655E0,-4.144195557E1,4.252085690E1
2.364814000E0,5.041200638E0,-7.760406494E0,-4.149603271E1,4.251538949E1
2.374858000E0,4.868505478E0,-7.850799561E0,-4.177868652E1,4.278780255E1
2.384903000E0,4.690120697E0,-7.761459351E0,-4.117785645E1,4.216459824E1
2.394947000E0,4.108797073E0,-7.855323792E0,-4.145965576E1,4.239683221E1
2.404991000E0,3.849637985E0,-7.777252197E0,-4.130169678E1,4.220350129E1
2.415036000E0,3.649023056E0,-7.768142700E0,-4.151684570E1,4.239466815E1
2.425080000E0,3.353313446E0,-7.727813721E0,-4.174029541E1,4.258187498E1
2.435124000E0,3.310443878E0,-7.560783386E0,-4.162854004E1,4.243889525E1
2.445169000E0,3.263093948E0,-7.528533936E0,-4.184515381E1,4.264203915E1
2.455213000E0,3.010446548E0,-7.536994934E0,-4.179534912E1,4.257605300E1
2.465257000E0,2.746639252E0,-7.384132385E0,-4.167309570E1,4.241127614E1
2.475301000E0,2.487188339E0,-7.330642700E0,-4.198211670E1,4.268984131E1
2.485346000E0,2.255516052E0,-7.248878479E0,-4.160900879E1,4.229590056E1
2.495390000E0,1.921701431E0,-7.168930054E0,-4.190063477E1,4.255290458E1
2.505434000E0,1.736932755E0,-7.064041138E0,-4.195489502E1,4.258087398E1
2.515479000E0,1.759132385E0,-7.049102783E0,-4.196307373E1,4.258736848E1
2.525523000E0,1.419946671E0,-7.074737549E0,-4.158868408E1,4.221003203E1
2.535567000E0,1.312135696E0,-7.091697693E0,-4.181628418E1,4.243365997E1
2.545612000E0,9.875259399E-1,-7.145851135E0,-4.151647949E1,4.213853896E1
2.555656000E0,5.710906982E-1,-7.029945374E0,-4.164123535E1,4.223433151E1
2.565700000E0,3.737354279E-1,-6.890502930E0,-4.188293457E1,4.244760202E1
2.575744000E0,1.083164215E-1,-6.910278320E0,-4.141809082E1,4.199073619E1
2.585789000E0,3.848457336E-2,-7.005218506E0,-4.180816650E1,4.239100558E1
2.595833000E0,-4.225368500E-1,-6.889495850E0,-4.143682861E1,4.200779042E1
2.605877000E0,-4.418029785E-1,-6.911697388E0,-4.121374512E1,4.179162042E1
2.615922000E0,-6.831054688E-1,-6.862670898E0,-4.184844971E1,4.241291817E1
2.625966000E0,-9.364032745E-1,-6.939247131E0,-4.148797607E1,4.207472116E1
2.636010000E0,-1.045085907E0,-7.024017334E0,-4.180541992E1,4.240427053E1
2.646055000E0,-1.136184692E0,-6.883087158E0,-4.204333496E1,4.261818648E1
2.656099000E0,-1.484067917E0,-6.896659851E0,-4.145477295E1,4.205073810E1
2.666143000E0,-1.756795883E0,-6.767097473E0,-4.176977539E1,4.235084505E1
2.676187000E0,-1.862819672E0,-6.748168945E0,-4.139721680E1,4.198496683E1
2.686232000E0,-2.083881378E0,-6.707077026E0,-4.150909424E1,4.209907776E1
2.696276000E0,-2.151660919E0,-6.727096558E0,-4.181378174E1,4.240608230E1
2.706320000E0,-2.381784439E0,-6.709175110E0,-4.155255127E1,4.215804128E1
2.716365000E0,-2.647806168E0,-6.776519775E0,-4.173577881E1,4.236516648E1
2.726409000E0,-2.606273651E0,-6.807388306E0,-4.137030029E1,4.200755818E1
2.736453000E0,-2.693550110E0,-6.900878906E0,-4.134808350E1,4.200644416E1
2.746498000E0,-2.805456161E0,-6.761573792E0,-4.170672607E1,4.234430852E1
2.756542000E0,-3.131000519E0,-6.860954285E0,-4.136291504E1,4.204481655E1
2.766586000E0,-3.149806976E0,-6.800773621E0,-4.150781250E1,4.217902683E1
2.776630000E0,-3.024374008E0,-6.819976807E0,-4.168164062E1,4.234404429E1
2.786675000E0,-2.996850967E0,-6.838783264E0,-4.130627441E1,4.197568794E1
2.796719000E0,-2.987173080E0,-6.740188599E0,-4.172058105E1,4.236697097E1
2.806763000E0,-3.135429382E0,-6.815917969E0,-4.147833252E1,4.215139053E1
2.816808000E0,-2.962242126E0,-6.784942627E0,-4.164001465E1,4.229303896E1
2.826852000E0,-2.690549850E0,-6.738853455E0,-4.169757080E1,4.232420838E1
2.836896000E0,-2.827104568E0,-6.900161743E0,-4.142834473E1,4.209409102E1
2.846941000E0,-2.716464996E0,-6.906684875E0,-4.156433105E1,4.222173722E1
2.856985000E0,-2.679843903E0,-7.043701172E0,-4.125836182E1,4.194100272E1
2.867029000E0,-2.582071304E0,-7.227561951E0,-4.115289307E1,4.186245754E1
2.877073000E0,-2.485473633E0,-7.222930908E0,-4.162622070E1,4.232127786E1
2.887118000E0,-2.417493820E0,-7.276039124E0,-4.149713135E1,4.219948971E1
2.897162042E0,-2.237298965E0,-7.232383728E0,-4.188671875E1,4.256536255E1
2.907206041E0,-2.056921005E0,-7.208480835E0,-4.193218994E1,4.259696789E1
2.917251042E0,-1.953395844E0,-7.232666016E0,-4.164141846E1,4.230998634E1
2.927295041E0,-1.738309860E0,-7.110267639E0,-4.178613281E1,4.242238233E1
2.937339041E0,-1.626960754E0,-7.067001343E0,-4.157073975E1,4.219852974E1
2.947383041E0,-1.499940872E0,-6.958160400E0,-4.182946777E1,4.243076941E1
2.957428041E0,-1.533651352E0,-6.961029053E0,-4.203955078E1,4.263955724E1
2.967472041E0,-1.518445969E0,-7.125282288E0,-4.166711426E1,4.229921674E1
2.977516042E0,-1.444898605E0,-7.059432983E0,-4.186865234E1,4.248420148E1
2.987561041E0,-1.397222519E0,-7.108726501E0,-4.168060303E1,4.230554210E1
2.997605042E0,-1.397222519E0,-7.108726501E0,-4.168060303E1,4.230554210E1
3.007649042E0,-1.303087234E0,-7.333618164E0,-4.151818848E1,4.218103799E1
3.017694042E0,-1.023082733E0,-7.434837341E0,-4.192346191E1,4.258990683E1
3.027738042E0,-7.546539307E-1,-7.341606140E0,-4.181665039E1,4.246293599E1
3.037782041E0,-5.146579742E-1,-7.280250549E0,-4.221911621E1,4.284531123E1
3.047826041E0,-6.026592255E-1,-7.199623108E0,-4.230364990E1,4.291615740E1
3.057871041E0,-3.107147217E-1,-7.093856812E0,-4.171777344E1,4.231775004E1
3.067915041E0,-1.824550629E-1,-7.131423950E0,-4.201165771E1,4.261302479E1
3.077959042E0,1.762123108E-1,-7.079536438E0,-4.169787598E1,4.229496126E1
3.088004041E0,1.975936890E-1,-6.913772583E0,-4.180236816E1,4.237071251E1
3.098048042E0,2.761669159E-1,-6.964141846E0,-4.207739258E1,4.265070346E1
3.108092042E0,5.685482025E-1,-7.002655029E0,-4.169952393E1,4.228724063E1
3.118136041E0,7.874488831E-1,-6.908348083E0,-4.177178955E1,4.234651994E1
3.128181042E0,1.119600296E0,-6.931129456E0,-4.172399902E1,4.231059152E1
3.138225041E0,1.258918762E0,-6.828903198E0,-4.164367676E1,4.221865239E1
3.148269041E0,1.498746872E0,-6.739868164E0,-4.214648438E1,4.270829205E1
3.158314041E0,1.859945297E0,-6.712860107E0,-4.204699707E1,4.262008740E1
3.168358041E0,2.156341553E0,-6.604095459E0,-4.222711182E1,4.279477606E1
3.178402042E0,2.407533646E0,-6.651489258E0,-4.236877441E1,4.295522754E1
3.188447041E0,2.763484955E0,-6.618728638E0,-4.169897461E1,4.231133301E1
3.198491042E0,3.248106003E0,-6.616935730E0,-4.244274902E1,4.307807999E1
3.208535042E0,3.385667801E0,-6.579872131E0,-4.203942871E1,4.268572396E1
3.218579041E0,3.681829453E0,-6.381431580E0,-4.237536621E1,4.301104740E1
3.228624042E0,4.038631439E0,-6.169937134E0,-4.241339111E1,4.304967380E1
3.238668041E0,4.212917328E0,-5.879951477E0,-4.198480225E1,4.260335810E1
3.248712041E0,4.609245300E0,-5.732452393E0,-4.233160400E1,4.296592662E1
3.258757041E0,5.251195908E0,-5.620933533E0,-4.220184326E1,4.289715057E1
3.268801041E0,5.648797989E0,-5.351119995E0,-4.221087646E1,4.292203974E1
3.278845042E0,5.744550705E0,-4.892250061E0,-4.243859863E1,4.310416021E1
3.288889042E0,6.023101807E0,-4.547317505E0,-4.198376465E1,4.265667997E1
3.298934042E0,6.287296295E0,-4.094436646E0,-4.242657471E1,4.308490162E1
3.308978042E0,6.352844238E0,-3.739326477E0,-4.263781738E1,4.327036704E1
3.319022041E0,6.304193497E0,-3.231407166E0,-4.224566650E1,4.283551314E1
3.329067042E0,6.484611511E0,-2.571350098E0,-4.277917480E1,4.334420174E1
3.339111041E0,6.785474777E0,-1.931671143E0,-4.250573730E1,4.308725711E1
3.349155041E0,7.314842224E0,-1.271812439E0,-4.274285889E1,4.338290458E1
3.359200041E0,7.739223480E0,-4.418182373E-1,-4.291101074E1,4.360556875E1
3.369244041E0,7.839733124E0,3.836288452E-1,-4.273229980E1,4.344718671E1
3.379288041E0,7.995193481E0,1.094787598E0,-4.303875732E1,4.378876923E1
3.389332042E0,7.835466385E0,1.597579956E0,-4.261254883E1,4.335638491E1
3.399377041E0,7.482105255E0,2.001930237E0,-4.239416504E1,4.309587977E1
3.409421042E0,7.213933945E0,2.270629883E0,-4.291534424E1,4.357663794E1
3.419465041E0,7.391258240E0,2.044792175E0,-4.244775391E1,4.313494738E1
3.429510042E0,8.087026596E0,2.201339722E0,-4.278588867E1,4.359906152E1
3.439554041E0,8.422624588E0,2.748802185E0,-4.252331543E1,4.343649242E1
3.449598041E0,8.700023651E0,2.912216187E0,-4.188317871E1,4.287624136E1
3.459643041E0,9.273057938E0,3.151763916E0,-4.233312988E1,4.345131879E1
3.469687041E0,1.019754028E1,3.355278015E0,-4.184124756E1,4.319650120E1
3.479731041E0,1.089157867E1,3.710403442E0,-4.214587402E1,4.368830824E1
3.489775042E0,1.089157867E1,3.710403442E0,-4.214587402E1,4.368830824E1
3.499820041E0,1.147878456E1,3.655357361E0,-4.203942871E1,4.373142690E1
3.509864042E0,1.221297646E1,3.645240784E0,-4.164959717E1,4.355609623E1
3.519908042E0,1.283428764E1,3.679206848E0,-4.179486084E1,4.387557287E1
3.529953042E0,1.306131935E1,3.829238892E0,-4.159307861E1,4.376351588E1
3.539997042E0,1.357380867E1,3.808700562E0,-4.130633545E1,4.364593715E1
3.550041041E0,1.375713158E1,3.744354248E0,-4.146948242E1,4.385198776E1
3.560085041E0,1.421705818E1,3.620735168E0,-4.101239014E1,4.355744037E1
3.570130041E0,1.451750374E1,3.731300354E0,-4.122772217E1,4.386804751E1
3.580174041E0,1.465849686E1,3.575004578E0,-4.134362793E1,4.401076866E1
3.590218042E0,1.506732941E1,3.212203979E0,-4.075891113E1,4.357328891E1
3.600263041E0,1.534413528E1,3.097045898E0,-4.102612305E1,4.391101175E1
3.610307042E0,1.544428635E1,2.923721313E0,-4.060064697E1,4.353718711E1
3.620351042E0,1.573019409E1,2.908973694E0,-4.110552979E1,4.410856734E1
3.630395041E0,1.588584900E1,2.889747620E0,-4.117822266E1,4.423072304E1
3.640440042E0,1.589822388E1,2.837905884E0,-4.076330566E1,4.384580163E1
3.650484041E0,1.602752876E1,2.633666992E0,-4.084283447E1,4.395401015E1
3.660528041E0,1.617189980E1,2.346260071E0,-4.077752686E1,4.392996672E1
3.670573041E0,1.629874992E1,2.031257629E0,-4.056097412E1,4.376034596E1
3.680617041E0,1.643589592E1,1.751846313E0,-4.103894043E1,4.424253917E1
3.690661042E0,1.642457390E1,1.327400208E0,-4.052062988E1,4.374300018E1
3.700706041E0,1.645622063E1,1.092742920E0,-4.070355225E1,4.391788303E1
3.710750042E0,1.652313995E1,7.271499634E-1,-4.059887695E1,4.383847295E1
3.720794042E0,1.652560043E1,5.030746460E-1,-4.022161865E1,4.348709189E1
3.730838041E0,1.678016281E1,2.593002319E-1,-4.069421387E1,4.401886122E1
3.740883042E0,1.671609497E1,2.078781128E-1,-4.044128418E1,4.376035318E1
3.750927041E0,1.662377930E1,1.108322144E-1,-4.046063232E1,4.374271471E1
3.760971041E0,1.637337494E1,-1.579055786E-1,-4.061810303E1,4.379432194E1
3.771016041E0,1.630077362E1,-2.669754028E-1,-4.060400391E1,4.375467552E1
3.781060041E0,1.623126221E1,-4.847793579E-1,-4.082867432E1,4.393938473E1
3.791104042E0,1.615500069E1,-6.822204590E-1,-4.050946045E1,4.361726559E1
3.801148042E0,1.606842995E1,-8.832626343E-1,-4.055743408E1,4.363347400E1
3.811193042E0,1.587401390E1,-9.741516113E-1,-4.079125977E1,4.378196160E1
3.821237042E0,1.574442863E1,-8.558349609E-1,-4.050335693E1,4.346425439E1
3.831281041E0,1.551784515E1,-7.470550537E-1,-4.109454346E1,4.393316642E1
3.841326042E0,1.533477783E1,-7.223281860E-1,-4.127099609E1,4.403376304E1
3.851370041E0,1.534447098E1,-6.836395264E-1,-4.054241943E1,4.335444529E1
3.861414041E0,1.528562164E1,-7.465286255E-1,-4.109075928E1,4.384812461E1
3.871459041E0,1.532530594E1,-8.358917236E-1,-4.103527832E1,4.381161700E1
3.881503041E0,1.521481323E1,-7.138366699E-1,-4.105169678E1,4.378632107E1
3.891547041E0,1.537295151E1,-8.205490112E-1,-4.118164062E1,4.396508232E1
3.901590666E0,1.547412491E1,-9.437408447E-1,-4.094616699E1,4.378273381E1
3.911635667E0,1.558663368E1,-1.027702332E0,-4.104669189E1,4.391844985E1
3.921679666E0,1.553637123E1,-1.089347839E0,-4.064093018E1,4.352299065E1
3.931723666E0,1.547233391E1,-1.080978394E0,-4.081066895E1,4.365858828E1
3.941768666E0,1.550909996E1,-1.168861389E0,-4.106787109E1,4.391433086E1
3.951812666E0,1.543280602E1,-1.175781250E0,-4.067077637E1,4.351627297E1
3.961856666E0,1.525250435E1,-1.258399963E0,-4.081640625E1,4.359130049E1
3.971900667E0,1.523562813E1,-1.333686829E0,-4.071105957E1,4.348900386E1
3.981945666E0,1.523562813E1,-1.333686829E0,-4.071105957E1,4.348900386E1
3.991989667E0,1.524415398E1,-1.421257019E0,-4.024993896E1,4.306346234E1
4.002033667E0,1.522565269E1,-1.553146362E0,-4.096539307E1,4.373095234E1
4.012078667E0,1.524390221E1,-1.503257751E0,-4.075238037E1,4.353610966E1
4.022122667E0,1.530677605E1,-1.707313538E0,-4.109625244E1,4.388751847E1
4.032166666E0,1.512814903E1,-1.670623779E0,-4.136743164E1,4.407852399E1
4.042210666E0,1.507464790E1,-1.795989990E0,-4.078234863E1,4.351632509E1
4.052255666E0,1.521402168E1,-1.843116760E0,-4.113269043E1,4.389489443E1
4.062299666E0,1.509360695E1,-1.913177490E0,-4.092852783E1,4.366487844E1
4.072343667E0,1.503486443E1,-2.131752014E0,-4.062127686E1,4.336680353E1
4.082388666E0,1.505071831E1,-2.137481689E0,-4.107775879E1,4.380040202E1
4.092432667E0,1.476453590E1,-2.187278748E0,-4.065734863E1,4.331045724E1
4.102476667E0,1.477304649E1,-2.183952332E0,-4.120220947E1,4.382504553E1
4.112520666E0,1.476053429E1,-2.222190857E0,-4.120520020E1,4.382556363E1
4.122565667E0,1.479035378E1,-2.101547241E0,-4.084722900E1,4.349330044E1
4.132609666E0,1.483919716E1,-2.131202698E0,-4.141052246E1,4.404060817E1
4.142653666E0,1.478304672E1,-2.130249023E0,-4.117150879E1,4.379691276E1
4.152698666E0,1.447555542E1,-2.157928467E0,-4.136798096E1,4.388061313E1
4.162742666E0,1.455688858E1,-2.178153992E0,-4.149822998E1,4.403124404E1
4.172786667E0,1.443034363E1,-2.297958374E0,-4.116326904E1,4.367985975E1
4.182830667E0,1.443428040E1,-2.422142029E0,-4.127020264E1,4.378863835E1
4.192875667E0,1.465874481E1,-2.492668152E0,-4.083984375E1,4.346245542E1
4.202919667E0,1.466494751E1,-2.544441223E0,-4.066870117E1,4.330679071E1
4.212963666E0,1.476981354E1,-2.583114624E0,-4.133154297E1,4.396721867E1
4.223008667E0,1.465380096E1,-2.654258728E0,-4.094726562E1,4.357129255E1
4.233052666E0,1.472813034E1,-2.740898132E0,-4.136120605E1,4.399067756E1
4.243096666E0,1.470110893E1,-2.682975769E0,-4.116955566E1,4.379786840E1
4.253140667E0,1.483608055E1,-2.887535095E0,-4.055755615E1,4.328235791E1
4.263185666E0,1.484057045E1,-2.978416443E0,-4.102691650E1,4.373009689E1
4.273229667E0,1.487333107E1,-3.262382507E0,-4.048168945E1,4.325073754E1
4.283273667E0,1.487838554E1,-3.362861633E0,-4.066870117E1,4.343522130E1
4.293318667E0,1.506689262E1,-3.716186523E0,-4.085565186E1,4.370361065E1
4.303362667E0,1.504819679E1,-4.152893066E0,-4.032812500E1,4.324410264E1
4.313406666E0,1.489032173E1,-4.533660889E0,-4.053125000E1,4.341725451E1
4.323451667E0,1.500276375E1,-4.892951965E0,-4.036871338E1,4.334347608E1
4.333495666E0,1.506072426E1,-5.393714905E0,-4.026708984E1,4.332846755E1
4.343539666E0,1.496911049E1,-6.050064087E0,-4.062756348E1,4.371814793E1
4.353583666E0,1.481167030E1,-6.624504089E0,-4.050988770E1,4.363852235E1
4.363628666E0,1.478307152E1,-7.051391602E0,-4.057952881E1,4.376025006E1
4.373672666E0,1.498313332E1,-7.535362244E0,-4.045550537E1,4.379410786E1
4.383716667E0,1.492331505E1,-7.956687927E0,-3.992358398E1,4.335789170E1
4.393761666E0,1.520143700E1,-8.385345459E0,-4.017083740E1,4.376178564E1
4.403805667E0,1.534834862E1,-8.801818848E0,-3.952593994E1,4.330523927E1
4.413849666E0,1.542572594E1,-8.985626221E0,-3.967651367E1,4.350770318E1
4.423893666E0,1.547790718E1,-9.293212891E0,-3.988079834E1,4.377679171E1
4.433938667E0,1.533834267E1,-9.532485962E0,-3.956628418E1,4.349280272E1
4.443982666E0,1.521110725E1,-9.733947754E0,-3.973315430E1,4.364459959E1
4.454026666E0,1.503995323E1,-9.884712219E0,-3.969793701E1,4.358708446E1
4.464071666E0,1.503995323E1,-9.884712219E0,-3.969793701E1,4.358708446E1
4.474115666E0,1.503011131E1,-9.992855072E0,-3.962774658E1,4.354445657E1
4.484159667E0,1.504813957E1,-1.014933395E1,-3.991729736E1,4.385026925E1
4.494203667E0,1.524338341E1,-1.030073547E1,-3.948382568E1,4.355959572E1
4.504248667E0,1.534147072E1,-1.043035889E1,-3.960516357E1,4.373467837E1
4.514292667E0,1.558484459E1,-1.051736450E1,-3.913745117E1,4.341937841E1
4.524336666E0,1.605394745E1,-1.075643158E1,-3.890350342E1,4.343860757E1
4.534381667E0,1.622795486E1,-1.084048462E1,-3.914666748E1,4.374156148E1
4.544425666E0,1.612745285E1,-1.084710693E1,-3.882977295E1,4.342241048E1
4.554469666E0,1.605128479E1,-1.094672012E1,-3.937646484E1,4.390877371E1
4.564513667E0,1.562414551E1,-1.093859100E1,-3.920056152E1,4.359415924E1
4.574558666E0,1.558141327E1,-1.113144302E1,-3.887274170E1,4.333335333E1
4.584602667E0,1.544201279E1,-1.115906143E1,-3.918878174E1,4.357454561E1
4.594646667E0,1.553184509E1,-1.141653061E1,-3.893420410E1,4.344476530E1
4.604691667E0,1.535476685E1,-1.165940857E1,-3.873358154E1,4.326662700E1
4.614735667E0,1.554103851E1,-1.182069397E1,-3.875769043E1,4.339828627E1
4.624779666E0,1.563469315E1,-1.204095840E1,-3.850415039E1,4.326659111E1
4.634823666E0,1.542865372E1,-1.218268967E1,-3.908331299E1,4.374890441E1
4.644868666E0,1.529841614E1,-1.236420441E1,-3.901037598E1,4.368895193E1
4.654912666E0,1.511308670E1,-1.247581482E1,-3.849798584E1,4.319891502E1
4.664956667E0,1.515345383E1,-1.250895691E1,-3.909765625E1,4.375760380E1
4.675001666E0,1.534185410E1,-1.243059921E1,-3.864062500E1,4.339343481E1
4.685045667E0,1.520824051E1,-1.222099686E1,-3.875360107E1,4.338761275E1
4.695089667E0,1.538920975E1,-1.222037888E1,-3.898492432E1,4.365764264E1
4.705133666E0,1.562061310E1,-1.209544373E1,-3.878363037E1,4.352554764E1
4.715178667E0,1.548905563E1,-1.214023590E1,-3.904687500E1,4.372590330E1
4.725222666E0,1.560332489E1,-1.196946716E1,-3.875701904E1,4.346076871E1
4.735266666E0,1.518507004E1,-1.208404541E1,-3.852124023E1,4.313347256E1
4.745311666E0,1.516643524E1,-1.222475815E1,-3.889947510E1,4.350442084E1
4.755355666E0,1.496653366E1,-1.236893463E1,-3.847601318E1,4.309746239E1
4.765399667E0,1.506161118E1,-1.245596695E1,-3.869860840E1,4.335418706E1
4.775443667E0,1.467322159E1,-1.243491364E1,-3.870666504E1,4.322194382E1
4.785488667E0,1.440900421E1,-1.259251785E1,-3.871984863E1,4.319048028E1
4.795532667E0,1.398632812E1,-1.250032425E1,-3.906756592E1,4.333763016E1
4.805576666E0,1.354535294E1,-1.267534256E1,-3.889733887E1,4.309459208E1
4.815621667E0,1.335174179E1,-1.267570496E1,-3.941680908E1,4.350433706E1
4.825665666E0,1.325909805E1,-1.270634079E1,-3.968280029E1,4.372618685E1
4.835709666E0,1.301855278E1,-1.289824295E1,-3.937274170E1,4.342879433E1
4.845753666E0,1.286023140E1,-1.295964813E1,-3.966888428E1,4.366873494E1
4.855798666E0,1.272739601E1,-1.300231934E1,-3.957629395E1,4.355835121E1
4.865842666E0,1.256360054E1,-1.287682343E1,-3.940667725E1,4.331908184E1
4.875886667E0,1.220397758E1,-1.272314835E1,-3.988952637E1,4.361180903E1
4.885931666E0,1.192366219E1,-1.274863052E1,-3.973431396E1,4.339950468E1
4.895976292E0,1.168058586E1,-1.268712234E1,-4.000079346E1,4.355987416E1
4.906020292E0,1.163533211E1,-1.275477219E1,-3.990197754E1,4.347680966E1
4.916064291E0,1.151014137E1,-1.270743942E1,-3.980126953E1,4.333709067E1
4.926109292E0,1.150410652E1,-1.283492279E1,-4.023071289E1,4.376745331E1
4.936153291E0,1.143409538E1,-1.291348648E1,-3.987768555E1,4.344797435E1
4.946197291E0,1.130329704E1,-1.319674683E1,-3.997106934E1,4.358445864E1
4.956242291E0,1.130329704E1,-1.319674683E1,-3.997106934E1,4.358445864E1
4.966286291E0,1.149388695E1,-1.338063049E1,-4.006958008E1,4.378038325E1
4.976330291E0,1.163682175E1,-1.368443298E1,-3.933544922E1,4.324299818E1
4.986374292E0,1.178039551E1,-1.403197479E1,-3.968908691E1,4.371381538E1
4.996419291E0,1.176184464E1,-1.416439056E1,-3.942828369E1,4.351506066E1
5.006463292E0,1.184864044E1,-1.434206390E1,-3.916998291E1,4.336326370E1
5.016507292E0,1.202888489E1,-1.446896744E1,-3.979785156E1,4.402174553E1
5.026551291E0,1.211112976E1,-1.439040375E1,-3.957946777E1,4.382119868E1
5.036596292E0,1.233039474E1,-1.423419952E1,-3.967810059E1,4.392041367E1
5.046640291E0,1.243465042E1,-1.414904785E1,-3.949658203E1,4.375838295E1
5.056684291E0,1.244798279E1,-1.405229950E1,-3.930236816E1,4.355566025E1
5.066729291E0,1.256209183E1,-1.373857880E1,-3.971429443E1,4.386091518E1
5.076773291E0,1.276169395E1,-1.349624252E1,-3.945587158E1,4.360934759E1
5.086817292E0,1.260342979E1,-1.310494995E1,-4.001165771E1,4.394904901E1
5.096861292E0,1.275344276E1,-1.293066406E1,-4.042285156E1,4.431545220E1
5.106906292E0,1.275669670E1,-1.275688171E1,-4.027355957E1,4.412970589E1
5.116950292E0,1.247368813E1,-1.262051010E1,-4.047766113E1,4.419628063E1
5.126994291E0,1.230623817E1,-1.250359344E1,-4.032598877E1,4.397691118E1
5.137039292E0,1.206635094E1,-1.233832932E1,-4.004864502E1,4.360877392E1
5.147083291E0,1.204318428E1,-1.242883301E1,-4.062823486E1,4.416070250E1
5.157127291E0,1.209400749E1,-1.247303772E1,-4.001867676E1,4.362724122E1
5.167171292E0,1.216885948E1,-1.255029678E1,-4.033721924E1,4.396228322E1
5.177216291E0,1.204854012E1,-1.257578659E1,-4.007312012E1,4.369408064E1
5.187260292E0,1.220343971E1,-1.259424210E1,-3.976025391E1,4.345591635E1
5.197304292E0,1.232545280E1,-1.266996765E1,-4.024902344E1,4.395939894E1
5.207349292E0,1.236146736E1,-1.241991043E1,-3.977709961E1,4.346582225E1
5.217393292E0,1.245771217E1,-1.232361221E1,-4.009234619E1,4.375456815E1
5.227437291E0,1.255245781E1,-1.216011429E1,-4.031170654E1,4.393707160E1
5.237481291E0,1.277591133E1,-1.181817245E1,-3.985412598E1,4.348844062E1
5.247526291E0,1.286322784E1,-1.158675385E1,-4.035516357E1,4.391189728E1
5.257570291E0,1.296429062E1,-1.132604599E1,-3.991625977E1,4.347021903E1
5.267614292E0,1.321793365E1,-1.115904999E1,-3.995788574E1,4.354159850E1
5.277659291E0,1.343362427E1,-1.101075745E1,-4.024713135E1,4.383526688E1
5.287703292E0,1.324591064E1,-1.088055801E1,-4.014135742E1,4.364824472E1
5.297747292E0,1.316735458E1,-1.084365463E1,-4.038531494E1,4.383991030E1
5.307791291E0,1.330078125E1,-1.092387390E1,-4.059002686E1,4.408845748E1
5.317836292E0,1.305425262E1,-1.092552948E1,-4.033770752E1,4.378254622E1
5.327880291E0,1.300071335E1,-1.082246017E1,-4.057104492E1,4.395627234E1
5.337924291E0,1.295832825E1,-1.099819565E1,-4.012640381E1,4.357759586E1
5.347969291E0,1.316191864E1,-1.117294693E1,-4.022924805E1,4.377742847E1
5.358013291E0,1.329948425E1,-1.125150299E1,-4.068353271E1,4.425632650E1
5.368057291E0,1.335891724E1,-1.139306259E1,-4.021423340E1,4.387991696E1
5.378101292E0,1.319424820E1,-1.136096573E1,-4.061029053E1,4.418546621E1
5.388146291E0,1.320467758E1,-1.119721603E1,-3.994714355E1,4.353751756E1
5.398190292E0,1.311001587E1,-1.105634308E1,-3.986968994E1,4.340169829E1
5.408234292E0,1.303725815E1,-1.090892410E1,-4.042260742E1,4.385158966E1
5.418279292E0,1.285493851E1,-1.095778656E1,-3.990551758E1,4.333327663E1
5.428323292E0,1.289085770E1,-1.091049957E1,-4.020153809E1,4.360478044E1
5.438367291E0,1.308816910E1,-1.094711304E1,-4.023089600E1,4.369970763E1
5.448411291E0,1.308816910E1,-1.094711304E1,-4.023089600E1,4.369970763E1
5.458456291E0,1.306197739E1,-1.091114044E1,-3.989868164E1,4.337710267E1
5.468500291E0,1.297175598E1,-1.101199341E1,-4.000946045E1,4.347743527E1
5.478544292E0,1.319622803E1,-1.101885223E1,-3.977038574E1,4.332711761E1
5.488589291E0,1.295297241E1,-1.100765228E1,-4.009722900E1,4.355152898E1
5.498633292E0,1.289986420E1,-1.124732208E1,-4.044165039E1,4.391395947E1
5.508677292E0,1.302088165E1,-1.127394485E1,-3.986547852E1,4.342696822E1
5.518721291E0,1.300829697E1,-1.141481781E1,-4.006774902E1,4.364559963E1
5.528766292E0,1.294309616E1,-1.156333160E1,-3.977191162E1,4.339400108E1
5.538810291E0,1.286918259E1,-1.182387543E1,-3.977856445E1,4.344829203E1
5.548854291E0,1.291224670E1,-1.176996231E1,-4.001708984E1,4.366492422E1
5.558898292E0,1.298153687E1,-1.195635605E1,-3.946923828E1,4.323535035E1
5.568943291E0,1.325230408E1,-1.205215073E1,-3.995465088E1,4.378643657E1
5.578987292E0,1.342775345E1,-1.221258163E1,-3.950592041E1,4.347607917E1
5.589031292E0,1.359625626E1,-1.219039917E1,-3.921899414E1,4.326191764E1
5.599076292E0,1.380090332E1,-1.208365631E1,-3.961407471E1,4.365494929E1
5.609120292E0,1.390707016E1,-1.217608261E1,-3.961694336E1,4.371688220E1
5.619164291E0,1.392079163E1,-1.209516144E1,-3.946362305E1,4.355983142E1
5.629208291E0,1.405356979E1,-1.199991989E1,-3.946856689E1,4.358059974E1
5.639253291E0,1.385408020E1,-1.195306396E1,-3.919274902E1,4.325370334E1
5.649297291E0,1.380546951E1,-1.179423141E1,-3.975665283E1,4.370682244E1
5.659341292E0,1.355951118E1,-1.167950058E1,-3.940478516E1,4.327826441E1
5.669386291E0,1.365780067E1,-1.167825317E1,-3.953747559E1,4.342958775E1
5.679430292E0,1.347669792E1,-1.159335327E1,-3.995751953E1,4.373363230E1
5.689474292E0,1.335788918E1,-1.159920883E1,-3.992474365E1,4.366875318E1
5.699518291E0,1.319833565E1,-1.152367783E1,-4.025952148E1,4.390695030E1
5.709563292E0,1.291294670E1,-1.154013824E1,-3.974456787E1,4.335377329E1
5.719607291E0,1.296177483E1,-1.155940628E1,-3.973858643E1,4.336799201E1
5.729651291E0,1.284831810E1,-1.158285522E1,-4.022729492E1,4.378900627E1
5.739695292E0,1.279264259E1,-1.164606476E1,-4.011218262E1,4.368374667E1
5.749740291E0,1.267465782E1,-1.159998703E1,-4.026068115E1,4.377361188E1
5.759784291E0,1.262855721E1,-1.161014557E1,-4.038861084E1,4.388069989E1
5.769828292E0,1.258730507E1,-1.174744797E1,-3.971008301E1,4.328202254E1
5.779873291E0,1.239229774E1,-1.177896118E1,-3.996350098E1,4.346716439E1
5.789917292E0,1.214052773E1,-1.189649963E1,-3.973010254E1,4.321342575E1
5.799961291E0,1.179941368E1,-1.200445175E1,-3.994049072E1,4.334254058E1
5.810005291E0,1.155124092E1,-1.201113129E1,-4.038714600E1,4.369004467E1
5.820050291E0,1.149557304E1,-1.217552567E1,-4.013024902E1,4.348365798E1
5.830094291E0,1.135312843E1,-1.221035004E1,-4.043359375E1,4.373627415E1
5.840138291E0,1.114374924E1,-1.226978683E1,-4.028704834E1,4.356348333E1
5.850183291E0,1.101784325E1,-1.213066101E1,-4.007141113E1,4.329276841E1
5.860227291E0,1.066843605E1,-1.194267273E1,-4.057055664E1,4.361665996E1
5.870271292E0,1.034265900E1,-1.166031265E1,-4.032885742E1,4.323598301E1
5.880315292E0,1.028127289E1,-1.135179901E1,-4.077709961E1,4.355846376E1
5.890360292E0,1.001513290E1,-1.094257355E1,-4.112054443E1,4.371432234E1
5.900403625E0,9.704256058E0,-1.061359406E1,-4.083679199E1,4.329508684E1
5.910447625E0,9.246271133E0,-1.028521347E1,-4.123297119E1,4.349065485E1
5.920491625E0,9.211469650E0,-1.015117264E1,-4.104333496E1,4.327184794E1
5.930536625E0,9.211469650E0,-1.015117264E1,-4.104333496E1,4.327184794E1
5.940580625E0,9.079442978E0,-1.002923965E1,-4.129425049E1,4.345384973E1
5.950624625E0,8.922250748E0,-9.920249939E0,-4.117248535E1,4.328038201E1
5.960669625E0,8.889934540E0,-1.018186951E1,-4.108801270E1,4.325420430E1
5.970713625E0,8.832880020E0,-1.033777237E1,-4.126177979E1,4.344449077E1
5.980757625E0,8.706859589E0,-1.063219452E1,-4.093823242E1,4.318323561E1
5.990801625E0,8.647274017E0,-1.089424896E1,-4.098321533E1,4.327913986E1
6.000846625E0,8.720479965E0,-1.106069183E1,-4.114282227E1,4.348698079E1
6.010890625E0,8.638650894E0,-1.132839966E1,-4.101275635E1,4.341664556E1
6.020934625E0,8.442529678E0,-1.137330627E1,-4.114874268E1,4.351835735E1
6.030979625E0,8.458898544E0,-1.135776138E1,-4.112316895E1,4.349329526E1
6.041023625E0,8.718368530E0,-1.159185028E1,-4.094311523E1,4.343638599E1
6.051067625E0,9.031221390E0,-1.162646103E1,-4.103289795E1,4.359399351E1
6.061111625E0,9.069673538E0,-1.171495438E1,-4.076348877E1,4.337235468E1
6.071156625E0,9.354427338E0,-1.185990906E1,-4.067901611E1,4.339291539E1
6.081200625E0,9.262943268E0,-1.165899658E1,-4.099603271E1,4.361661401E1
6.091244625E0,9.428995132E0,-1.156243896E1,-4.059991455E1,4.325446804E1
6.101288625E0,9.459520340E0,-1.139291000E1,-4.090759277E1,4.350531082E1
6.111333625E0,9.658004761E0,-1.140795898E1,-4.066223145E1,4.332246127E1
6.121377625E0,9.762350082E0,-1.126056671E1,-4.061340332E1,4.326144208E1
6.131421625E0,1.008124542E1,-1.112603760E1,-4.061346436E1,4.329981188E1
6.141466625E0,9.927204132E0,-1.109449768E1,-4.033532715E1,4.299506805E1
6.151510625E0,1.001663017E1,-1.105204010E1,-4.035919189E1,4.302725695E1
6.161554625E0,1.003956795E1,-1.116482925E1,-4.064031982E1,4.332530360E1
6.171598625E0,1.027301788E1,-1.131509781E1,-4.002838135E1,4.284667605E1
6.181643625E0,1.033687210E1,-1.135560608E1,-4.057489014E1,4.338343490E1
6.191687625E0,1.035306931E1,-1.154175568E1,-4.046899414E1,4.333748556E1
6.201731625E0,1.024242973E1,-1.166450119E1,-4.062103271E1,4.348604665E1
6.211776625E0,1.028169823E1,-1.186510849E1,-4.071081543E1,4.363329704E1
6.221820625E0,1.030477142E1,-1.190073013E1,-4.028900146E1,4.325528096E1
6.231864625E0,1.026472664E1,-1.193151093E1,-4.061065674E1,4.355400104E1
6.241908625E0,1.023272133E1,-1.180538177E1,-4.026947021E1,4.319381734E1
6.251953625E0,1.035729980E1,-1.177682114E1,-3.998529053E1,4.295102599E1
6.261997625E0,1.025740814E1,-1.168713760E1,-4.039282227E1,4.328260271E1
6.272041625E0,1.030010033E1,-1.159361649E1,-3.985699463E1,4.276779198E1
6.282085625E0,1.029599380E1,-1.138548279E1,-4.021972656E1,4.304954252E1
6.292130625E0,1.034970093E1,-1.140085983E1,-4.058160400E1,4.340463682E1
6.302174625E0,1.029362869E1,-1.138790131E1,-4.015142822E1,4.298581482E1
6.312218625E0,1.042262268E1,-1.119356537E1,-4.044763184E1,4.324277848E1
6.322263625E0,1.025158310E1,-1.118760681E1,-4.027416992E1,4.303796307E1
6.332307625E0,1.019712830E1,-1.098672485E1,-4.053814697E1,4.322072314E1
6.342351625E0,1.033199883E1,-1.098234177E1,-4.058258057E1,4.329327749E1
6.352395625E0,1.055525589E1,-1.088011169E1,-4.025195312E1,4.301174244E1
6.362440625E0,1.076107597E1,-1.055579376E1,-4.062005615E1,4.332683349E1
6.372484625E0,1.079963112E1,-1.044024658E1,-4.047485352E1,4.317226596E1
6.382528625E0,1.087504578E1,-1.032738495E1,-4.024542236E1,4.294898744E1
6.392572625E0,1.082254219E1,-1.023514938E1,-4.061102295E1,4.325668604E1
6.402617625E0,1.107183266E1,-1.025939560E1,-4.026513672E1,4.300141755E1
6.412661625E0,1.109201241E1,-1.026800919E1,-4.065643311E1,4.337522685E1
6.422705625E0,1.109201241E1,-1.026800919E1,-4.065643311E1,4.337522685E1
6.432750625E0,1.106209373E1,-1.045155716E1,-4.066119385E1,4.341586864E1
6.442794625E0,1.103913689E1,-1.068025589E1,-4.027526855E1,4.310484504E1
6.452838625E0,1.090497208E1,-1.085108185E1,-4.074688721E1,4.355425594E1
6.462882625E0,1.091959953E1,-1.103871536E1,-4.055993652E1,4.343039652E1
6.472927625E0,1.082203674E1,-1.129180527E1,-4.031500244E1,4.324258049E1
6.482971625E0,1.095291138E1,-1.151929092E1,-4.078179932E1,4.377002955E1
6.493015625E0,1.085125351E1,-1.161772156E1,-4.029058838E1,4.331342366E1
6.503059625E0,1.072092247E1,-1.176979828E1,-4.063708496E1,4.364446132E1
6.513104625E0,1.059908867E1,-1.190362930E1,-4.002551270E1,4.308223227E1
6.523148625E0,1.061190796E1,-1.196072388E1,-4.000689697E1,4.308391012E1
6.533192625E0,1.063226891E1,-1.193719482E1,-4.033221436E1,4.338466638E1
6.543237625E0,1.063929749E1,-1.187892914E1,-3.997937012E1,4.304246326E1
6.553281625E0,1.074375534E1,-1.189522552E1,-4.028131104E1,4.335330077E1
6.563325625E0,1.086784363E1,-1.187768173E1,-4.040179443E1,4.349131341E1
6.573369625E0,1.106327629E1,-1.180314636E1,-3.973956299E1,4.290621415E1
6.583414625E0,1.124588394E1,-1.191951370E1,-4.019720459E1,4.340921526E1
6.593458625E0,1.132160378E1,-1.187282944E1,-3.999658203E1,4.323042175E1
6.603502625E0,1.131451225E1,-1.184836578E1,-4.004315186E1,4.326495082E1
6.613546625E0,1.143744850E1,-1.192523575E1,-4.036968994E1,4.362038906E1
6.623591625E0,1.158845329E1,-1.194689560E1,-4.013165283E1,4.344617501E1
6.633635625E0,1.167302132E1,-1.201425552E1,-4.025122070E1,4.359773538E1
6.643679625E0,1.151651764E1,-1.206974030E1,-3.979034424E1,4.314603463E1
6.653724625E0,1.154932404E1,-1.216090393E1,-3.964636230E1,4.304774691E1
6.663768625E0,1.145260239E1,-1.210430527E1,-4.028051758E1,4.359124228E1
6.673812625E0,1.154594803E1,-1.232213593E1,-4.010339355E1,4.351351657E1
6.683856625E0,1.152600098E1,-1.231348419E1,-4.034478760E1,4.372839441E1
6.693901625E0,1.156700134E1,-1.230225754E1,-4.041772461E1,4.380335059E1
6.703945625E0,1.164945412E1,-1.234490585E1,-3.993499756E1,4.339251677E1
6.713989625E0,1.171904564E1,-1.237485123E1,-3.994110107E1,4.342539037E1
6.724033625E0,1.149075508E1,-1.244381714E1,-3.982092285E1,4.327345531E1
6.734078625E0,1.142200279E1,-1.249265671E1,-3.980718994E1,4.325668723E1
6.744122625E0,1.159729767E1,-1.269899750E1,-3.994891357E1,4.349341958E1
6.754166625E0,1.186474609E1,-1.267618179E1,-3.963427734E1,4.327047175E1
6.764211625E0,1.191763687E1,-1.282664108E1,-4.011254883E1,4.376721791E1
6.774255625E0,1.184820938E1,-1.311671066E1,-3.963568115E1,4.339833389E1
6.784299625E0,1.203674316E1,-1.327539444E1,-3.914044189E1,4.304757223E1
6.794343625E0,1.216647339E1,-1.348088074E1,-3.922796631E1,4.322719700E1
6.804388625E0,1.204869461E1,-1.382466507E1,-3.866320801E1,4.279177561E1
6.814432625E0,1.220038605E1,-1.419520187E1,-3.887750244E1,4.314873546E1
6.824476625E0,1.205025864E1,-1.452145767E1,-3.887927246E1,4.321665528E1
6.834520625E0,1.208610153E1,-1.505405807E1,-3.817480469E1,4.277866557E1
6.844565625E0,1.243277740E1,-1.543926620E1,-3.823944092E1,4.307202963E1
6.854609625E0,1.251047516E1,-1.579101562E1,-3.784710693E1,4.287507045E1
6.864653625E0,1.278558350E1,-1.618309021E1,-3.793206787E1,4.317644412E1
6.874698625E0,1.303400040E1,-1.652202606E1,-3.810314941E1,4.352829547E1
6.884742625E0,1.306958389E1,-1.685432053E1,-3.760443115E1,4.323164797E1
6.894786625E0,1.325431061E1,-1.718944931E1,-3.765777588E1,4.346564162E1
6.904830916E0,1.326901627E1,-1.739640808E1,-3.747753906E1,4.339663283E1
6.914875917E0,1.326901627E1,-1.739640808E1,-3.747753906E1,4.339663283E1
6.924919916E0,1.307159424E1,-1.753017807E1,-3.722619629E1,4.317364253E1
6.934963916E0,1.306762695E1,-1.766992188E1,-3.745654297E1,4.342788994E1
6.945007917E0,1.283601189E1,-1.792640686E1,-3.693695068E1,4.301694538E1
6.955052916E0,1.275712013E1,-1.804563141E1,-3.748962402E1,4.351851142E1
6.965096917E0,1.273935127E1,-1.813546371E1,-3.765545654E1,4.369347231E1
6.975140917E0,1.297958946E1,-1.824605560E1,-3.717456055E1,4.339742204E1
6.985185917E0,1.261317825E1,-1.828376770E1,-3.756353760E1,4.363952089E1
6.995229917E0,1.261903763E1,-1.821786880E1,-3.701312256E1,4.314049253E1
7.005273916E0,1.272216797E1,-1.828057861E1,-3.747729492E1,4.359565055E1
7.015317916E0,1.255086517E1,-1.819829559E1,-3.768896484E1,4.369393837E1
7.025362916E0,1.249722481E1,-1.839874268E1,-3.732098389E1,4.344594571E1
7.035406916E0,1.233350563E1,-1.834065247E1,-3.753826904E1,4.356164066E1
7.045450917E0,1.219203758E1,-1.847423553E1,-3.734442139E1,4.341139214E1
7.055494917E0,1.207779884E1,-1.845739365E1,-3.710577393E1,4.316696728E1
7.065539917E0,1.200080299E1,-1.842368317E1,-3.752929688E1,4.349597105E1
7.075583917E0,1.199193382E1,-1.849102402E1,-3.736712646E1,4.338233035E1
7.085627916E0,1.194052696E1,-1.853615952E1,-3.751123047E1,4.351158242E1
7.095671916E0,1.175971794E1,-1.848908234E1,-3.748486328E1,4.341948994E1
7.105716916E0,1.176571846E1,-1.862487793E1,-3.713311768E1,4.317622768E1
7.115760916E0,1.152657509E1,-1.863610458E1,-3.750445557E1,4.343674153E1
7.125804916E0,1.150797462E1,-1.890454865E1,-3.719757080E1,4.328365411E1
7.135849916E0,1.127215385E1,-1.890851974E1,-3.747235107E1,4.345998926E1
7.145893916E0,1.105966377E1,-1.905602646E1,-3.758666992E1,4.356840671E1
7.155937917E0,1.134646797E1,-1.936980438E1,-3.699780273E1,4.327550190E1
7.165981917E0,1.127897072E1,-1.962532425E1,-3.717144775E1,4.352108754E1
7.176026917E0,1.132126999E1,-1.983881760E1,-3.680743408E1,4.331901478E1
7.186070917E0,1.133005142E1,-1.998410797E1,-3.642181396E1,4.306138838E1
7.196114916E0,1.133121872E1,-2.018336868E1,-3.674438477E1,4.342711942E1
7.206158916E0,1.115547752E1,-2.046898651E1,-3.637573242E1,4.320437474E1
7.216203916E0,1.090232849E1,-2.078163147E1,-3.648199463E1,4.337825383E1
7.226247916E0,1.090173721E1,-2.115250778E1,-3.631408691E1,4.341646425E1
7.236291917E0,1.071738434E1,-2.147023773E1,-3.594091797E1,4.321554141E1
7.246335917E0,1.068573189E1,-2.170815277E1,-3.604821777E1,4.341546691E1
7.256380917E0,1.050727844E1,-2.198442841E1,-3.541430664E1,4.298710397E1
7.266424917E0,1.027016258E1,-2.214276123E1,-3.567871094E1,4.322902415E1
7.276468916E0,1.015453529E1,-2.247317123E1,-3.589141846E1,4.354712311E1
7.286513917E0,1.000034332E1,-2.257117844E1,-3.520837402E1,4.300109957E1
7.296557916E0,9.767606735E0,-2.265083694E1,-3.559686279E1,4.330823474E1
7.306601916E0,9.450168610E0,-2.283391571E1,-3.509716797E1,4.292440556E1
7.316645917E0,9.414112091E0,-2.301609802E1,-3.516900635E1,4.307232617E1
7.326690916E0,9.341257095E0,-2.307696533E1,-3.546350098E1,4.332972784E1
7.336734917E0,8.932451248E0,-2.320556259E1,-3.513281250E1,4.304185561E1
7.346778917E0,8.681547165E0,-2.326708221E1,-3.556982422E1,4.338131822E1
7.356822916E0,8.319883347E0,-2.337034988E1,-3.558050537E1,4.337471700E1
7.366867917E0,8.134038925E0,-2.345806122E1,-3.488189697E1,4.281576768E1
7.376911916E0,8.007570267E0,-2.350609970E1,-3.534594727E1,4.319715144E1
7.386955916E0,7.846094131E0,-2.372243500E1,-3.503625488E1,4.303317641E1
7.397000916E0,7.846094131E0,-2.372243500E1,-3.503625488E1,4.303317641E1
7.407044916E0,7.741342545E0,-2.372452545E1,-3.525671387E1,4.319510811E1
7.417088917E0,7.475147247E0,-2.378802109E1,-3.506463623E1,4.302646264E1
7.427132917E0,7.100759506E0,-2.390998840E1,-3.476818848E1,4.278942931E1
7.437177917E0,6.746717453E0,-2.397895050E1,-3.480505371E1,4.280070125E1
7.447221917E0,6.655694962E0,-2.418857574E1,-3.447631836E1,4.263803466E1
7.457265916E0,6.451297760E0,-2.429651260E1,-3.436480713E1,4.257792546E1
7.467309916E0,6.265661240E0,-2.448353958E1,-3.473919678E1,4.295944615E1
7.477354916E0,5.980588913E0,-2.466576385E1,-3.454022217E1,4.286250457E1
7.487398916E0,5.712844849E0,-2.473680496E1,-3.452813721E1,4.285718580E1
7.497442917E0,5.603122711E0,-2.486287689E1,-3.425781250E1,4.269842326E1
7.507486917E0,5.167577744E0,-2.516387939E1,-3.366284180E1,4.234514853E1
7.517531916E0,4.950296402E0,-2.528695679E1,-3.402996826E1,4.268459157E1
7.527575917E0,4.963045120E0,-2.525206757E1,-3.368444824E1,4.239033836E1
7.537619916E0,4.782407761E0,-2.543106842E1,-3.370690918E1,4.249431011E1
7.547663916E0,4.614652634E0,-2.553164673E1,-3.401586914E1,4.278129681E1
7.557708916E0,4.439485550E0,-2.574483109E1,-3.351635742E1,4.249531238E1
7.567752916E0,4.388540268E0,-2.585617828E1,-3.354064941E1,4.257671199E1
7.577796916E0,4.390708923E0,-2.595745850E1,-3.320281982E1,4.237328428E1
7.587841916E0,4.342138290E0,-2.604034424E1,-3.326910400E1,4.247101334E1
7.597885916E0,4.246774673E0,-2.598645020E1,-3.352935791E1,4.263271667E1
7.607929917E0,3.941253662E0,-2.595986938E1,-3.312255859E1,4.226762575E1
7.617973917E0,3.812753677E0,-2.598301315E1,-3.342034912E1,4.250380922E1
7.628018917E0,3.592813492E0,-2.600834274E1,-3.350463867E1,4.256645409E1
7.638062917E0,3.391557693E0,-2.604715347E1,-3.315203857E1,4.229674372E1
7.648106916E0,3.180473328E0,-2.599728775E1,-3.358276367E1,4.258845380E1
7.658150916E0,2.925283432E0,-2.611325836E1,-3.319207764E1,4.233407095E1
7.668195916E0,2.761219025E0,-2.601021576E1,-3.366101074E1,4.262885523E1
7.678239916E0,2.536651611E0,-2.587005615E1,-3.381921387E1,4.265481958E1
7.688283917E0,2.252803802E0,-2.590591049E1,-3.342376709E1,4.234783973E1
7.698327917E0,2.152597427E0,-2.570238876E1,-3.383374023E1,4.254372389E1
7.708372917E0,1.822938919E0,-2.572787094E1,-3.359179688E1,4.235156747E1
7.718416917E0,1.672826767E0,-2.573398209E1,-3.329223633E1,4.211186511E1
7.728460916E0,1.491001129E0,-2.564737701E1,-3.376141357E1,4.242456928E1
7.738505917E0,1.220233917E0,-2.551419067E1,-3.353454590E1,4.215481782E1
7.748549916E0,9.961528778E-1,-2.539610291E1,-3.394982910E1,4.240925912E1
7.758593916E0,8.260726929E-1,-2.534134674E1,-3.357281494E1,4.207136976E1
7.768637917E0,6.290225983E-1,-2.535808563E1,-3.333386230E1,4.188764200E1
7.778682916E0,4.869880676E-1,-2.519283295E1,-3.393902588E1,4.227024328E1
7.788726917E0,3.000640869E-1,-2.508503723E1,-3.377087402E1,4.206924130E1
7.798770917E0,2.456836700E-1,-2.493753052E1,-3.399267578E1,4.215972955E1
7.808814916E0,1.423206329E-1,-2.465723038E1,-3.415277100E1,4.212375852E1
7.818859917E0,2.036857605E-2,-2.466102600E1,-3.382458496E1,4.186011426E1
7.828903916E0,5.875396729E-2,-2.449539566E1,-3.422521973E1,4.208792613E1
7.838947916E0,-1.039752960E-1,-2.433157730E1,-3.403845215E1,4.184080173E1
7.848991917E0,-4.208412170E-1,-2.428757095E1,-3.388330078E1,4.169102160E1
7.859036916E0,-6.898174286E-1,-2.416701126E1,-3.421551514E1,4.189536678E1
7.869080917E0,-8.015384674E-1,-2.417107391E1,-3.419854736E1,4.188584391E1
7.879124917E0,-1.010499954E0,-2.409808350E1,-3.460656738E1,4.218238073E1
7.889168916E0,-1.010499954E0,-2.409808350E1,-3.460656738E1,4.218238073E1
7.899213750E0,-1.318584442E0,-2.397756958E1,-3.482470703E1,4.230156886E1
7.909257750E0,-1.628049850E0,-2.393879318E1,-3.416339111E1,4.174749882E1
7.919301750E0,-1.744802475E0,-2.377712631E1,-3.448748779E1,4.192592140E1
7.929346750E0,-1.872467041E0,-2.363005066E1,-3.432952881E1,4.171812526E1
7.939390750E0,-1.982910156E0,-2.351812363E1,-3.466381836E1,4.193583640E1
7.949434750E0,-2.368101120E0,-2.328049469E1,-3.470812988E1,4.185980908E1
7.959478750E0,-2.739656448E0,-2.318977356E1,-3.460638428E1,4.174773225E1
7.969523750E0,-2.973657608E0,-2.308288956E1,-3.508325195E1,4.210103321E1
7.979567750E0,-3.274229050E0,-2.283120346E1,-3.480950928E1,4.175747075E1
7.989611750E0,-3.505270004E0,-2.281876373E1,-3.475939941E1,4.172767360E1
7.999655750E0,-3.635604858E0,-2.259811401E1,-3.497222900E1,4.179652116E1
8.009700750E0,-4.004158020E0,-2.242542648E1,-3.479180908E1,4.158609159E1
8.019744750E0,-4.207942963E0,-2.235117340E1,-3.536523438E1,4.204737255E1
8.029788750E0,-4.509677887E0,-2.235008621E1,-3.529248047E1,4.201693380E1
8.039832750E0,-4.670516968E0,-2.234682083E1,-3.458557129E1,4.144099265E1
8.049877750E0,-4.825235367E0,-2.221509552E1,-3.480444336E1,4.157093507E1
8.059921750E0,-5.004100800E0,-2.216388321E1,-3.462652588E1,4.141587906E1
8.069965750E0,-4.873146057E0,-2.213094711E1,-3.483978271E1,4.156124195E1
8.080009750E0,-4.968896866E0,-2.216806412E1,-3.510156250E1,4.181187263E1
8.090054750E0,-5.070137024E0,-2.216486359E1,-3.472448730E1,4.150635476E1
8.100098750E0,-5.170285225E0,-2.211206818E1,-3.525195312E1,4.193298949E1
8.110142750E0,-5.121734619E0,-2.210241699E1,-3.508496094E1,4.178161661E1
8.120187750E0,-5.253131866E0,-2.214890289E1,-3.501611328E1,4.176478760E1
8.130231750E0,-5.332293510E0,-2.190847778E1,-3.543823242E1,4.200336975E1
8.140275750E0,-5.572438240E0,-2.183178329E1,-3.508441162E1,4.169645990E1
8.150319750E0,-5.604331017E0,-2.171061325E1,-3.524774170E1,4.177514271E1
8.160364750E0,-5.756975174E0,-2.150088120E1,-3.558129883E1,4.196974484E1
8.170408750E0,-5.844902039E0,-2.133517456E1,-3.524023438E1,4.160801212E1
8.180452750E0,-6.027486801E0,-2.095952225E1,-3.557232666E1,4.172556284E1
8.190496750E0,-6.167665482E0,-2.066596222E1,-3.546746826E1,4.150979881E1
8.200541750E0,-6.485795975E0,-2.037917709E1,-3.579150391E1,4.169422215E1
8.210585750E0,-6.651120186E0,-2.001935196E1,-3.588452148E1,4.162584215E1
8.220629750E0,-6.818292618E0,-1.985328293E1,-3.569555664E1,4.141032143E1
8.230673750E0,-6.920061111E0,-1.945066071E1,-3.619201660E1,4.166626349E1
8.240718750E0,-7.107718468E0,-1.922405243E1,-3.638720703E1,4.176257522E1
8.250762750E0,-7.299696922E0,-1.889171600E1,-3.602264404E1,4.132569894E1
8.260806750E0,-7.396395683E0,-1.858438873E1,-3.679809570E1,4.188300396E1
8.270850750E0,-7.374762535E0,-1.826305389E1,-3.661901855E1,4.157978812E1
8.280895750E0,-7.356069565E0,-1.780520630E1,-3.697149658E1,4.168967127E1
8.290939750E0,-7.472620010E0,-1.750527954E1,-3.702038574E1,4.162672005E1
8.300983750E0,-7.733181953E0,-1.723814392E1,-3.671691895E1,4.129270935E1
8.311027750E0,-7.865359306E0,-1.693271637E1,-3.718707275E1,4.161080558E1
8.321072750E0,-8.105554581E0,-1.654769897E1,-3.708233643E1,4.140804307E1
8.331116750E0,-8.243289948E0,-1.607946396E1,-3.746887207E1,4.159828560E1
8.341160750E0,-8.394303322E0,-1.567228317E1,-3.781561279E1,4.178642554E1
8.351204750E0,-8.649827957E0,-1.537561798E1,-3.758032227E1,4.151517522E1
8.361249750E0,-8.838630676E0,-1.501015091E1,-3.777545166E1,4.159820634E1
8.371293750E0,-8.841322899E0,-1.460536194E1,-3.754327393E1,4.124297522E1
8.381337750E0,-8.841322899E0,-1.460536194E1,-3.754327393E1,4.124297522E1
8.391382750E0,-8.984455109E0,-1.415397644E1,-3.771051025E1,4.126909335E1
8.401426750E0,-9.122478485E0,-1.378712845E1,-3.826971436E1,4.168783469E1
8.411470750E0,-9.233062744E0,-1.346304703E1,-3.806768799E1,4.142042916E1
8.421514750E0,-9.176357269E0,-1.318797684E1,-3.862023926E1,4.182883152E1
8.431559750E0,-9.212188721E0,-1.288412094E1,-3.844006348E1,4.157527479E1
8.441603750E0,-9.204573631E0,-1.270265198E1,-3.820727539E1,4.130226914E1
8.451647750E0,-9.270276070E0,-1.244814682E1,-3.881243896E1,4.180071526E1
8.461691750E0,-9.221929550E0,-1.226694489E1,-3.866973877E1,4.160373322E1
8.471736750E0,-9.372073174E0,-1.205964661E1,-3.882574463E1,4.172180818E1
8.481780750E0,-9.436440468E0,-1.192335129E1,-3.866979980E1,4.155196905E1
8.491824750E0,-9.579103470E0,-1.173247147E1,-3.861938477E1,4.148333388E1
8.501868750E0,-9.476216316E0,-1.153383636E1,-3.895831299E1,4.172023739E1
8.511913750E0,-9.472465515E0,-1.132080078E1,-3.873870850E1,4.145570732E1
8.521957750E0,-9.473993301E0,-1.129147339E1,-3.862670898E1,4.134339811E1
8.532001750E0,-9.443642616E0,-1.111626816E1,-3.920678711E1,4.183211636E1
8.542045750E0,-9.493415833E0,-1.100455093E1,-3.885229492E1,4.148163336E1
8.552090750E0,-9.505617142E0,-1.079846954E1,-3.911126709E1,4.167319180E1
8.562134750E0,-9.380947113E0,-1.081196213E1,-3.908636475E1,4.162504778E1
8.572178750E0,-9.316345215E0,-1.053090668E1,-3.861560059E1,4.109572839E1
8.582222750E0,-9.465290070E0,-1.044485474E1,-3.891741943E1,4.139145131E1
8.592267750E0,-9.331682205E0,-1.042415237E1,-3.855847168E1,4.101827622E1
8.602311750E0,-9.334668159E0,-1.036985779E1,-3.896093750E1,4.138386921E1
8.612355750E0,-9.509515762E0,-1.029297256E1,-3.939996338E1,4.181785849E1
8.622399750E0,-9.369635582E0,-1.039626694E1,-3.868414307E1,4.113800386E1
8.632444750E0,-9.299925804E0,-1.036235428E1,-3.903625488E1,4.144509864E1
8.642488750E0,-9.329698563E0,-1.047891235E1,-3.891723633E1,4.136909671E1
8.652532750E0,-9.468955040E0,-1.050644302E1,-3.857629395E1,4.108743006E1
8.662577750E0,-9.679391861E0,-1.066950989E1,-3.895837402E1,4.153653783E1
8.672621750E0,-9.526585579E0,-1.069487381E1,-3.877569580E1,4.133631265E1
8.682665750E0,-9.582420349E0,-1.073499298E1,-3.884698486E1,4.142645395E1
8.692709750E0,-9.761574745E0,-1.079781342E1,-3.842840576E1,4.109286417E1
8.702754750E0,-9.858046532E0,-1.089307785E1,-3.828918457E1,4.101099708E1
8.712798750E0,-1.007608604E1,-1.087620926E1,-3.856738281E1,4.131903260E1
8.722842750E0,-1.008862686E1,-1.089797974E1,-3.826763916E1,4.104824675E1
8.732886750E0,-1.013349438E1,-1.082463074E1,-3.830633545E1,4.107597442E1
8.742931750E0,-1.014906216E1,-1.080791855E1,-3.849615479E1,4.125249689E1
8.752975750E0,-1.023019981E1,-1.092436218E1,-3.817181396E1,4.100104948E1
8.763019750E0,-1.014954662E1,-1.092008209E1,-3.852569580E1,4.130969289E1
8.773063750E0,-1.034698582E1,-1.111445618E1,-3.840045166E1,4.129389712E1
8.783108750E0,-1.041249084E1,-1.127683258E1,-3.824694824E1,4.121184258E1
8.793152750E0,-1.024726486E1,-1.138610840E1,-3.839489746E1,4.133785254E1
8.803196750E0,-1.019200993E1,-1.167860413E1,-3.802508545E1,4.106304889E1
8.813240750E0,-1.015603447E1,-1.210893250E1,-3.829583740E1,4.142876349E1
8.823285750E0,-9.835343361E0,-1.241850281E1,-3.805279541E1,4.121854473E1
8.833329750E0,-9.980621338E0,-1.275547409E1,-3.780987549E1,4.113273157E1
8.843373750E0,-9.876195908E0,-1.296617126E1,-3.808148193E1,4.142294182E1
8.853417750E0,-9.958244324E0,-1.336451340E1,-3.787109375E1,4.137628053E1
8.863462750E0,-9.958244324E0,-1.336451340E1,-3.787109375E1,4.137628053E1
8.873506750E0,-9.948980331E0,-1.349667358E1,-3.804925537E1,4.157990190E1
8.883550750E0,-9.874313354E0,-1.370633698E1,-3.776477051E1,4.137080648E1
8.893594750E0,-9.673810959E0,-1.405131912E1,-3.761755371E1,4.130499407E1
8.903640250E0,-9.589805603E0,-1.416247559E1,-3.773736572E1,4.143246140E1
8.913684250E0,-9.652689934E0,-1.448398590E1,-3.741601562E1,4.126643304E1
8.923728250E0,-9.306756973E0,-1.482964706E1,-3.734649658E1,4.124675702E1
8.933772250E0,-9.087995529E0,-1.499673462E1,-3.783343506E1,4.169967051E1
8.943817250E0,-9.094577789E0,-1.523846817E1,-3.757324219E1,4.155322834E1
8.953861250E0,-9.043890953E0,-1.520866394E1,-3.770056152E1,4.164646157E1
8.963905250E0,-9.020972252E0,-1.548540497E1,-3.773791504E1,4.177709826E1
8.973949250E0,-9.117114067E0,-1.551689148E1,-3.728405762E1,4.140044254E1
8.983994250E0,-9.167695045E0,-1.566537094E1,-3.768701172E1,4.183014859E1
8.994038250E0,-9.140599251E0,-1.576366043E1,-3.742181396E1,4.162253843E1
9.004082250E0,-9.164183617E0,-1.585936737E1,-3.766998291E1,4.188710311E1
9.014126250E0,-9.476304054E0,-1.597190475E1,-3.750292969E1,4.184939444E1
9.024171250E0,-9.457646370E0,-1.596458435E1,-3.719897461E1,4.157016647E1
9.034215250E0,-9.659314156E0,-1.596416855E1,-3.741809082E1,4.181232531E1
9.044259250E0,-9.642108917E0,-1.610616684E1,-3.724664307E1,4.170960674E1
9.054303250E0,-9.849563599E0,-1.607291794E1,-3.700390625E1,4.152880533E1
9.064348250E0,-9.753163338E0,-1.620185852E1,-3.706213379E1,4.160800615E1
9.074392250E0,-9.811450005E0,-1.635910416E1,-3.659362793E1,4.126715940E1
9.084436250E0,-9.799777031E0,-1.632344055E1,-3.677893066E1,4.141473267E1
9.094480250E0,-9.841975212E0,-1.658029556E1,-3.659985352E1,4.136810310E1
9.104525250E0,-1.005119610E1,-1.660584641E1,-3.641375732E1,4.126429934E1
9.114569250E0,-1.005251884E1,-1.669004822E1,-3.655346680E1,4.142181526E1
9.124613250E0,-1.024073792E1,-1.683510590E1,-3.640411377E1,4.139508428E1
9.134657250E0,-1.022790527E1,-1.681336212E1,-3.673590088E1,4.167523972E1
9.144702250E0,-1.033019257E1,-1.692573166E1,-3.676953125E1,4.177549161E1
9.154746250E0,-1.033740711E1,-1.717196274E1,-3.630902100E1,4.147388691E1
9.164790250E0,-1.045244026E1,-1.721471786E1,-3.641192627E1,4.161043611E1
9.174834250E0,-1.055220413E1,-1.744020844E1,-3.635046387E1,4.167572562E1
9.184879250E0,-1.056684780E1,-1.749612808E1,-3.622662354E1,4.159496391E1
9.194923250E0,-1.063409615E1,-1.745556641E1,-3.644396973E1,4.178449149E1
9.204967250E0,-1.078898716E1,-1.758655167E1,-3.580932617E1,4.132791895E1
9.215012250E0,-1.067387199E1,-1.771078873E1,-3.633349609E1,4.180581920E1
9.225056250E0,-1.084495449E1,-1.780935287E1,-3.610131836E1,4.169042186E1
9.235100250E0,-1.097043991E1,-1.788491058E1,-3.556768799E1,4.129504822E1
9.245144250E0,-1.113151360E1,-1.788941956E1,-3.584777832E1,4.158130755E1
9.255189250E0,-1.127063370E1,-1.808874130E1,-3.579498291E1,4.165945928E1
9.265233250E0,-1.114536476E1,-1.802194214E1,-3.589263916E1,4.168082413E1
9.275277250E0,-1.110076046E1,-1.813240814E1,-3.612957764E1,4.192084789E1
9.285321250E0,-1.123339176E1,-1.823878479E1,-3.562969971E1,4.157304250E1
9.295366250E0,-1.117914104E1,-1.819627762E1,-3.589349365E1,4.176626151E1
9.305410250E0,-1.124022198E1,-1.810920715E1,-3.564575195E1,4.153198293E1
9.315454250E0,-1.144488144E1,-1.814141083E1,-3.597045898E1,4.188042523E1
9.325498250E0,-1.138067341E1,-1.798880005E1,-3.638232422E1,4.215198892E1
9.335543250E0,-1.145387554E1,-1.802339172E1,-3.619750977E1,4.202729622E1
9.345587250E0,-1.144293308E1,-1.794805145E1,-3.641015625E1,4.217549936E1
9.355631250E0,-1.144293308E1,-1.794805145E1,-3.641015625E1,4.217549936E1
9.365675250E0,-1.136880970E1,-1.793290710E1,-3.617541504E1,4.194639012E1
9.375720250E0,-1.134163380E1,-1.795554733E1,-3.561340332E1,4.146503145E1
9.385764250E0,-1.138894844E1,-1.799549103E1,-3.583148193E1,4.168262158E1
9.395808250E0,-1.138217640E1,-1.800633621E1,-3.553668213E1,4.143232868E1
9.405852250E0,-1.165293026E1,-1.802170181E1,-3.598931885E1,4.190231009E1
9.415897250E0,-1.160197735E1,-1.798384094E1,-3.612695312E1,4.199025072E1
9.425941250E0,-1.156539345E1,-1.797351456E1,-3.567138672E1,4.158429249E1
9.435985250E0,-1.157578659E1,-1.800235367E1,-3.602435303E1,4.190271571E1
9.446029250E0,-1.146646309E1,-1.796130753E1,-3.569744873E1,4.157398453E1
9.456074250E0,-1.123171043E1,-1.785397720E1,-3.580383301E1,4.155514745E1
9.466118250E0,-1.116235447E1,-1.772661591E1,-3.650012207E1,4.208431988E1
9.476162250E0,-1.127520084E1,-1.754130173E1,-3.592504883E1,4.153837447E1
9.486206250E0,-1.126833057E1,-1.745440674E1,-3.634954834E1,4.186790242E1
9.496251250E0,-1.145426369E1,-1.743594742E1,-3.613116455E1,4.172137906E1
9.506295250E0,-1.181264400E1,-1.710905457E1,-3.595263672E1,4.153131823E1
9.516339250E0,-1.185470295E1,-1.695767212E1,-3.649017334E1,4.194793649E1
9.526383250E0,-1.191667938E1,-1.670315552E1,-3.622808838E1,4.163504581E1
9.536428250E0,-1.212654877E1,-1.631248474E1,-3.616833496E1,4.148853814E1
9.546472250E0,-1.205244923E1,-1.587586594E1,-3.653521729E1,4.161882691E1
9.556516250E0,-1.197861004E1,-1.548501587E1,-3.645092773E1,4.137563229E1
9.566560250E0,-1.197066498E1,-1.507270813E1,-3.701666260E1,4.172189665E1
9.576604250E0,-1.224227524E1,-1.449764252E1,-3.705419922E1,4.163014078E1
9.586649250E0,-1.240779018E1,-1.389206314E1,-3.736401367E1,4.174939752E1
9.596693250E0,-1.269537163E1,-1.340073776E1,-3.775378418E1,4.202499796E1
9.606737250E0,-1.307126236E1,-1.282791138E1,-3.766577148E1,4.188225819E1
9.616782250E0,-1.322592545E1,-1.239249420E1,-3.777636719E1,4.189931902E1
9.626826250E0,-1.351811981E1,-1.199102020E1,-3.762738037E1,4.174139291E1
9.636870250E0,-1.383884048E1,-1.151268387E1,-3.744488525E1,4.154726017E1
9.646914250E0,-1.396918297E1,-1.111306763E1,-3.795654297E1,4.194445731E1
9.656958250E0,-1.396568298E1,-1.081677628E1,-3.742645264E1,4.138577421E1
9.667003250E0,-1.361468697E1,-1.058776855E1,-3.777301025E1,4.152422001E1
9.677047250E0,-1.348157310E1,-1.027463150E1,-3.786883545E1,4.148939098E1
9.687091250E0,-1.355851364E1,-1.006037903E1,-3.738873291E1,4.102391823E1
9.697136250E0,-1.369940186E1,-9.870574951E0,-3.790081787E1,4.149185289E1
9.707180250E0,-1.383519173E1,-9.818534851E0,-3.798864746E1,4.160472921E1
9.717224250E0,-1.408201694E1,-9.615562439E0,-3.764910889E1,4.133058967E1
9.727268250E0,-1.414625168E1,-9.610122681E0,-3.775848389E1,4.145086247E1
9.737312250E0,-1.442043686E1,-9.624427795E0,-3.758331299E1,4.138941924E1
9.747357250E0,-1.442188644E1,-9.683288574E0,-3.772235107E1,4.152990076E1
9.757401250E0,-1.449974728E1,-9.647224426E0,-3.745349121E1,4.130466819E1
9.767445250E0,-1.465609741E1,-9.493438721E0,-3.737622070E1,4.125419305E1
9.777489250E0,-1.463401318E1,-9.103088379E0,-3.765911865E1,4.141533264E1
9.787534250E0,-1.451191998E1,-8.770370483E0,-3.777148438E1,4.140290149E1
9.797578250E0,-1.432393265E1,-8.170646667E0,-3.805566406E1,4.147490905E1
9.807622250E0,-1.436012650E1,-7.707977295E0,-3.831695557E1,4.163910699E1
9.817666250E0,-1.444085884E1,-7.399940491E0,-3.796539307E1,4.128763246E1
9.827711250E0,-1.430127621E1,-6.908943176E0,-3.867102051E1,4.180559561E1
9.837755250E0,-1.430127621E1,-6.908943176E0,-3.867102051E1,4.180559561E1
9.847799250E0,-1.439389515E1,-6.674186707E0,-3.832373047E1,4.147815453E1
9.857843250E0,-1.429475212E1,-6.453392029E0,-3.862548828E1,4.168830234E1
9.867888250E0,-1.425487518E1,-6.292907715E0,-3.857385254E1,4.160221453E1
9.877932250E0,-1.419026566E1,-6.151901245E0,-3.828247070E1,4.128870416E1
9.887976250E0,-1.426734924E1,-6.024024963E0,-3.868176270E1,4.166683209E1
9.898020042E0,-1.440838051E1,-5.982872009E0,-3.835906982E1,4.141031785E1
9.908065042E0,-1.427457428E1,-5.808235168E0,-3.810064697E1,4.109937185E1
9.918109042E0,-1.439161873E1,-5.456481934E0,-3.830230713E1,4.127903361E1
9.928153041E0,-1.439199638E1,-5.072601318E0,-3.819091797E1,4.112671953E1
9.938197041E0,-1.451802540E1,-4.411056519E0,-3.843469238E1,4.132137534E1
9.948242041E0,-1.433372688E1,-3.884368896E0,-3.873052979E1,4.148009144E1
9.958286041E0,-1.412909508E1,-3.289100647E0,-3.869458008E1,4.132456943E1
9.968330042E0,-1.404063797E1,-2.412422180E0,-3.914294434E1,4.165488431E1
9.978374042E0,-1.395807648E1,-1.927879333E0,-3.921087646E1,4.166578273E1
9.988419042E0,-1.374217319E1,-1.295051575E0,-3.950811768E1,4.184992049E1
9.998463042E0,-1.345661926E1,-8.670425415E-1,-3.994390869E1,4.215860774E1
1.000850704E1,-1.318138218E1,-4.906768799E-1,-3.972698975E1,4.185956658E1
1.001855104E1,-1.307052803E1,-6.093597412E-2,-3.993292236E1,4.201762374E1
1.002859604E1,-1.317512703E1,2.119293213E-1,-3.971203613E1,4.184106476E1
1.003864004E1,-1.309122086E1,4.864883423E-1,-3.945324707E1,4.157132953E1
1.004868404E1,-1.310506630E1,8.456192017E-1,-3.984167480E1,4.195017146E1
1.005872804E1,-1.330187035E1,1.204498291E0,-3.934368896E1,4.154896427E1
1.006877304E1,-1.320764637E1,1.513275146E0,-3.988854980E1,4.204555065E1
1.007881704E1,-1.326086521E1,1.782936096E0,-3.997882080E1,4.215845728E1
1.008886104E1,-1.321426773E1,2.198997498E0,-3.933300781E1,4.155163012E1
1.009890504E1,-1.339295769E1,2.673744202E0,-3.948968506E1,4.178463174E1
1.010895004E1,-1.339663506E1,3.325202942E0,-3.915039062E1,4.151240648E1
1.011899404E1,-1.362932968E1,4.130500793E0,-3.927612305E1,4.177838563E1
1.012903804E1,-1.357732391E1,4.910766602E0,-3.965832520E1,4.220476407E1
1.013908204E1,-1.397651100E1,5.795341492E0,-3.905108643E1,4.187978264E1
1.014912704E1,-1.404080391E1,6.696022034E0,-3.900061035E1,4.198843285E1
1.015917104E1,-1.424012184E1,7.432273865E0,-3.847985840E1,4.169795279E1
1.016921504E1,-1.427542114E1,8.082618713E0,-3.808825684E1,4.147085341E1
1.017925904E1,-1.433630562E1,8.673446655E0,-3.839208984E1,4.188926949E1
1.018930404E1,-1.448347855E1,9.022972107E0,-3.798480225E1,4.164169038E1
1.019934804E1,-1.469029617E1,9.346496582E0,-3.838494873E1,4.214933083E1
1.020939204E1,-1.459151840E1,9.366645813E0,-3.858935547E1,4.230584851E1
1.021943604E1,-1.468405914E1,9.438926697E0,-3.773046875E1,4.157286618E1
1.022948104E1,-1.463063335E1,9.253784180E0,-3.828070068E1,4.201309318E1
1.023952504E1,-1.452377701E1,8.931098938E0,-3.810144043E1,4.174235726E1
1.024956904E1,-1.427131271E1,8.558746338E0,-3.851269531E1,4.195414408E1
1.025961304E1,-1.402707291E1,8.067550659E0,-3.886608887E1,4.210008328E1
1.026965804E1,-1.390532684E1,7.486915588E0,-3.880328369E1,4.189399533E1
1.027970204E1,-1.359313774E1,7.002418518E0,-3.925500488E1,4.212793215E1
1.028974604E1,-1.337027168E1,6.300292969E0,-3.920458984E1,4.189818279E1
1.029979004E1,-1.325231171E1,5.768135071E0,-3.888677979E1,4.148586253E1
1.030983504E1,-1.315351677E1,5.159790039E0,-3.958190918E1,4.202815688E1
1.031987904E1,-1.291172886E1,4.811309814E0,-3.947338867E1,4.180920781E1
1.032992304E1,-1.287744808E1,4.720291138E0,-3.951092529E1,4.182371379E1
1.033996704E1,-1.266298103E1,4.432624817E0,-3.976098633E1,4.196349944E1
1.035001104E1,-1.254841995E1,4.173355103E0,-4.012811279E1,4.225097836E1
1.036005604E1,-1.225579643E1,3.827941895E0,-3.967504883E1,4.170092547E1
1.037010004E1,-1.213509274E1,3.477661133E0,-4.040875244E1,4.233464157E1
1.038014404E1,-1.205812359E1,3.227508545E0,-3.998797607E1,4.189097023E1
1.039018804E1,-1.184569359E1,2.845657349E0,-3.998107910E1,4.179599154E1
1.040023304E1,-1.186682987E1,2.295494080E0,-4.042181396E1,4.219021200E1
1.041027704E1,-1.156251431E1,1.781951904E0,-3.971435547E1,4.140165600E1
1.042032104E1,-1.159517193E1,1.335502625E0,-3.988269043E1,4.155551197E1
1.043036504E1,-1.153844833E1,4.584350586E-1,-3.967254639E1,4.131896525E1
1.044041004E1,-1.127895355E1,-1.327133179E-1,-3.953802490E1,4.111554231E1
1.045045404E1,-1.117099667E1,-7.059707642E-1,-3.985705566E1,4.139896674E1
1.046049804E1,-1.099174881E1,-1.447769165E0,-3.981677246E1,4.133146437E1
1.047054204E1,-1.076119137E1,-1.851531982E0,-4.012066650E1,4.158003477E1
1.048058704E1,-1.052527523E1,-2.587806702E0,-4.018347168E1,4.161958143E1
1.049063104E1,-1.014636040E1,-3.167518616E0,-3.942584229E1,4.083355046E1
1.050067504E1,-9.982113838E0,-3.906944275E0,-3.972235107E1,4.114331033E1
1.051071904E1,-9.950617790E0,-4.615303040E0,-3.928076172E1,4.078350227E1
1.052076404E1,-9.788070679E0,-5.440292358E0,-3.970263672E1,4.125169658E1
1.053080804E1,-9.774741173E0,-6.126747131E0,-3.967926025E1,4.132222513E1
1.054085204E1,-9.871680260E0,-6.984603882E0,-3.902087402E1,4.085172422E1
1.055089604E1,-9.719079018E0,-7.507514954E0,-3.921771240E1,4.109564750E1
1.056094104E1,-9.736367226E0,-8.147323608E0,-3.883496094E1,4.085743408E1
1.057098504E1,-9.575012207E0,-8.863464355E0,-3.864636230E1,4.078949839E1
1.058102904E1,-9.507703781E0,-9.373718262E0,-3.880688477E1,4.103946065E1
1.059107304E1,-9.482194901E0,-1.019768906E1,-3.848883057E1,4.093036722E1
1.060111704E1,-9.290718079E0,-1.091511154E1,-3.870294189E1,4.127196159E1
1.061116204E1,-9.288463593E0,-1.154945755E1,-3.856591797E1,4.131580272E1
1.062120604E1,-9.147825241E0,-1.236345291E1,-3.745697021E1,4.049150889E1
1.063125004E1,-9.174207687E0,-1.300541306E1,-3.755957031E1,4.079250149E1
1.064129404E1,-9.134118080E0,-1.389854050E1,-3.714343262E1,4.069688106E1
1.065133904E1,-9.309630394E0,-1.462530899E1,-3.675738525E1,4.064079541E1
1.066138304E1,-9.189181328E0,-1.557101440E1,-3.680120850E1,4.100276198E1
1.067142704E1,-9.033465385E0,-1.629273605E1,-3.595684814E1,4.049631679E1
1.068147104E1,-9.024711609E0,-1.697645187E1,-3.602087402E1,4.083073234E1
1.069151604E1,-9.043495178E0,-1.762513351E1,-3.534185791E1,4.051514602E1
1.070156004E1,-8.851347923E0,-1.822824860E1,-3.489532471E1,4.035218821E1
1.071160404E1,-8.565408707E0,-1.862899780E1,-3.501770020E1,4.057887520E1
1.072164804E1,-8.524534225E0,-1.905923080E1,-3.488183594E1,4.065297579E1
1.073169304E1,-8.606711388E0,-1.956296921E1,-3.476898193E1,4.081258813E1
1.074173704E1,-8.526790619E0,-2.003294373E1,-3.459106445E1,4.087256699E1
1.075178104E1,-8.329082489E0,-2.049956512E1,-3.391864014E1,4.049790037E1
1.076182504E1,-8.070778847E0,-2.100733948E1,-3.369989014E1,4.052318322E1
1.077187004E1,-8.101815224E0,-2.146141052E1,-3.316381836E1,4.032456323E1
1.078191404E1,-8.054659843E0,-2.187795258E1,-3.343371582E1,4.075948611E1
1.079195804E1,-7.776123047E0,-2.240259171E1,-3.304290771E1,4.067158658E1
1.080200204E1,-7.665964127E0,-2.294174576E1,-3.217480469E1,4.025305903E1
1.081204704E1,-7.636274338E0,-2.336156082E1,-3.193756104E1,4.029991333E1
1.082209104E1,-7.636274338E0,-2.336156082E1,-3.193756104E1,4.029991333E1
1.083213504E1,-7.400684357E0,-2.389136505E1,-3.132214355E1,4.008296558E1
1.084217904E1,-7.137249947E0,-2.462322998E1,-3.073950195E1,4.002700053E1
1.085222404E1,-7.025385857E0,-2.504928207E1,-3.120013428E1,4.062352715E1
1.086226804E1,-6.904452324E0,-2.542689133E1,-3.050781250E1,4.031035708E1
1.087231204E1,-6.591074944E0,-2.577811432E1,-3.068707275E1,4.061588213E1
1.088235604E1,-6.541663170E0,-2.601556396E1,-3.063732910E1,4.072160188E1
1.089240004E1,-6.423940659E0,-2.635846329E1,-2.991503906E1,4.038496208E1
1.090244500E1,-6.188151360E0,-2.654249954E1,-2.997314453E1,4.051156492E1
1.091248900E1,-6.018378258E0,-2.669032669E1,-2.973022461E1,4.040396851E1
1.092253300E1,-6.021133423E0,-2.683274078E1,-2.987377930E1,4.060409727E1
1.093257700E1,-5.757317543E0,-2.697734451E1,-2.961035156E1,4.046846602E1
1.094262200E1,-5.787506104E0,-2.724633789E1,-2.906829834E1,4.025946005E1
1.095266600E1,-5.737915993E0,-2.732478714E1,-2.920867920E1,4.040686344E1
1.096271000E1,-5.825986862E0,-2.758062744E1,-2.841082764E1,4.002259687E1
1.097275400E1,-5.725617409E0,-2.784485626E1,-2.830334473E1,4.011481070E1
1.098279900E1,-5.864130974E0,-2.800949097E1,-2.842913818E1,4.033776784E1
1.099284300E1,-5.930607796E0,-2.829734039E1,-2.801403809E1,4.025789254E1
1.100288700E1,-5.890151024E0,-2.848024750E1,-2.801666260E1,4.038256752E1
1.101293100E1,-5.831206322E0,-2.861663055E1,-2.785107422E1,4.035587747E1
1.102297600E1,-5.974906921E0,-2.876977158E1,-2.741552734E1,4.018719210E1
1.103302000E1,-5.913994789E0,-2.901585770E1,-2.783087158E1,4.063807015E1
1.104306400E1,-5.847633362E0,-2.908388901E1,-2.744079590E1,4.041119517E1
1.105310800E1,-5.771611214E0,-2.930971527E1,-2.764660645E1,4.070265044E1
1.106315200E1,-5.916061401E0,-2.925183868E1,-2.742407227E1,4.053084737E1
1.107319700E1,-6.166629791E0,-2.932409286E1,-2.709576416E1,4.039938342E1
1.108324100E1,-6.309607506E0,-2.937617111E1,-2.723364258E1,4.055171839E1
1.109328500E1,-6.386988640E0,-2.938039398E1,-2.675109863E1,4.024453320E1
1.110332900E1,-6.527941704E0,-2.928471375E1,-2.658947754E1,4.009000870E1
1.111337400E1,-6.780647278E0,-2.919849396E1,-2.711486816E1,4.041961532E1
1.112341800E1,-6.823107719E0,-2.908863449E1,-2.700170898E1,4.027152522E1
1.113346200E1,-7.015186310E0,-2.886856461E1,-2.723626709E1,4.030410781E1
1.114350600E1,-6.994118690E0,-2.860902786E1,-2.768927002E1,4.042387717E1
1.115355100E1,-6.811239243E0,-2.845481110E1,-2.767645264E1,4.027474749E1
1.116359500E1,-6.855676651E0,-2.822441864E1,-2.817108154E1,4.046267348E1
1.117363900E1,-7.314538956E0,-2.802031326E1,-2.784637451E1,4.017537814E1
1.118368300E1,-7.683767319E0,-2.779463196E1,-2.823309326E1,4.035702418E1
1.119372800E1,-7.739362717E0,-2.787121582E1,-2.801110840E1,4.026567521E1
1.120377200E1,-7.762589455E0,-2.791872787E1,-2.740643311E1,3.988515685E1
1.121381600E1,-8.053394318E0,-2.777975464E1,-2.769354248E1,4.004377883E1
1.122386000E1,-8.201540947E0,-2.792860413E1,-2.770855713E1,4.018751473E1
1.123390400E1,-8.365745544E0,-2.787174225E1,-2.755187988E1,4.007400404E1
1.124394900E1,-8.408615112E0,-2.768120956E1,-2.794635010E1,4.022378220E1
1.125399300E1,-8.627450943E0,-2.755728149E1,-2.796221924E1,4.019604928E1
1.126403700E1,-8.787032127E0,-2.721457291E1,-2.833770752E1,4.026003700E1
1.127408100E1,-8.807375908E0,-2.713724136E1,-2.860192871E1,4.039888693E1
1.128412600E1,-9.100147247E0,-2.696602249E1,-2.802056885E1,3.993909523E1
1.129417000E1,-9.267657280E0,-2.694461441E1,-2.852142334E1,4.031591877E1
1.130421400E1,-9.267657280E0,-2.694461441E1,-2.852142334E1,4.031591877E1
1.131425800E1,-9.658290863E0,-2.702224731E1,-2.813195801E1,4.018571256E1
1.132430300E1,-9.676507950E0,-2.699578857E1,-2.834252930E1,4.032004928E1
1.133434700E1,-9.813080788E0,-2.704639435E1,-2.841412354E1,4.043719103E1
1.134439100E1,-9.951773643E0,-2.709690857E1,-2.819335938E1,4.035028830E1
1.135443500E1,-9.782783508E0,-2.703816986E1,-2.824237061E1,4.030380851E1
1.136448000E1,-9.476710320E0,-2.707917404E1,-2.782177734E1,3.996424652E1
1.137452400E1,-9.482450485E0,-2.727910233E1,-2.761425781E1,3.995764665E1
1.138456800E1,-9.491059303E0,-2.738868713E1,-2.792395020E1,4.024881842E1
1.139461200E1,-9.254143715E0,-2.742462158E1,-2.750744629E1,3.993004691E1
1.140465600E1,-9.018455505E0,-2.749987793E1,-2.780969238E1,4.013670161E1
1.141470100E1,-9.006938934E0,-2.756172943E1,-2.771520996E1,4.011117976E1
1.142474500E1,-9.000189781E0,-2.766218567E1,-2.736566162E1,3.993844474E1
1.143478900E1,-9.166484833E0,-2.766654205E1,-2.769152832E1,4.020301897E1
1.144483300E1,-9.281711578E0,-2.780417633E1,-2.723333740E1,4.001096171E1
1.145487800E1,-9.206339836E0,-2.775396729E1,-2.737371826E1,4.005446098E1
1.146492200E1,-9.246803284E0,-2.791578674E1,-2.724566650E1,4.008891198E1
1.147496600E1,-9.415493965E0,-2.803723907E1,-2.687744141E1,3.996417343E1
1.148501000E1,-9.373272896E0,-2.812553406E1,-2.699090576E1,4.009255423E1
1.149505500E1,-9.641546249E0,-2.806170654E1,-2.671221924E1,3.992444671E1
1.150509900E1,-9.716273308E0,-2.809399414E1,-2.648754883E1,3.981543315E1
1.151514300E1,-9.782176971E0,-2.809750748E1,-2.680084229E1,4.004305258E1
1.152518700E1,-1.005440235E1,-2.826206207E1,-2.633587646E1,3.991758445E1
1.153523100E1,-1.011102009E1,-2.829483795E1,-2.646252441E1,4.003867855E1
1.154527600E1,-1.028980637E1,-2.834592056E1,-2.640875244E1,4.008482921E1
1.155532000E1,-1.054494476E1,-2.861878967E1,-2.550518799E1,3.975859148E1
1.156536400E1,-1.048157883E1,-2.868040466E1,-2.561328125E1,3.985560541E1
1.157540800E1,-1.035257244E1,-2.912726593E1,-2.518676758E1,3.987413495E1
1.158545300E1,-1.031433868E1,-2.929163742E1,-2.501586914E1,3.987705248E1
1.159549700E1,-1.048268604E1,-2.937406158E1,-2.452545166E1,3.967644112E1
1.160554100E1,-1.055172157E1,-2.974154282E1,-2.393334961E1,3.960686078E1
1.161558500E1,-1.050513172E1,-3.002568436E1,-2.391149902E1,3.979521704E1
1.162563000E1,-1.058572769E1,-3.033662796E1,-2.354718018E1,3.983513927E1
1.163567400E1,-1.041333580E1,-3.056452560E1,-2.314849854E1,3.973009907E1
1.164571800E1,-1.054223919E1,-3.079143524E1,-2.323974609E1,3.999171276E1
1.165576200E1,-1.059542084E1,-3.102897644E1,-2.274359131E1,3.990402570E1
1.166580600E1,-1.057323551E1,-3.114916611E1,-2.269378662E1,3.996338086E1
1.167585100E1,-1.045582962E1,-3.138104248E1,-2.252758789E1,4.001982529E1
1.168589500E1,-1.045390987E1,-3.158378601E1,-2.138909912E1,3.955140113E1
1.169593900E1,-1.043526745E1,-3.184955215E1,-2.175427246E1,3.995669092E1
1.170598300E1,-1.014150620E1,-3.215245056E1,-2.124713135E1,3.985060621E1
1.171602800E1,-1.019593239E1,-3.228892899E1,-2.101892090E1,3.985382049E1
1.172607200E1,-1.015372753E1,-3.239416504E1,-2.092218018E1,3.987753421E1
1.173611600E1,-1.015785408E1,-3.265763855E1,-2.034881592E1,3.979670419E1
1.174616000E1,-1.028489017E1,-3.261407852E1,-2.045458984E1,3.984780206E1
1.175620500E1,-1.020185471E1,-3.279140091E1,-1.998657227E1,3.973432878E1
1.176624900E1,-1.039090919E1,-3.285784912E1,-1.969549561E1,3.969284306E1
1.177629300E1,-1.051386833E1,-3.291610336E1,-1.986523438E1,3.985773231E1
1.178633700E1,-1.050337410E1,-3.291031265E1,-1.986346436E1,3.984930065E1
1.179638200E1,-1.050144100E1,-3.309246445E1,-1.934521484E1,3.974454433E1
1.180642600E1,-1.041583347E1,-3.310576248E1,-1.972985840E1,3.992177863E1
1.181647000E1,-1.037687397E1,-3.315871429E1,-1.955535889E1,3.986968658E1
1.182651400E1,-1.045076656E1,-3.326147079E1,-1.860278320E1,3.951717986E1
1.183655800E1,-1.051414013E1,-3.331029129E1,-1.862725830E1,3.958658106E1
1.184660300E1,-1.069911480E1,-3.341925049E1,-1.843011475E1,3.963567194E1
1.185664700E1,-1.059174728E1,-3.348917770E1,-1.848742676E1,3.969250662E1
1.186669100E1,-1.076078796E1,-3.360155106E1,-1.849530029E1,3.983635179E1
1.187673500E1,-1.092533970E1,-3.368065643E1,-1.775238037E1,3.960930035E1
1.188678000E1,-1.089605331E1,-3.363796997E1,-1.790191650E1,3.963225474E1
1.189682400E1,-1.101984501E1,-3.370769501E1,-1.739617920E1,3.950028781E1
1.190686750E1,-1.113806057E1,-3.382978058E1,-1.715850830E1,3.953384442E1
1.191691150E1,-1.096441078E1,-3.387519073E1,-1.733929443E1,3.960300472E1
1.192695650E1,-1.104475021E1,-3.400835800E1,-1.696875000E1,3.957895145E1
1.193700050E1,-1.100782013E1,-3.412903214E1,-1.746423340E1,3.988686985E1
1.194704450E1,-1.110906696E1,-3.413709259E1,-1.690301514E1,3.967952091E1
1.195708850E1,-1.087720966E1,-3.427264786E1,-1.645678711E1,3.954432858E1
1.196713250E1,-1.092088223E1,-3.425315475E1,-1.672949219E1,3.965375377E1
1.197717750E1,-1.078042603E1,-3.450373077E1,-1.631481934E1,3.965978256E1
1.198722150E1,-1.072349262E1,-3.463111115E1,-1.659320068E1,3.987030803E1
1.199726550E1,-1.077554607E1,-3.461028290E1,-1.649890137E1,3.982709909E1
1.200730950E1,-1.072246361E1,-3.466182709E1,-1.580706787E1,3.957621606E1
1.201735450E1,-1.082575893E1,-3.478103638E1,-1.604107666E1,3.980243320E1
1.202739850E1,-1.052622986E1,-3.482257080E1,-1.592102051E1,3.971009753E1
1.203744250E1,-1.032734585E1,-3.490672302E1,-1.567956543E1,3.963561727E1
1.204748650E1,-1.032709026E1,-3.486862564E1,-1.594842529E1,3.970921954E1
1.205753150E1,-1.020861912E1,-3.497792816E1,-1.580126953E1,3.971588450E1
1.206757550E1,-1.028341103E1,-3.493962860E1,-1.616137695E1,3.984615783E1
1.207761950E1,-1.013593578E1,-3.505058289E1,-1.626916504E1,3.994954675E1
1.208766350E1,-1.017361736E1,-3.510929871E1,-1.594311523E1,3.987917087E1
1.209770750E1,-1.022104454E1,-3.490909958E1,-1.642071533E1,3.990933321E1
1.210775250E1,-1.013727760E1,-3.498025131E1,-1.616595459E1,3.984621019E1
1.211779650E1,-1.004163170E1,-3.505581284E1,-1.628271484E1,3.993583833E1
1.212784050E1,-9.910183907E0,-3.527296829E1,-1.629638672E1,4.009945458E1
1.213788450E1,-9.716593742E0,-3.532345963E1,-1.577917480E1,3.988911319E1
1.214792950E1,-9.541852951E0,-3.536169434E1,-1.591333008E1,3.993407640E1
1.215797350E1,-9.352667809E0,-3.549245834E1,-1.564093018E1,3.989769030E1
1.216801750E1,-9.375726700E0,-3.553706360E1,-1.553051758E1,3.989967565E1
1.217806150E1,-9.077562332E0,-3.550808716E1,-1.606744385E1,4.001736052E1
1.218810550E1,-9.174740791E0,-3.553363419E1,-1.591430664E1,4.000100227E1
1.219815050E1,-9.116086006E0,-3.562322617E1,-1.627600098E1,4.021225528E1
1.220819450E1,-9.283534050E0,-3.555643845E1,-1.597229004E1,4.006941937E1
1.221823850E1,-9.227181435E0,-3.548641586E1,-1.562579346E1,3.985714502E1
1.222828250E1,-9.018372536E0,-3.543944550E1,-1.618560791E1,3.999073947E1
1.223832750E1,-8.902485847E0,-3.553433228E1,-1.596588135E1,3.996063553E1
1.224837150E1,-8.909259796E0,-3.554495239E1,-1.636480713E1,4.013259851E1
1.225841550E1,-8.780129433E0,-3.549446869E1,-1.632104492E1,4.004153453E1
1.226845950E1,-8.619899750E0,-3.562390900E1,-1.570050049E1,3.987318998E1
1.227850350E1,-8.619899750E0,-3.562390900E1,-1.570050049E1,3.987318998E1
1.228854850E1,-8.509259224E0,-3.555480957E1,-1.624871826E1,4.000715963E1
1.229859250E1,-8.281378746E0,-3.573345566E1,-1.614709473E1,4.007729726E1
1.230863650E1,-8.149136543E0,-3.576163101E1,-1.599987793E1,4.001623137E1
1.231868050E1,-8.163131714E0,-3.570464706E1,-1.644726562E1,4.014935974E1
1.232872550E1,-8.113494873E0,-3.568719482E1,-1.618438721E1,4.001673478E1
1.233876950E1,-7.985081673E0,-3.569412613E1,-1.671722412E1,4.021564064E1
1.234881350E1,-8.010336876E0,-3.564763260E1,-1.693939209E1,4.027235045E1
1.235885750E1,-7.905820847E0,-3.565217209E1,-1.683215332E1,4.021070459E1
1.236890250E1,-7.612802505E0,-3.578556824E1,-1.746014404E1,4.053909577E1
1.237894650E1,-7.445934296E0,-3.562778854E1,-1.712341309E1,4.022427787E1
1.238899050E1,-7.287702560E0,-3.544074631E1,-1.728796387E1,4.010025938E1
1.239903450E1,-7.093185425E0,-3.546476364E1,-1.752172852E1,4.018797967E1
1.240907850E1,-6.955462456E0,-3.543153763E1,-1.743963623E1,4.009879335E1
1.241912350E1,-6.672874451E0,-3.553403473E1,-1.774462891E1,4.027488960E1
1.242916750E1,-6.635883331E0,-3.544756317E1,-1.754150391E1,4.010322982E1
1.243921150E1,-6.694715500E0,-3.543640137E1,-1.737188721E1,4.002924209E1
1.244925550E1,-6.507744789E0,-3.533112717E1,-1.805334473E1,4.020649879E1
1.245930050E1,-6.467641830E0,-3.542985535E1,-1.799926758E1,4.026262130E1
1.246934450E1,-6.439420700E0,-3.520364761E1,-1.803485107E1,4.007516435E1
1.247938850E1,-6.328474998E0,-3.519348907E1,-1.816772461E1,4.010857124E1
1.248943250E1,-6.348978996E0,-3.493055725E1,-1.809313965E1,3.984739724E1
1.249947650E1,-6.128503799E0,-3.501974487E1,-1.860394287E1,4.012540069E1
1.250952150E1,-5.961595535E0,-3.507745361E1,-1.872387695E1,4.020636693E1
1.251956550E1,-5.724320412E0,-3.494734192E1,-1.899609375E1,4.018626792E1
1.252960950E1,-5.536581993E0,-3.476576996E1,-1.909509277E1,4.004915816E1
1.253965350E1,-5.280767441E0,-3.481611633E1,-1.908166504E1,4.005194629E1
1.254969850E1,-5.056772232E0,-3.473491287E1,-1.941961670E1,4.011491780E1
1.255974250E1,-5.109453201E0,-3.463285828E1,-1.949957275E1,4.007211901E1
1.256978650E1,-5.065958023E0,-3.450807571E1,-1.952624512E1,3.997180842E1
1.257983050E1,-4.917587280E0,-3.434591675E1,-2.018634033E1,4.014116339E1
1.258987450E1,-4.833332062E0,-3.433148193E1,-2.012261963E1,4.008655100E1
1.259991950E1,-4.780050278E0,-3.407891464E1,-2.101794434E1,4.032338389E1
1.260996350E1,-4.548997879E0,-3.393442917E1,-2.159558105E1,4.047972314E1
1.262000750E1,-4.553174973E0,-3.368485260E1,-2.140991211E1,4.017194336E1
1.263005150E1,-4.402164459E0,-3.342508316E1,-2.209277344E1,4.030764040E1
1.264009650E1,-4.282655716E0,-3.327338791E1,-2.208660889E1,4.016562927E1
1.265014050E1,-4.127763748E0,-3.319001770E1,-2.289703369E1,4.053257777E1
1.266018450E1,-4.168983459E0,-3.308256531E1,-2.308874512E1,4.055769596E1
1.267022850E1,-4.009988785E0,-3.312797165E1,-2.299633789E1,4.052621463E1
1.268027250E1,-3.895355225E0,-3.310893250E1,-2.335070801E1,4.070172930E1
1.269031750E1,-3.521673203E0,-3.318362427E1,-2.348645020E1,4.080647552E1
1.270036150E1,-3.423742294E0,-3.300191498E1,-2.323992920E1,4.050855111E1
1.271040550E1,-3.222002029E0,-3.297364807E1,-2.409014893E1,4.096313025E1
1.272044950E1,-3.322799683E0,-3.296267700E1,-2.392285156E1,4.086418848E1
1.273049450E1,-3.407117844E0,-3.275888443E1,-2.442663574E1,4.100504231E1
1.274053850E1,-3.357398987E0,-3.263560867E1,-2.475164795E1,4.109743493E1
1.275058250E1,-3.486623764E0,-3.235002518E1,-2.486041260E1,4.094778124E1
1.276062650E1,-3.486623764E0,-3.235002518E1,-2.486041260E1,4.094778124E1
1.277067150E1,-3.326410294E0,-3.212501144E1,-2.556695557E1,4.119163243E1
1.278071550E1,-3.259447098E0,-3.196228409E1,-2.553344727E1,4.103862240E1
1.279075950E1,-3.190708160E0,-3.175475311E1,-2.600573730E1,4.116847503E1
1.280080350E1,-2.938142776E0,-3.164191055E1,-2.628869629E1,4.124243857E1
1.281084750E1,-3.004119873E0,-3.153426361E1,-2.623229980E1,4.112867699E1
1.282089250E1,-2.827903748E0,-3.139710999E1,-2.667132568E1,4.129328237E1
1.283093650E1,-2.840108871E0,-3.121666336E1,-2.671569824E1,4.118585707E1
1.284098050E1,-2.784397125E0,-3.117900467E1,-2.673010254E1,4.116286653E1
1.285102450E1,-2.772460938E0,-3.088376236E1,-2.714825439E1,4.121311725E1
1.286106950E1,-2.779630661E0,-3.089513779E1,-2.721630859E1,4.126697637E1
1.287111350E1,-2.629507065E0,-3.060314178E1,-2.748687744E1,4.121886735E1
1.288115750E1,-2.510837555E0,-3.053808212E1,-2.770220947E1,4.130727750E1
1.289120150E1,-2.266155243E0,-3.045312119E1,-2.759356689E1,4.115741711E1
1.290124592E1,-2.191833496E0,-3.027250290E1,-2.818621826E1,4.142090614E1
1.291129092E1,-2.290037155E0,-3.018067551E1,-2.804101562E1,4.126034418E1
1.292133492E1,-2.338685989E0,-2.996725464E1,-2.827508545E1,4.126725409E1
1.293137892E1,-2.210783005E0,-2.988959885E1,-2.848773193E1,4.135004899E1
1.294142292E1,-2.274753571E0,-2.998480988E1,-2.828350830E1,4.128220160E1
1.295146792E1,-1.865064621E0,-2.990092468E1,-2.866357422E1,4.146256444E1
1.296151192E1,-1.841358185E0,-2.992343140E1,-2.833117676E1,4.124873238E1
1.297155592E1,-1.800580978E0,-2.978872681E1,-2.848638916E1,4.125632926E1
1.298159992E1,-1.600969315E0,-2.970842743E1,-2.897735596E1,4.153120419E1
1.299164392E1,-1.575487137E0,-2.964455414E1,-2.880255127E1,4.136264872E1
1.300168892E1,-1.418672562E0,-2.941954041E1,-2.910839844E1,4.141039542E1
1.301173292E1,-1.283475876E0,-2.955616379E1,-2.880810547E1,4.129311164E1
1.302177692E1,-1.078552246E0,-2.946575928E1,-2.884588623E1,4.124899268E1
1.303182092E1,-1.055606842E0,-2.948323441E1,-2.914453125E1,4.147021966E1
1.304186492E1,-1.125024796E0,-2.956021500E1,-2.882293701E1,4.130173954E1
1.305190992E1,-9.354991913E-1,-2.951421356E1,-2.924090576E1,4.155712371E1
1.306195392E1,-6.160049438E-1,-2.942418289E1,-2.920397949E1,4.146123996E1
1.307199792E1,-1.287689209E-1,-2.947055054E1,-2.892529297E1,4.129409769E1
1.308204192E1,2.318763733E-1,-2.937923431E1,-2.940014648E1,4.156394819E1
1.309208692E1,5.362052917E-1,-2.925369644E1,-2.886694336E1,4.110190617E1
1.310213092E1,6.884689331E-1,-2.926784134E1,-2.889984131E1,4.113734743E1
1.311217492E1,6.690711975E-1,-2.906485748E1,-2.947711182E1,4.140185645E1
1.312221892E1,6.483955383E-1,-2.896224213E1,-2.938134766E1,4.126130725E1
1.313226292E1,6.148700714E-1,-2.863173676E1,-2.971923828E1,4.127211575E1
1.314230792E1,5.658226013E-1,-2.861157608E1,-2.988159180E1,4.137453286E1
1.315235192E1,7.662105560E-1,-2.849753952E1,-2.989544678E1,4.130901325E1
1.316239592E1,8.334522247E-1,-2.814117432E1,-3.049127197E1,4.150106024E1
1.317243992E1,5.814285278E-1,-2.809745407E1,-3.013256836E1,4.120408548E1
1.318248492E1,6.187515259E-1,-2.803152466E1,-3.061688232E1,4.151557191E1
1.319252892E1,7.239837646E-1,-2.797527313E1,-3.094403076E1,4.172137461E1
1.320257292E1,6.302108765E-1,-2.783848953E1,-3.061175537E1,4.138185873E1
1.321261692E1,8.922767639E-1,-2.771533203E1,-3.112469482E1,4.168551805E1
1.322266092E1,1.254596710E0,-2.759979630E1,-3.094238281E1,4.148196985E1
1.323270592E1,1.420572281E0,-2.745566940E1,-3.097100830E1,4.141298303E1
1.324274992E1,1.823934555E0,-2.732711792E1,-3.152777100E1,4.176240480E1
1.325279392E1,1.823934555E0,-2.732711792E1,-3.152777100E1,4.176240480E1
1.326283792E1,2.111585617E0,-2.715134430E1,-3.140509033E1,4.156842540E1
1.327288292E1,2.437273026E0,-2.692295074E1,-3.166369629E1,4.163382326E1
1.328292692E1,2.667459488E0,-2.684976578E1,-3.143811035E1,4.142921729E1
1.329297092E1,2.883636475E0,-2.675018692E1,-3.099011230E1,4.103991862E1
1.330301492E1,3.174028397E0,-2.670209885E1,-3.150482178E1,4.142016821E1
1.331305892E1,3.454223633E0,-2.669182968E1,-3.119097900E1,4.119784708E1
1.332310392E1,3.644689560E0,-2.673272705E1,-3.137756348E1,4.138204861E1
1.333314792E1,3.945720673E0,-2.674205399E1,-3.167498779E1,4.164145788E1
1.334319192E1,4.172857285E0,-2.665958786E1,-3.126489258E1,4.129939310E1
1.335323592E1,4.374420166E0,-2.657095718E1,-3.140496826E1,4.136935277E1
1.336327992E1,4.764228821E0,-2.643787003E1,-3.132800293E1,4.126866384E1
1.337332492E1,5.166671753E0,-2.634880829E1,-3.137634277E1,4.129684105E1
1.338336892E1,5.342361450E0,-2.629840851E1,-3.182147217E1,4.162635231E1
1.339341292E1,5.494768143E0,-2.623518372E1,-3.164562988E1,4.147195718E1
1.340345692E1,5.700387955E0,-2.607349014E1,-3.216113281E1,4.179305893E1
1.341350192E1,5.846591949E0,-2.590579224E1,-3.170166016E1,4.135562798E1
1.342354592E1,6.215339661E0,-2.590055084E1,-3.120361328E1,4.102602178E1
1.343358992E1,6.524362564E0,-2.588280869E1,-3.171405029E1,4.145199728E1
1.344363392E1,6.440244675E0,-2.595445251E1,-3.152478027E1,4.133911136E1
1.345367792E1,6.679311752E0,-2.584954834E1,-3.162152100E1,4.138517784E1
1.346372292E1,6.937955856E0,-2.586692047E1,-3.157098389E1,4.139999794E1
1.347376692E1,7.114919662E0,-2.590687180E1,-3.106268311E1,4.106919003E1
1.348381092E1,7.347387314E0,-2.613325500E1,-3.126696777E1,4.140717802E1
1.349385492E1,7.650709152E0,-2.619513321E1,-3.094812012E1,4.126141652E1
1.350389992E1,7.627834320E0,-2.632107544E1,-3.107672119E1,4.143362727E1
1.351394392E1,7.397686005E0,-2.622162628E1,-3.126007080E1,4.146675137E1
1.352398792E1,7.488389969E0,-2.645209503E1,-3.119042969E1,4.157682311E1
1.353403192E1,7.355344772E0,-2.634115601E1,-3.140618896E1,4.164500332E1
1.354407592E1,7.283245087E0,-2.628984451E1,-3.139312744E1,4.159002325E1
1.355412092E1,7.447250366E0,-2.632140350E1,-3.120892334E1,4.150029779E1
1.356416492E1,7.474224091E0,-2.626455307E1,-3.161724854E1,4.177728065E1
1.357420892E1,7.476093292E0,-2.627606583E1,-3.130651855E1,4.155023117E1
1.358425292E1,7.549434662E0,-2.618552017E1,-3.162725830E1,4.174875924E1
1.359429692E1,7.660943985E0,-2.620174408E1,-3.180102539E1,4.191093737E1
1.360434192E1,7.716642380E0,-2.621936417E1,-3.143273926E1,4.165355596E1
1.361438592E1,7.734666824E0,-2.629806137E1,-3.165783691E1,4.187638643E1
1.362442992E1,7.935356140E0,-2.639163208E1,-3.120697021E1,4.163367760E1
1.363447392E1,8.214515686E0,-2.651060104E1,-3.097753906E1,4.159204446E1
1.364451892E1,8.490182877E0,-2.658123398E1,-3.130993652E1,4.193992525E1
1.365456292E1,8.516689301E0,-2.673748398E1,-3.103948975E1,4.184348181E1
1.366460692E1,8.682752609E0,-2.681203842E1,-3.100042725E1,4.189632546E1
1.367465092E1,8.835092545E0,-2.684364700E1,-3.041107178E1,4.151473872E1
1.368469492E1,9.121026993E0,-2.695341110E1,-3.002740479E1,4.136815855E1
1.369473992E1,9.157312393E0,-2.694081116E1,-3.031256104E1,4.157541380E1
1.370478392E1,9.279603958E0,-2.709571457E1,-3.000817871E1,4.148228040E1
1.371482792E1,9.150331497E0,-2.716645813E1,-3.041693115E1,4.179634810E1
1.372487192E1,9.203027725E0,-2.715960693E1,-3.039813232E1,4.178978843E1
1.373491592E1,9.209970474E0,-2.714884186E1,-3.038085938E1,4.177175824E1
1.374496092E1,9.619363785E0,-2.732423401E1,-2.996801758E1,4.168006719E1
1.375500492E1,9.696365356E0,-2.736911011E1,-3.020758057E1,4.189970898E1
1.376504892E1,9.743682861E0,-2.740140915E1,-3.009228516E1,4.184880172E1
1.377509292E1,9.881908417E0,-2.742755508E1,-2.977014160E1,4.166754400E1
1.378513792E1,9.930089951E0,-2.745409012E1,-3.023748779E1,4.203140991E1
1.379518192E1,9.848310471E0,-2.749100494E1,-2.987200928E1,4.177417277E1
1.380522592E1,9.886175156E0,-2.749180603E1,-3.032513428E1,4.210878325E1
1.381526992E1,9.893699646E0,-2.757944107E1,-2.985577393E1,4.183154431E1
1.382531392E1,9.975690842E0,-2.763059235E1,-2.972875977E1,4.179429624E1
1.383535892E1,9.710319519E0,-2.761315536E1,-3.008593750E1,4.197547248E1
1.384540292E1,9.646461487E0,-2.757129669E1,-2.978094482E1,4.171492892E1
1.385544692E1,9.670478821E0,-2.750927734E1,-3.015399170E1,4.194689161E1
1.386549092E1,9.551420212E0,-2.749542618E1,-3.019848633E1,4.194254004E1
1.387553492E1,9.441907883E0,-2.742200089E1,-2.979968262E1,4.158289121E1
1.388557992E1,9.371540070E0,-2.744505310E1,-3.003753662E1,4.175296767E1
1.389562392E1,9.537117004E0,-2.752064514E1,-2.966357422E1,4.157246860E1
1.390566800E1,9.491533279E0,-2.749110794E1,-2.994561768E1,4.174434378E1
1.391571200E1,9.533521652E0,-2.758873749E1,-3.031091309E1,4.208061220E1
1.392575600E1,9.666791916E0,-2.762286758E1,-2.987396240E1,4.182013043E1
1.393580100E1,9.628856659E0,-2.757234573E1,-3.039105225E1,4.214932012E1
1.394584500E1,9.579286575E0,-2.756110001E1,-3.001574707E1,4.186074578E1
1.395588900E1,9.703683853E0,-2.757947922E1,-2.971264648E1,4.168489553E1
1.396593300E1,9.695589066E0,-2.753637314E1,-3.025769043E1,4.204502495E1
1.397597800E1,9.623619080E0,-2.748962402E1,-2.992578125E1,4.175938046E1
1.398602200E1,9.588857651E0,-2.754326630E1,-3.021557617E1,4.199474673E1
1.399606600E1,9.632015228E0,-2.750554657E1,-3.031768799E1,4.205345425E1
1.400611000E1,9.625457764E0,-2.738708115E1,-3.003088379E1,4.176787799E1
1.401615400E1,9.326097488E0,-2.734815598E1,-3.030712891E1,4.187385571E1
1.402619900E1,9.207155228E0,-2.726892090E1,-3.018658447E1,4.170846001E1
1.403624300E1,9.154867172E0,-2.724102020E1,-3.044165039E1,4.186381317E1
1.404628700E1,9.023271561E0,-2.718353271E1,-3.094885254E1,4.216865369E1
1.405633100E1,8.974868774E0,-2.717472458E1,-3.072528076E1,4.198876997E1
1.406637500E1,8.974376678E0,-2.703927994E1,-3.107073975E1,4.215510603E1
1.407642000E1,9.011188507E0,-2.690825272E1,-3.075573730E1,4.184699463E1
1.408646400E1,8.738636017E0,-2.688492203E1,-3.052539062E1,4.160483463E1
1.409650800E1,8.760629654E0,-2.681180573E1,-3.094433594E1,4.187091454E1
1.410655200E1,8.636405945E0,-2.674860764E1,-3.087933350E1,4.175654147E1
1.411659700E1,8.681097031E0,-2.671271133E1,-3.119689941E1,4.197829112E1
1.412664100E1,8.556318283E0,-2.674699020E1,-3.144360352E1,4.215818153E1
1.413668500E1,8.625894547E0,-2.677931976E1,-3.114312744E1,4.196942233E1
1.414672900E1,8.564088821E0,-2.672270966E1,-3.160070801E1,4.226170341E1
1.415677300E1,8.371427536E0,-2.664670181E1,-3.122918701E1,4.189737030E1
1.416681800E1,8.304924011E0,-2.661856461E1,-3.136517334E1,4.196777148E1
1.417686200E1,8.189390182E0,-2.656539536E1,-3.173223877E1,4.218674341E1
1.418690600E1,8.256248474E0,-2.666592789E1,-3.099163818E1,4.170993870E1
1.419695000E1,8.304367065E0,-2.658522797E1,-3.135522461E1,4.193908641E1
1.420699400E1,8.405803680E0,-2.659703445E1,-3.118591309E1,4.184042247E1
1.421703900E1,8.458614349E0,-2.660139084E1,-3.100061035E1,4.171594412E1
1.422708300E1,8.458614349E0,-2.660139084E1,-3.100061035E1,4.171594412E1
1.423712700E1,8.448211670E0,-2.654623032E1,-3.151379395E1,4.206178590E1
1.424717100E1,8.354188919E0,-2.664911270E1,-3.116619873E1,4.184853192E1
1.425721500E1,8.326829910E0,-2.658649063E1,-3.147186279E1,4.203160392E1
1.426726000E1,8.293258667E0,-2.665164185E1,-3.169781494E1,4.223552562E1
1.427730400E1,8.291694641E0,-2.662017822E1,-3.105511475E1,4.173495226E1
1.428734800E1,8.304384232E0,-2.665501785E1,-3.148388672E1,4.207954250E1
1.429739200E1,8.281623840E0,-2.675308990E1,-3.102233887E1,4.179352368E1
1.430743700E1,8.340303421E0,-2.678277969E1,-3.105413818E1,4.184778904E1
1.431748100E1,8.305316925E0,-2.690315247E1,-3.103137207E1,4.190112116E1
1.432752500E1,8.330192566E0,-2.687655640E1,-3.055548096E1,4.153767938E1
1.433756900E1,8.260358810E0,-2.688030624E1,-3.084484863E1,4.173953855E1
1.434761300E1,8.325170517E0,-2.687678909E1,-3.052355957E1,4.151334659E1
1.435765800E1,8.442939758E0,-2.698219681E1,-3.042297363E1,4.153166865E1
1.436770200E1,8.155153275E0,-2.686840820E1,-3.084753418E1,4.171316638E1
1.437774600E1,8.215297699E0,-2.691944122E1,-3.075799561E1,4.169174649E1
1.438779000E1,8.103355408E0,-2.695387650E1,-3.112548828E1,4.196393508E1
1.439783400E1,8.160537720E0,-2.687711334E1,-3.116760254E1,4.195703809E1
1.440787900E1,8.074028015E0,-2.690900421E1,-3.080609131E1,4.169292143E1
1.441792300E1,8.047758102E0,-2.681927872E1,-3.119421387E1,4.191800449E1
1.442796700E1,7.929832458E0,-2.695186234E1,-3.101599121E1,4.184825966E1
1.443801100E1,8.021793365E0,-2.687651825E1,-3.119403076E1,4.194954061E1
1.444805500E1,8.103342056E0,-2.695069885E1,-3.127075195E1,4.206975456E1
1.445810000E1,8.157201767E0,-2.709354401E1,-3.097674561E1,4.195424693E1
1.446814400E1,8.014884949E0,-2.701544952E1,-3.120831299E1,4.204796896E1
1.447818800E1,7.948192596E0,-2.712646484E1,-3.100695801E1,4.195772045E1
1.448823200E1,8.067407608E0,-2.711868668E1,-3.073278809E1,4.177332278E1
1.449827700E1,7.993717194E0,-2.697481537E1,-3.093328857E1,4.181397518E1
1.450832100E1,7.995777130E0,-2.702056503E1,-3.053717041E1,4.155192129E1
1.451836500E1,7.911752701E0,-2.698423386E1,-3.085943604E1,4.174984431E1
1.452840900E1,7.751443863E0,-2.708098984E1,-3.093243408E1,4.183635226E1
1.453845300E1,7.751983643E0,-2.712241364E1,-3.057446289E1,4.159947539E1
1.454849800E1,7.856304169E0,-2.701513290E1,-3.105676270E1,4.190538665E1
1.455854200E1,7.742078781E0,-2.715097809E1,-3.093609619E1,4.188266279E1
1.456858600E1,7.721010208E0,-2.708943558E1,-3.103668213E1,4.191332910E1
1.457863000E1,7.660400391E0,-2.700534058E1,-3.106158447E1,4.186636100E1
1.458867400E1,7.648466110E0,-2.704882431E1,-3.082000732E1,4.171343647E1
1.459871900E1,7.576473236E0,-2.714657593E1,-3.126312256E1,4.209183250E1
1.460876300E1,7.394754410E0,-2.722599411E1,-3.092840576E1,4.186291236E1
1.461880700E1,7.488731384E0,-2.718866730E1,-3.087835693E1,4.181838895E1
1.462885100E1,7.441261292E0,-2.699552917E1,-3.096099854E1,4.174583087E1
1.463889500E1,7.256324768E0,-2.705706787E1,-3.080706787E1,4.163909943E1
1.464894000E1,7.322784424E0,-2.698065186E1,-3.129302979E1,4.196227424E1
1.465898400E1,7.268474579E0,-2.698812485E1,-3.130749512E1,4.196842689E1
1.466902800E1,7.185981750E0,-2.711079788E1,-3.093859863E1,4.175919756E1
1.467907200E1,7.043804169E0,-2.700746918E1,-3.114489746E1,4.182132478E1
1.468911600E1,7.186126709E0,-2.712090683E1,-3.097692871E1,4.179418759E1
1.469916100E1,7.052614212E0,-2.711836624E1,-3.137005615E1,4.206216326E1
1.470920500E1,7.052614212E0,-2.711836624E1,-3.137005615E1,4.206216326E1
1.471924900E1,6.830535889E0,-2.706062698E1,-3.138470459E1,4.199920756E1
1.472929300E1,6.810731888E0,-2.705749130E1,-3.104528809E1,4.174091298E1
1.473933700E1,6.855745316E0,-2.714799881E1,-3.129510498E1,4.199284081E1
1.474938200E1,6.702665329E0,-2.708062363E1,-3.090826416E1,4.163660279E1
1.475942600E1,6.558725357E0,-2.713788223E1,-3.083612061E1,4.159745021E1
1.476947000E1,6.619779587E0,-2.710518646E1,-3.122375488E1,4.187404308E1
1.477951400E1,6.374738693E0,-2.714562988E1,-3.097033691E1,4.167354417E1
1.478955800E1,6.489738464E0,-2.710731888E1,-3.114093018E1,4.179331255E1
1.479960300E1,6.364885330E0,-2.711814880E1,-3.137005615E1,4.195218925E1
1.480964700E1,6.296123505E0,-2.713161469E1,-3.089849854E1,4.159907329E1
1.481969100E1,6.227931976E0,-2.711085129E1,-3.111029053E1,4.173290753E1
1.482973500E1,6.152252197E0,-2.733256149E1,-3.099078369E1,4.177735988E1
1.483978000E1,6.161445618E0,-2.731563950E1,-3.086450195E1,4.167403333E1
1.484982400E1,5.998430252E0,-2.736462784E1,-3.121484375E1,4.194246646E1
1.485986800E1,5.956258774E0,-2.738803482E1,-3.091406250E1,4.172841634E1
1.486991200E1,6.031301498E0,-2.728972626E1,-3.106250000E1,4.178498131E1
1.487995600E1,5.999662399E0,-2.742753983E1,-3.081695557E1,4.168873517E1
1.489000100E1,5.869466782E0,-2.735819244E1,-3.079772949E1,4.161035299E1
1.490004500E1,5.582490921E0,-2.729391861E1,-3.135357666E1,4.194244828E1
1.491008879E1,5.423563004E0,-2.726220322E1,-3.087554932E1,4.154446179E1
1.492013279E1,5.274229050E0,-2.729690170E1,-3.125347900E1,4.182963405E1
1.493017679E1,5.155359268E0,-2.738674927E1,-3.142108154E1,4.199876343E1
1.494022179E1,5.087459564E0,-2.747176743E1,-3.080883789E1,4.159044052E1
1.495026579E1,5.048015594E0,-2.741874695E1,-3.085388184E1,4.158403744E1
1.496030979E1,5.259923935E0,-2.751592636E1,-3.062738037E1,4.150698052E1
1.497035379E1,5.142642975E0,-2.752866364E1,-3.090069580E1,4.170284282E1
1.498039779E1,5.176834106E0,-2.761756516E1,-3.095617676E1,4.180687020E1
1.499044279E1,5.337291718E0,-2.771073532E1,-3.079919434E1,4.177274119E1
1.500048679E1,5.433584213E0,-2.771343994E1,-3.127404785E1,4.213816156E1
1.501053079E1,5.300798416E0,-2.780479050E1,-3.086218262E1,4.187695254E1
1.502057479E1,5.290065765E0,-2.774922562E1,-3.065997314E1,4.168978618E1
1.503061879E1,5.137943268E0,-2.761800766E1,-3.077416992E1,4.166776143E1
1.504066379E1,5.117418289E0,-2.773612595E1,-3.043365479E1,4.149322832E1
1.505070779E1,4.932336807E0,-2.767873764E1,-3.090582275E1,4.178050196E1
1.506075179E1,4.964859009E0,-2.783769226E1,-3.106774902E1,4.200942709E1
1.507079579E1,4.866506577E0,-2.786509705E1,-3.065588379E1,4.171246493E1
1.508083979E1,4.908464432E0,-2.787269974E1,-3.086187744E1,4.187404796E1
1.509088479E1,4.770639420E0,-2.794086456E1,-3.068902588E1,4.177639552E1
1.510092879E1,4.785709381E0,-2.803900528E1,-3.098712158E1,4.206293541E1
1.511097279E1,4.822168350E0,-2.795199203E1,-3.092443848E1,4.196293676E1
1.512101679E1,4.625905991E0,-2.807381821E1,-3.040844727E1,4.164387038E1
1.513106079E1,4.711956024E0,-2.816898727E1,-3.094274902E1,4.210876501E1
1.514110579E1,4.690511703E0,-2.798864746E1,-3.063061523E1,4.175643515E1
1.515114979E1,4.671419144E0,-2.809284973E1,-3.048364258E1,4.171669723E1
1.516119379E1,4.606851578E0,-2.809627914E1,-3.093994141E1,4.204645000E1
1.517123779E1,4.444242477E0,-2.800070190E1,-3.054174805E1,4.167240060E1
1.518128179E1,4.399393082E0,-2.805754089E1,-3.078686523E1,4.188569364E1
1.519132679E1,4.380329132E0,-2.826567459E1,-3.059936523E1,4.188623636E1
1.520137079E1,4.380329132E0,-2.826567459E1,-3.059936523E1,4.188623636E1
1.521141479E1,4.479845047E0,-2.825823212E1,-3.020043945E1,4.160124081E1
1.522145879E1,4.470462799E0,-2.832194901E1,-3.047064209E1,4.183990753E1
1.523150279E1,4.487049103E0,-2.829679108E1,-3.050567627E1,4.185018852E1
1.524154779E1,4.349031448E0,-2.822674179E1,-3.052838135E1,4.180484535E1
1.525159179E1,4.386795044E0,-2.834095383E1,-3.055206299E1,4.190324793E1
1.526163579E1,4.382926941E0,-2.837818527E1,-3.022271729E1,4.168865659E1
1.527167979E1,4.267501831E0,-2.834362411E1,-3.043267822E1,4.180574726E1
1.528172379E1,4.374223709E0,-2.845090485E1,-3.040222168E1,4.186744443E1
1.529176879E1,4.362724304E0,-2.837496185E1,-2.992388916E1,4.146819222E1
1.530181279E1,4.312938690E0,-2.831310272E1,-3.021697998E1,4.163290892E1
1.531185679E1,4.409828186E0,-2.840934753E1,-3.010552979E1,4.162788171E1
1.532190079E1,4.386043549E0,-2.845294189E1,-3.038055420E1,4.185433495E1
1.533194479E1,4.447324753E0,-2.846878815E1,-3.036993408E1,4.186386858E1
1.534198979E1,4.378408432E0,-2.846882248E1,-2.986163330E1,4.148929328E1
1.535203379E1,4.582452774E0,-2.844622421E1,-3.022039795E1,4.175474820E1
1.536207779E1,4.569129944E0,-2.861951065E1,-2.964135742E1,4.145555944E1
1.537212179E1,4.632471085E0,-2.860501862E1,-2.983856201E1,4.159382961E1
1.538216579E1,4.659755707E0,-2.872150421E1,-2.987579346E1,4.170373079E1
1.539221079E1,4.612253189E0,-2.880146408E1,-2.930389404E1,4.134628664E1
1.540225479E1,4.877801895E0,-2.891810989E1,-2.949517822E1,4.159345585E1
1.541229879E1,5.000078201E0,-2.897262573E1,-2.920965576E1,4.144415295E1
1.542234279E1,4.992765427E0,-2.907019806E1,-2.895916748E1,4.133566865E1
1.543238679E1,5.159608841E0,-2.913762665E1,-2.926501465E1,4.161807219E1
1.544243179E1,5.139982224E0,-2.918614960E1,-2.902423096E1,4.148079951E1
1.545247579E1,5.303594589E0,-2.921480560E1,-2.947601318E1,4.183859863E1
1.546251979E1,5.397274017E0,-2.937726212E1,-2.958300781E1,4.203936783E1
1.547256379E1,5.603372574E0,-2.938873672E1,-2.895959473E1,4.163836881E1
1.548260779E1,5.559408188E0,-2.953919601E1,-2.928472900E1,4.196506253E1
1.549265279E1,5.705221176E0,-2.953862381E1,-2.902447510E1,4.180310993E1
1.550269679E1,5.818014145E0,-2.951287460E1,-2.913391113E1,4.187653082E1
1.551274079E1,5.876270294E0,-2.955086136E1,-2.920269775E1,4.195928402E1
1.552278479E1,6.021244049E0,-2.954720688E1,-2.891009521E1,4.177423153E1
1.553282879E1,6.188825607E0,-2.967626572E1,-2.919165039E1,4.208485193E1
1.554287379E1,6.240068436E0,-2.974493408E1,-2.895098877E1,4.197450784E1
1.555291779E1,6.155775070E0,-2.967281723E1,-2.843725586E1,4.155775704E1
1.556296179E1,6.364742279E0,-2.980744171E1,-2.904821777E1,4.210454229E1
1.557300579E1,6.591024399E0,-2.987699890E1,-2.886676025E1,4.206383855E1
1.558304979E1,6.541091919E0,-2.991859436E1,-2.897473145E1,4.215973475E1
1.559309479E1,6.579877853E0,-2.983937073E1,-2.864349365E1,4.188236582E1
1.560313879E1,6.706157684E0,-2.995754242E1,-2.825177002E1,4.172037162E1
1.561318279E1,6.423460007E0,-2.983650589E1,-2.846929932E1,4.173702105E1
1.562322679E1,6.395517349E0,-2.981042099E1,-2.815740967E1,4.150185009E1